audit_item_id,packet_order,heading,passage_text,relevance_label,assessor_id,assessor_note,human_attestation
audit_d736bab61d76646c,1,Aggregate Intrinsic value,"As of June 30, 2021, there were unrecognized compensation costs of $290, which are expected to be recognized over a weighted average period of approximately 2.84 years. The weighted-average grant date fair value of options granted during the six months period ended June 30, 2021 was $1.46.",,,,
audit_2e6206f4ef9dc823,2,Pre-Closing Covenants and Agreements,"5.10 Proceedings Related to Company Options and Warrants . Prior to the Closing, and subject to the prior review of Buyer, the Company shall take all actions necessary to effect the transactions contemplated by Sections 1.5 , 1.6 and 1.7 under the Employee Benefit Plans (including the 102 Plan), all agreements evidencing Company Options, any agreement evidencing Warrants and any other plan, agreement or arrangement of the Company (whether written or oral, formal or informal), including delivering all required notices, adopting the required resolutions of the Board of Directors of the Company, such that at the Closing the Company shall not have any outstanding Equity Equivalents other than the Company Shares.",,,,
audit_5eab09c7229568b9,3,COVENANTS PENDING CLOSING,"l) except as required under Applicable Law or the terms of a Benefit Plan, (i) increase the compensation payable or to become payable (including bonus grants and retention payments) or increase or accelerate the vesting of any benefits provided, or pay or award any payment or benefit to any Company Employee or Business Employee, (ii) grant any discretionary severance or termination pay or retention payments or benefits to, or enter into or materially amend or terminate any severance, retention, change in control, or termination Contract with, any Business Employee or any directors or officers of the Company, (iii) establish, adopt, enter into, amend, waive or terminate any, bonus, profit-sharing, thrift, compensation, share option, restricted shares, pension, retirement, deferred compensation, termination, or severance plan or Contract for the benefit of any Company Employee or Business Employee or any directors or officers of the Company (or any beneficiary or dependent thereof), (iv) pay or make, or agree to pay or make, any accrual or other arrangement for, or fund or secure payment of, any severance, pension, indemnification, retirement allowance, or other benefit for the benefit of any Company Employee or Business Employee or any directors or officers of the Company (or any beneficiary or dependent thereof) under any Benefit Plan, (v) hire, elect or appoint any employee who would otherwise constitute, as",,,,
audit_4c77b402e13608eb,4,solely in its capacity as the Noteholders’ Representative,"“ Bonus Pool Earn-Out Advance ” means an amount equal to fifteen percent (15%) of the Earn-Out Advance, if any.",,,,
audit_88ecb10e8b79c5b3,5,Cautionary Note Regarding Forward-Looking Statements,"This press release contains “forward-looking statements” as that term is defined under the Private Securities Litigation Reform Act of 1995 and other securities laws. For these statements, Take-Two claims the protection of the safe harbor for forward-looking statements contained in Section 27A of the Securities Act of 1933 and Section 21E of the Securities Exchange Act of 1934. These statements are based on current expectations, estimates, or forecasts about our businesses, the industries in which Take-Two operates, and the current beliefs and assumptions of management of Zynga and Take-Two; they do not relate strictly to historical or current facts. Without limiting the foregoing, words or phrases such as “expect,” “anticipate,” “goal,” “project,” “intend,” “plan,” “believe,” “seek,” “may,” “could,” “aspire,” and variations of such words and similar expressions generally identify forward-looking statements. In addition, any statements that refer to predictions or projections of our future financial performance, anticipated growth, strategic objectives, performance drivers and trends in the businesses of Take-Two, and other characterizations of future events or circumstances are forward-looking statements. Readers are cautioned that these forward-looking statements are only predictions about future events, activities or developments and are subject to numerous risks, uncertainties, and assumptions that are difficult to predict, including: risks that the Combination disrupts the current plans and operations of Take-Two; the diversion of the management team Take-Two",,,,
audit_eac38ca28ae6899d,6,CASH FLOWS FROM OPERATING ACTIVITIES,Compensation expense related to acquisition,,,,
audit_f252cb0e9f11fd2d,7,Article 3 CAPITALIZATION; CAPITAL CONTRIBUTIONS,"(f) If the Board so determines, the Incentive Units or IncentiveCo Incentive Units issued to any Management Member shall become vested in accordance with the vesting schedule",,,,
audit_05f4236b3100866b,8,The Merger will involve substantial costs.,"In considering whether to approve the proposals at the Special Meeting, Zymergen stockholders should recognize that directors and officers of Zymergen have interests in the Merger that may differ from, or that are in addition, to their interests as stockholders of Zymergen. The Zymergen Board was aware of these interests at the time it approved the Merger Agreement. These interests may cause Zymergen’s directors and officers to view the Merger differently from how you may view it as a stockholder. For a description of the factors considered by the Zymergen Board in determining to approve the Merger, see “ The Merger—Interests of Zymergen’s Directors and Executive Officers in the Merger ” beginning on page 131 of this proxy statement/prospectus.",,,,
audit_1fcc407dd512b486,9,"19. DIRECTORS, EMPLOYEES AND WORKERS",20.12 No claims or complaints have been made in respect of the provision of (or failure to provide) any Relevant Benefits by the Company in relation to any of the Employees or any beneficiaries claiming by or through them and there is no fact or circumstance likely to give rise to such claims or complaints.,,,,
audit_04eb178286f79192,10,"GL54 4HA,","e. the entry by the Company into new employment agreements with each of the Seller, David Clack and George John Barry Vaudin; and",,,,
audit_bbcf51275fcb2505,11,TABLE OF CONTENTS ​,Executive Compensation and Director Compensation,,,,
audit_9713f8904b26cc4d,12,JOBY WS,"On January 7, 2022, the Compensation Committee (the “Committee”) of the Board of Directors (the “Board”) of Joby Aviation, Inc. (the “Company”) approved the grant of 265,604 restricted stock units (“RSUs”) under the Company’s 2021 Incentive Award Plan to Matthew Field, the Company’s Chief Financial Officer.",,,,
audit_d73efcd741dee562,13,2.4 Reports; Financial Statements; Internal Controls.,"(d) Since January 1, 2018, (i) none of the Company or any Company Subsidiary nor, to the knowledge of the Company, any director or officer of the Company or any Company Subsidiary has received or otherwise had or obtained knowledge of any material complaint, allegation, assertion or claim, whether written or oral, regarding accounting, internal accounting controls or auditing practices, procedures, methodologies or methods of the Company or any Company Subsidiary or any material complaint, allegation, assertion or claim from employees of the Company or any Company Subsidiary regarding questionable accounting or auditing matters with respect to the Company or any Company Subsidiary, and (ii) to the knowledge of the Company, no attorney representing the Company or any Company Subsidiary, whether or not employed by the Company or any Company Subsidiary, has reported evidence of a violation of securities laws, breach of fiduciary duty or similar violation by the Company, any Company Subsidiary or any of their respective officers, directors, employees or agents to the Company Board or any committee thereof, or to the Chief Legal, Administrative & Compliance Officer or Chief Executive Officer of the Company.",,,,
audit_3b9ca225b9ed14b1,14,TABLE OF CONTENTS,"For certain licenses, we are required to designate individual licensed brokers of record, qualified individuals and control persons. Certain licensed entities also are subject to routine examination and monitoring by the federal Consumer Financial Protection Bureau (for mortgage) and/or state licensing authorities. We cannot assure you that we, or our licensed personnel, are and will remain at all times, in full compliance with state and federal real estate, title insurance and escrow, property and casualty insurance, and mortgage licensing and consumer protection laws and regulations, and we may be subject to litigation, government investigations and enforcement actions, fines or other penalties in the event of any non-compliance. As a result of findings from examinations, we also may be required to take a number of corrective actions, including modifying business practices and making refunds of fees or money earned. In addition, adverse findings in one state may be relied on by another state to conduct investigations and impose remedies. If we apply for new licenses, we will become subject to additional licensing requirements, which we may not be in compliance with at all times. If in the future a state agency were to determine that we are required to obtain additional licenses in that state in order to operate our business, or if we lose or do not renew an",,,,
audit_4700d73d7e01eecf,15,Table of Contents,"Section 2 . None of (i) the Principal Stockholder or any of its Affiliates, (ii) the CP Sponsor or any of its Affiliates or (iii) any Non-Employee Director or his or her Affiliates (the Persons identified in (i), (ii) and (iii) above being referred to, collectively, as the “ Identified Persons ” and, individually, as an “ Identified Person ”) shall, to the fullest extent permitted by law, have any duty to refrain from directly or indirectly (1) engaging in the same or similar business activities or lines of business in which the Corporation or any of its Affiliates now engages or proposes to engage or (2) otherwise competing with the Corporation or any of its Affiliates, and, to the fullest extent permitted by law, no Identified Person shall be liable to the Corporation or its stockholders or to any Affiliate of the Corporation for breach of any fiduciary duty solely by reason of the fact that such Identified Person engages in any such activities. To the fullest extent permitted by law, the Corporation hereby renounces any interest or expectancy in, or right to be offered an opportunity to participate in, any business opportunity which may be a corporate opportunity for an Identified Person and the Corporation or any of its Affiliates, except as provided in Section 3 of this Article IX. Subject to Section",,,,
audit_0ea3191f000ab803,16,EMPLOYMENT AGREEMENT,"(i) With regard to any payment that is considered “non-qualified deferred compensation” under Code Section 409A payable on account of a “separation from service,” such payment shall be made on the date which is the earlier of (A) the expiration of the six (6)-month period measured from the date of such “separation from service” of Executive, and (B) the date of Executive’s death (the “ Delay Period ”) to the extent required under Code Section 409A. Upon the expiration of the Delay Period, all payments delayed pursuant to this Section 6 (whether otherwise payable in a single sum or in installments in the absence of such delay) shall be paid to Executive in a lump sum, and all remaining payments due under this Agreement shall be paid or provided for in accordance with the normal payment dates specified herein; and",,,,
audit_09f6e457a1cc6090,17,562M,"We use non-GAAP gross profit and non-GAAP loss from operations in conjunction with traditional GAAP measures to evaluate our financial performance. We believe that non-GAAP gross profit and non-GAAP loss from operations provides our management and investors consistency and comparability with our past financial performance and facilitates period-to-period comparisons of operations, as these metrics exclude stock-based compensation expense, employer tax related to employee stock transactions, amortization of acquired intangible assets expense, costs incurred in connection with the formation of Unity China, acquisition-related costs, restructuring charges, and a one-time expense for the termination of a future lease agreement , which we do not consider to be indicative of our overall operating performance.",,,,
audit_1aaa122af41e750d,18,ARTICLE III REPRESENTATIONS AND WARRANTIES OF THE SELLERS,"(l) waived or released any noncompetition, nonsolicitation, nondisclosure, noninterference, nondisparagement, or other restrictive covenant obligation of any Specified Employee;",,,,
audit_358ad884e519c9dc,19,YUCCA (JERSEY) SLP,By: Intertrust Employee Benefit Services Limited as Authorised Signatory of Yucca (Jersey) SLP in its capacity as Administrator of the Index Co-Investment Scheme,,,,
audit_edcbb9902d9428df,20,C.,"(d) No Reliance . The Company Stockholder has carefully read and understands the scope and effect of the provisions of this Agreement, the Merger Agreement and the other Transaction Documents to which the Company Holder is or shall become a party in connection with the Merger Agreement and the Merger. The Company Stockholder acknowledges that such Company Stockholder has conducted such investigation, if any, with respect to the Merger, the adequacy of the Total Consideration and the terms of this Agreement and the Merger Agreement as such Company Stockholder believes appropriate or desirable. The decision of the Company Stockholder to enter into this Agreement has been made by such Company Stockholder independently of any other Company Stockholder and independently of any information, materials, statements or opinions as to the terms and conditions of this Agreement or the Merger Agreement that have been made or given by the Company, any other Company Stockholder or any director, officer or employee of the Company Group, Parent, Merger Sub I, Merger Sub II or any of their respective Affiliates.",,,,
audit_258b3a793e6b1234,21,No Third Party Beneficiaries,"While the merger agreement is not intended to confer upon you or any person other than Zynga, Take-Two, Merger Sub 1 and Merger Sub 2 any rights or remedies, it provides limited exceptions, including, following the closing of the combination, the right of Zynga’s stockholders to receive the merger consideration and the rights of holders of Zynga equity awards to receive certain consideration or, following the termination of the merger agreement, the right of Zynga to seek damages on behalf of Zynga stockholders, which may include damages based on a decrease in share value or lost premium. Zynga’s directors and officers will continue to have indemnification and liability insurance coverage after the completion of the combination. Additionally, the merger agreement confers upon the financing sources certain rights, including the rights to enforce (i) the agreement by Zynga and Take-Two to submit to the jurisdiction of the courts of the State of Delaware and the Delaware Court of Chancery and in certain situations the Federal courts of the United States of America located in the State of Delaware in respect of the interpretation and enforcement of the provisions of the merger agreement and the documents referred to therein and (ii) the waiver by each of Zynga, Take-Two, Merger Sub 1 and Merger Sub 2 of a jury trial in any dispute",,,,
audit_b4c01714e9fd8eb8,22,TABLE OF CONTENTS,"Each of the foregoing three majorities needed for approval of the ironSource merger proposal must be achieved after excluding the votes of any shares of ironSource held by (a) Unity, Merger Sub or any person or entity holding, directly or indirectly, 25% or more of the voting power or the right to appoint the chief executive officer or 25% or more of the directors of Unity or Merger Sub; (b) a person or entity acting on behalf of Unity, Merger Sub or a person or entity described in clause (a) above; or (c) a family member of, or an entity controlled by Unity, Merger Sub or any of the foregoing) (we refer to each such person or entity described in (a) through (c) as a “Unity Affiliate”).",,,,
audit_aadc89ed768ab6cd,23,Table of Contents,"The above warrants are classified as liabilities in accordance with ASC 480, Distinguishing Liabilities from Equity , as the agreements provide for net cash settlement upon a change in control, which is outside the control of the Company. The warrants are required to be remeasured to fair value at each reporting period with any changes in fair value recorded within other (expense) income, net within the condensed consolidated statements of operations and comprehensive loss and the fair value reported as a liability in the condensed consolidated balance sheets.",,,,
audit_da12509dec1e6950,24,(B),Founder Trebia Warrant Transfer,,,,
audit_418ff3c2d395abf3,25,ARTICLE V CONDUCT OF COMPANY BUSINESS,"(b) (i) pay and perform all of its undisputed debts and other obligations (including Taxes) when due, (ii) use reasonable efforts consistent with past practice and policies to collect accounts receivable when due and not extend credit outside of the ordinary course of business consistent with past practice, (iii) sell the Company’s products and services consistent with past practice as to license, service and maintenance terms, incentive programs and revenue recognition and other terms and (iv) use its reasonable efforts consistent with past practice and policies to preserve intact its present business organizations, keep available the services of its present officers and key employees (other than termination for cause, provided that, to the extent reasonably practicable, the Company shall have provided reasonable notice to Purchaser prior to such termination, and shall in any event provide prompt notice to Purchaser immediately following any such termination) and preserve its relationships with customers, suppliers, distributors, licensors, licensees, and others having business dealings with it;",,,,
audit_c3d28db7f7bca6e5,26,RECITALS,"The Trebia Closing Statement and each component thereof shall be prepared and calculated in accordance with the definitions contained in this Agreement. From and after delivery of the Trebia Closing Statement until the Closing, Trebia shall (x) provide S1 Holdco, Protected and their respective Representatives with reasonable access at all reasonable times during normal business hours and upon reasonable prior notice to the Books and Records of the Trebia Parties and to senior management personnel of the Trebia Parties, in each case, to the extent reasonably requested by S1 Holdco, Protected and their respective Representatives in connection with their review of the Trebia Closing Statement, (y) cooperate with S1 Holdco, Protected and their respective Representatives in connection with their review of the Trebia Closing Statement and the components thereof and (z) consider in good faith any comments to the Trebia Closing Statement provided by S1 Holdco, Protected and their respective Representatives prior to the Closing Date; provided that, notwithstanding the foregoing, the Closing (in accordance with Section 4.01 ) shall not in any event be delayed as a result of the review of the Trebia Closing Statement",,,,
audit_7ccd807d27c8806f,27,Article III. REPRESENTATIONS AND WARRANTIES OF ATL and THE SELLERS,"a) ATL Disclosure Schedule 3.17(a) contains an accurate and complete list, as of the date hereof, of each material plan, program, policy, agreement, collective bargaining agreement or other arrangement providing for compensation, severance, deferred compensation, performance awards, stock or stock-based awards, fringe, retirement, death, disability or medical benefits or other employee benefits or remuneration of any kind, including each employment, severance, retention, change in control or consulting plan, program arrangement or agreement, in each case whether written or unwritten or otherwise, funded or unfunded, including each “employee benefit plan,” within the meaning of Section 3(3) of ERISA, whether or not subject to ERISA, which is or has, within the six (6) years prior to the Closing Date, been sponsored, maintained, contributed to, or required to be contributed to, by ATL for the benefit of any current or former employee, independent contractor, consultant or director of ATL (each, a “ ATL Employee ”), or with respect to which ATL has or may have any material Liability (collectively, the “ ATL Employee Plans ”).",,,,
audit_a61673252abcfc9c,28,,"2021 3D Systems, Inc. | All Rights Reserved.24 Presentation of Information 3D Systems reports is financial results in accordance with GAAP. To facilitate a better understanding of the impact that strategic acquisitions, non-recurring charges and certain non-cash expenses had on its financial results, management reviews certain non-GAAP measures, including non-GAAP Operating Income, non-GAAP Net Income (Loss), non-GAAP Basic and Diluted Income (Loss) per Share, non-GAAP Gross Profit, non-GAAP Gross Profit Margin, non-GAAP SG&A Expenses and non-GAAP Operating Expenses, each of which exclude the impact of amortization of intangibles, acquisition and severance expenses, stock-based compensation expense, litigation settlements and charges related to strategic decisions and portfolio realignment, and Adjusted EBITDA, defined as non-GAAP Operating Income plus depreciation, and Adjusted EBITDA Margins to better evaluate period-over-period performance. A reconciliation of GAAP to non-GAAP results is provided in the accompanying schedule. 3D Systems does not provide forward-looking guidance on a GAAP basis. The company is unable to provide a quantitative reconciliation of these forward-looking non-GAAP measures to the most directly comparable forward- looking GAAP measures without unreasonable effort because 3D Systems cannot reliably forecast legal, acquisition and divestiture expenses, restructuring expenses, product end of life adjustments and goodwill impairment, which are difficult to predict and estimate. These items are inherently uncertain and depend on various factors, many of which are beyond the",,,,
audit_fdc680393368855c,29,CF VI’S MANAGEMENT,"• reviewing and approving on an annual basis the corporate goals and objectives relevant to our Chief Executive Officer’s compensation, if any is paid by us, evaluating our Chief Executive Officer’s performance in light of such goals and objectives and determining and approving the remuneration (if any) of our Chief Executive Officer based on such evaluation;",,,,
audit_4d6843304f87f228,30,Table of Contents,"(ix) To the Knowledge of the Company, neither the Company nor any of its Subsidiaries has any direct or indirect material liability, whether absolute or contingent, with respect to any misclassification of any person as an independent contractor rather than as an employee, or with respect to any employee leased from another employer.",,,,
audit_b8342bf90f74a98d,31,ANNEXES,Annex 1 – Key Employees,,,,
audit_c74aade4f2773186,32,(E),"e) Repurchase and Conversion Rate Adjustment Notices . Counterparty shall, at least two Scheduled Trading Days prior to any day on which Counterparty effects any repurchase of Shares, give Dealer a written notice of such repurchase (a “ Repurchase Notice ”) if, following such repurchase, the Notice Percentage would reasonably be expected to be (i) greater than [_____] 52 % and (ii) greater by 0.50% than the Notice Percentage included in the immediately preceding Repurchase Notice (or, in the case of the first such Repurchase Notice, greater than the Notice Percentage as of the date hereof). The “ Notice Percentage ” as of any day is the fraction, expressed as a percentage, the numerator of which is the Number of Shares plus the number of Shares underlying any other convertible bond hedge transactions or similar call options sold by Dealer to Counterparty and the denominator of which is the number of Shares outstanding on such day. In the event that Counterparty fails to provide Dealer with a Repurchase Notice on the day and in the manner specified in this Section 8(e) then Counterparty agrees to indemnify and hold harmless Dealer, its affiliates and their respective directors, officers, employees, advisors, agents and controlling persons (Dealer and each such person being an “ Indemnified Party ”) from and against any and all commercially reasonable losses (including losses relating",,,,
audit_db012df36937d84e,33,Table of Contents,the amounts payable under the Deferred Compensation Plan that are disclosed in the table entitled “Nonqualified Deferred Compensation in 2020” above; or,,,,
audit_a4b8a30397e8f0f4,34,SUMMARY OF RISK ASSOCIATED WITH OUR BUSINESS,Janus’s management team has limited experience managing a public company.,,,,
audit_563e9e15edb246ed,35,COVENANTS OF PARENT AND THE COMPANY,"a) Except (w) as set forth in Section 5.1 (a) of the Company Disclosure Schedule, (x) as expressly required by this Agreement, (y) as required by applicable Law or (z) with the prior written consent of Parent (not to be unreasonably withheld, conditioned or delayed, it being understood and agreed that Parent may consider maximization of the current and long-term value of the Company, from Parent’s point of view, in granting, withholding or conditioning any such consent), during the period from the date hereof and continuing until the earlier of the termination of this Agreement in accordance with its terms and the Closing Date, the Company shall, and it shall cause its Subsidiaries to, use commercially reasonably efforts to (i) conduct the Business in the Ordinary Course or otherwise in a reasonable and prudent manner; (ii) preserve intact its present business organizations and keep available the services of its present officers and Employees, (iii) not act in bad faith, with gross negligence, or otherwise intentionally take material actions, that are substantially inconsistent with the long term value of the Company Group, (iv) preserve relationships with customers, suppliers, distributors, licensors and licensees, (v) perform and comply with its obligations under current customer agreements and other agreements with third parties, and (vi) maintain a minimum liquidity of $1,000,000 in",,,,
audit_12619e95d83f863d,36,DEFINITIONS,"“ Available Retention Bonus Pool ” means the amount of the Total Retention Bonus Pool that has not been allocated to a Retention Bonus Recipient as of Closing pursuant to Annex III , which amount is equal to $425,000.",,,,
audit_b4ef9a915f49daf7,37,Table of Contents,"the difficulties and challenges inherent in completing the combination and integrating the businesses, operations and workforce of Zynga with those of Take-Two, and the possibility of encountering difficulties in achieving expected Net Bookings growth and cost synergies;",,,,
audit_9a5dc32a7081ae2f,38,QUESTIONS AND ANSWERS ABOUT THE PROPOSALS,• the fact that Sponsor has agreed not to redeem any of the Founder Shares or CF VI Placement Shares in connection with a stockholder vote to approve a proposed initial business combination;,,,,
audit_f2a08738b3713186,39,"SHAREHOLDER REPRESENTATIVE SERVICES LLC,","provision of any Contract evidencing any outstanding Warrant; (iii) any provision of any Company Option Plan; (iv) any provision of any Contract evidencing any outstanding Relevant Company Option or (v) any other Contract or arrangement relating to compensation, benefits or the provision of services to or for the benefit of an Acquired Company;",,,,
audit_6a8fb2506a175716,40,Committees of the Board,"Under Companies Law, the board of directors of a public company must appoint a compensation committee. The duties of the compensation committee include the recommendation to the company’s board of directors of a policy regarding the terms of engagement of office holders, to which we refer as a compensation policy and which we are required to adopt under Companies Law. That policy must be adopted by the company’s board of directors, after considering the recommendations of the compensation committee, and will need to be brought for approval by the company’s shareholders, which approval, or a Special Approval for Compensation, requires that either:",,,,
audit_8b8bf311b9279931,41,Article VII COVENANTS AND AGREEMENTS,"(i) (A) make any loans, advances to, guarantees for the benefit of or any capital contributions to, or investments in, any other Person, make any change in existing borrowing or lending arrangements for or on behalf of such Persons, or enter into any “keep well” or similar agreement to maintain the financial condition of another entity, except for expense and travel advances in the ordinary course of business consistent with past practice to employees and other service providers of the Company or any of its Subsidiaries or (B) forgive any loans to any of the Company’s Affiliates or any of its or their directors, officers, employees of the Company or any of their respective Affiliates;",,,,
audit_e705975e26589c73,42,DEFINITIONS,"“ Net Working Capital ” means the current assets of the Company, as of the Reference Time (consisting solely of the line item current asset accounts specified in Exhibit E ), minus the current liabilities of the Company, as of the Reference Time (consisting solely of the line item current liability accounts specified in Exhibit E ). For the avoidance of doubt, Net Working Capital shall (a) be prepared and calculated in accordance with the Accounting Principles, (b) exclude as assets (but not the use thereof) all income Tax assets and include all current Tax liabilities, and (c) exclude all Cash, Indebtedness and Excluded Payroll Taxes.",,,,
audit_6240938bef200892,43,Section,"(i) such a corporate opportunity offered to any individual who is a director but not an officer or employee of the Company and who is also a director, officer or employee of Emerson shall belong to the Company only if such opportunity is expressly offered to such person solely in his or her capacity as a director of the Company and otherwise shall belong to Emerson; and",,,,
audit_b7b4ad3921882b91,44,Risks Relating to the Business of Acorn HoldCo and the Combined Group,"Following the settlement of the Offer, ADVA will be directly majority-owned by Acorn HoldCo and, thus, become a dependent company of Acorn HoldCo within the meaning of Section 17 AktG. The legal framework for this dependency between Acorn HoldCo and ADVA is, subject to other applicable law, set forth in Sections 311 et seq. AktG, which may prevent or impede the realization of synergies and cost reductions absent a DPLTA. As of July 6, 2022, Acorn HoldCo and ADVA agreed to enter into negotiations regarding the conclusion of a DPLTA with ADVA. Under German law, the conclusion of a DPLTA requires the approval by an extraordinary shareholders’ meeting of ADVA with a majority of at least 75% of the votes cast. If such approval is contested or the effectiveness of such agreement is delayed as a result of litigation or otherwise or does not occur, Acorn HoldCo may be unable to initiate any transactions or measures that are disadvantageous to ADVA, unless Acorn HoldCo provides adequate compensation to ADVA. If the disadvantage caused by any transaction or other measure cannot be assessed or compensated, Acorn HoldCo will be unable to initiate such transaction or measure, which may preclude Acorn HoldCo from implementing certain transactions related to the integration of ADVA into the Combined Group, including realizing synergies. The failure to",,,,
audit_4e41632488ee112c,45,AGREEMENT,"(viii) Employment and Non-Competition Agreement . An Employment and Non-Competition Agreement, in form and substance reasonably satisfactory to Buyer, duly executed by Buyer and Seller with respect to the Company and its business and operations for a period of two (2) years from the date Seller is no longer an employee of the Company, a form of which is attached hereto as Exhibit B and incorporated by reference herein (the “ Employment Agreement ”);",,,,
audit_c85ceaf6b4264a3e,46,Exhibit 1.1,"fiscal year of the Company and its subsidiaries compared to the amount of such contributions made in the most recently completed fiscal year of the Company and its subsidiaries; (ii) a material increase in the “ accumulated post-retirement benefit obligations ” (within the meaning of Statement of Financial Accounting Standards 106) of the Company and its subsidiaries compared to the amount of such obligations in the most recently completed fiscal year of the Company and its subsidiaries; (iii) any event or condition giving rise to a liability under Title IV of ERISA with respect to any Plan; or (iv) the filing of a claim by one or more employees or former employees of the Company or any of its subsidiaries related to their employment, except, in each case, with respect to the events or conditions set forth in (i) through (iv) of this sentence, as would not, individually or in the aggregate, have a Material Adverse Effect. For purposes of this paragraph, the term “ Plan ” means a plan (within the meaning of Section 3(3) of ERISA) subject to Title IV of ERISA sponsored, maintained or contributed to by the Company or any of its subsidiaries",,,,
audit_8ec25d6cec9050aa,47,PROPOSAL NO. 2 — ESPP PROPOSAL,"We are asking shareholders to approve the Bally’s Employee Stock Purchase Plan (the “ESPP”). The ESPP would offer employees of Bally’s and eligible subsidiaries the opportunity to purchase Bally’s common stock at a discounted price as an incentive for continued employment and to help align their interests with those of our shareholders. Shareholder approval of the ESPP is being sought in order to qualify shares issued under the ESPP for special tax treatment under Section 423 of the U.S. Internal Revenue Code (for purposes of this Proposal No. 2, the “Code”).",,,,
audit_129a08e5d5517044,48,Exhibit 99.2,"FIN A NCI A L RE V IEW | Q4 2021 SELECT P&L DATA Three Months Ended December 31, 2021 2020 (Unaudited) Revenues, net Cost of goods sold Gross profit $ 571,246 405,201 166,045 $ 194,121 148,511 45,610 Operating expenses: General and administration Sales and marketing Research and development 4,155,594 678,881 2,372,143 2,419,054 288,819 1,031,330 3,739,203 Total operating expenses 7,206,618 Operating loss SUPPLEMENTAL INFO: (7,040,573) (3,693,593) Depreciation expense 38,406 23,080 Amortization of Intangible Asset 714,125 6,688 Stock - based Compensation 1 , 298 , 51 7 1,628,392 Total 2,051,048 1,658,160  Revenue growth 194% YoY  OPEX, includes non - cash expenses of $2.1 million for Q4 2021 and $1.7 million for Q4 2020  P&L reflects preparation for larger commercial rollouts in 2022 for Ondas Networks and American Robotics Key Takeaways:",,,,
audit_f35cdfe0d3bafde3,49,CALIFORNIA LABOR CODE SECTION 2870,"(b) To the extent a provision in an employment agreement purports to require an employee to assign an invention otherwise excluded from being required to be assigned under subdivision (a), the provision is against the public policy of this state and is unenforceable.",,,,
audit_31f12ad169416999,50,ARTICLE I,"g) Notwithstanding anything to the contrary in this Agreement, if (i) Buyer Parent sells or otherwise transfers to any Person (other than any direct or indirect wholly owned Subsidiary of Buyer Parent), directly or indirectly, a material portion of the properties and assets of the Business, whether by way of merger, consolidation, business combination, asset sale or otherwise, including through a sale of equity interests in any entity that directly or indirectly holds any properties or assets of the Business, or a combination of any of the foregoing (such transactions, collectively, a “ Sale of the Business ”), then the Earn-Out Consideration shall be immediately due and payable in full at or immediately prior to the consummation of such transaction, or (ii) Buyer terminates the employment of Mr. Bensussen without Cause or Mr. Bensussen’s employment is terminated for Good Reason on or prior to the end of the Second Earn-Out Period, then the Earn-Out Consideration shall be immediately due and payable upon such termination. Notwithstanding the foregoing, none of following shall constitute a Sale of the Business for purposes of this Agreement: (A) the sale or other transfer of voting equity of Buyer Parent, directly or indirectly, by way of merger, consolidation, business combination or otherwise (including any such sale or other transfer that results in a sale of control of Buyer",,,,
audit_b3caa1fa4ffb9086,51,Description,"Employment Agreement, dated October 29, 2013, by and among Dell Inc., the Company and Michael S. Dell (incorporated by reference to Exhibit 10.7 to Amendment No. 3 to Dell Technologies Inc.’s 2016 Form S-4 filed with the Commission on April 11, 2016) (Registration No. 333-208524).",,,,
audit_76041f33c8ad27ea,52,Employees,"As of June 30, 2021, we had approximately 350 employees, of whom approximately 230 were in the U.S. Our team draws from a broad spectrum of backgrounds and experiences. As of June 30, 2021, more than 50% of our employees were in functions related to technology, product, data science and analysis. None of our employees are represented by a labor union.",,,,
audit_bac4d09c1470252f,53,ITEM 7. MANAGEMENT'S DISCUSSION AND ANALYSIS OF FINANCIAL CONDITION AND RESULTS OF OPERATIONS,• Long-Term Employee Benefits,,,,
audit_e65ced6dd52d1370,54,A-13,"“ Tax ” (and, with correlative meaning, “ Taxes ” and “ Taxable ”) means any net income, alternative or add-on minimum tax, gross income, estimated, gross receipts, sales, use, ad valorem, value added, transfer, franchise, fringe benefit, capital stock, profits, license, registration, withholding, payroll, social security (or equivalent), employment, unemployment, disability, excise, severance, stamp, occupation, premium, property (real, tangible or intangible), environmental or windfall profit tax, custom duty or other tax, governmental fee or other like assessment or charge of any kind whatsoever in the nature of a tax, together with any interest or any penalty, or addition to tax imposed with respect to such amounts by any Tax Authority, and including any liability for the payment of such amounts of another person under applicable Law or as a transferee or successor.",,,,
audit_72ba90ffdf1d8a89,55,Article 5 REPRESENTATIONS AND WARRANTIES OF TEMPRANILLO AND MERGER SUB,"(i) To the extent applicable, all Tempranillo Employee Plans maintained primarily for the benefit of Tempranillo Employees outside of the United States comply with Applicable Law, and all such plans that are intended to be funded or book-reserved are funded or book-reserved, as appropriate, based on reasonable actuarial assumptions.",,,,
audit_65f5b78ec2f13fd7,56,Expanded Ethernet Switching Portfolio,"Innovium Chief Technology Officer and Founder Puneet Agarwal, who has more than 20 years of experience in defining and architecting groundbreaking products, will join Marvell after close of the transaction. He will be joined by the talented team from Innovium who will continue to drive the cloud-optimized switch program within the combined company. Innovium CEO Rajiv Khemani will serve as an advisor to Marvell post close.",,,,
audit_f96bb5c92d7ddfc2,57,ARTICLE III REPRESENTATIONS AND WARRANTIES OF THE COMPANY,"(b) Except as would not reasonably be expected to have a Company Material Adverse Effect, the Company and its Subsidiaries are, and since October 1, 2018, have been, in compliance with all Applicable Laws respecting immigration, employment and employment practices, terms and conditions of employment, including, but not limited to, plant closures and layoffs, working time, wages and hours, calculation of holiday pay and the classification of employees as exempt or non-exempt from minimum wage and overtime pay under Applicable Laws and the classification of workers as employees or independent contractors.",,,,
audit_cc1d5d15254a265d,58,Table of Contents,"13. To the fullest extent permitted by the DGCL or any other law of the State of Delaware, as it exists or may hereafter be amended or modified from time to time, including to the extent that such law or amendment permits the Corporation to provide broader indemnification rights than permitted prior to such law or amendment, the Corporation is authorized to provide indemnification of (and advancement of expenses to) its current or former directors, officers, employees and agents of the Corporation (and any other persons to which DGCL permits the Corporation to provide indemnification) through Bylaw provisions, agreements with such persons, vote of stockholders or disinterested directors or otherwise.",,,,
audit_3c16c9aab451e2d4,59,Failure to comply with laws relating to employment could subject ChargePoint to penalties and other adverse consequences.,"ChargePoint is subject to various employment-related laws in the jurisdictions in which its employees are based. It faces risks if it fails to comply with applicable U.S. federal or state wage laws, or wage laws applicable to its employees outside of the United States. In addition, ChargePoint implemented a reduction in force and furloughed employees in 2020, and the attendant layoffs and/or furloughs could create an additional risk of claims being made on behalf of affected employees. Any violation of applicable wage laws or other labor- or employment-related laws could result in complaints by current or former employees, adverse media coverage, investigations and damages or penalties which could have a materially adverse effect on ChargePoint’s reputation, business, operating results and prospects. In addition, responding to any such proceeding may result in a significant diversion of management’s attention and resources, significant defense costs and other professional fees.",,,,
audit_ca215940420cce87,60,TABLE OF CONTENTS,"the officers, directors or employees of the Company, or class of such persons, in connection with the Transaction, whether relative to the Consideration to be paid to the holders (other than Entegris and its affiliates) of Shares pursuant to the Agreement or otherwise. We are not expressing any opinion as to the prices at which the Shares will trade at any time or, as to the potential effects of volatility in the credit, financial and stock markets on the Company, Entegris or the Transaction, or as to the impact of the Transaction on the solvency or viability of the Company or Entegris or the ability of the Company or Entegris to pay their respective obligations when they come due. Our opinion is necessarily based on economic, monetary, market and other conditions as in effect on, and the information made available to us as of, the date hereof and we assume no responsibility for updating, revising or reaffirming this opinion based on circumstances, developments or events occurring after the date hereof. Our advisory services and the opinion expressed herein are provided for the information and assistance of the Board of Directors of the Company in connection with its consideration of the Transaction and such opinion does not constitute a recommendation as to how any holder of Shares should vote with respect",,,,
audit_22962d5bfb856160,61,Other Matters,"Credit Suisse and its affiliates have in the past provided and currently are providing investment banking and other financial advice and services to AMD and its affiliates for which advice and services Credit Suisse and its affiliates have received and would expect to receive compensation, including among other things, during the past two years, having been and continuing to be a lender under AMD’s credit facility. Credit Suisse and its affiliates may in the future provide investment banking and other financial advice and services to AMD, Xilinx and their respective affiliates for which advice and services Credit Suisse and its affiliates would expect to receive compensation. In the two-year period prior to the date of its opinion, Credit Suisse has been paid approximately $1.5 million in fees for investment banking services from AMD and its subsidiaries in matters unrelated to the merger. Credit Suisse is a full service securities firm engaged in securities trading and brokerage activities as well as providing investment banking and other financial advice and services. In the ordinary course of business, Credit Suisse and its affiliates may acquire, hold or sell, for its and its affiliates’ own accounts and the accounts of customers, equity, debt and other securities and financial instruments (including bank loans and other obligations) of AMD, Xilinx and their respective affiliates, and",,,,
audit_5dfe77e70f659e27,62,STOCK OPTION GRANT NOTICE,"The Company has granted to the participant listed below (“ Participant ”) an option (the “ Option ”) to purchase up to the number of Shares set forth below in this Grant Notice, subject to the terms and conditions of this Grant Notice, and the Plan and the Stock Option Agreement attached as Exhibit A (the “ Agreement ”), both of which are incorporated into this Grant Notice by reference.",,,,
audit_8d42d9abbffe4dd1,63,W I T N E SS E T H :,“ Emerson U.S. Benefit Plan ” means each Emerson Assumed Benefit Plan and each Emerson Contributed Subsidiary Benefit Plan that covers Echo Business Employees located primarily within the U.S.,,,,
audit_ac7761b6c9df6d8c,64,Exclusive Forum,"Any person or entity purchasing or otherwise acquiring any interest in any shares of System1’s capital stock shall be deemed to have notice of and to have consented to the forum provisions in the System1 Charter. This choice-of-forum provision may limit a stockholder’s ability to bring a claim in a judicial forum that it finds favorable for disputes with System1 or its directors, officers, stockholders, agents or other employees, which may discourage such lawsuits.",,,,
audit_185707097bf4e6c7,65,"CIT BANK, N.A.,","“ Employee Benefit Plan ” means any employee benefit plan within the meaning of Section 3(3) of ERISA, whether or not subject to ERISA, (a) that is sponsored, maintained or contributed to by any Loan Party or ERISA Affiliate or (b) to which any Loan Party or ERISA Affiliate has any liability, contingent or otherwise.",,,,
audit_477eb073c1c734ca,66,ARTICLE 6 REPRESENTATIONS AND WARRANTIES,"(a) Each Plan is in compliance in all material respects with the applicable provisions of ERISA, the Code and other federal or state Laws. Each Plan that is intended to qualify under Section 401(a) of the Code has received from the IRS a favorable determination or opinion letter, which has not by its terms expired, that such Plan is so qualified, or such Plan is entitled to rely on an IRS advisory or opinion letter with respect to an IRS‐approved master and prototype or volume submitter plan, or a timely application for such a determination or opinion letter is currently being processed by the IRS with respect thereto; and, to the best knowledge of each Borrower, nothing has occurred which would prevent, or cause the loss of, such qualification. Each Borrower and each member of the ERISA Group have made all required contributions to each Pension Plan subject to Sections 412 or 430 of the Code, and no application for a funding waiver or an extension of any amortization period pursuant to Sections 412 or 430 of the Code has been made with respect to any Pension Plan.",,,,
audit_3af14a4326559919,67,3. REPRESENTATIONS AND WARRANTIES RELATING TO THE COMPANY,"Ukraine, Cuba, Iran, North Korea, Sudan, Syria or any other country, region or Person against which the United States maintains economic sanctions (“ Sanctioned Countries ”). No Acquired Company (i) has engaged in any export, reexport, transfer, service, transaction or other activities directly or indirectly with or involving Sanctioned Countries or any Person with whom transactions are prohibited or limited under any Legal Requirement relating to trade embargoes or sanctions, including those administered by the Office of Foreign Assets Control, the United Nations Security Council, the European Union, Her Majesty’s Treasury or any other sanctions authority; and (ii) is or is required to be registered under the U.S. International Traffic in Arms Regulations",,,,
audit_973820991da04843,68,MISCELLANEOUS,"10.5 Provisions for Foreign Participants . The Administrator may modify Awards granted to Participants who are foreign nationals or employed outside the United States or establish subplans or procedures under the Plan to address differences in laws, rules, regulations or customs of such foreign jurisdictions with respect to tax, securities, currency, employee benefit or other matters.",,,,
audit_43c297907435f0fa,69,ADDITIONAL AGREEMENTS,"s) maintained by Parent, and Parent’s defined contribution plans, except where credit would result in duplication of benefits. Without limiting the foregoing, to the extent that any Eligible Continuing Employee participates in any health or other group welfare benefit plan of Parent following the Effective Time, Parent shall use commercially reasonable efforts to cause (A) any pre-existing conditions or limitations, eligibility waiting periods or required physical examinations under any health or similar welfare plan of Parent to be waived with respect to the Eligible Continuing Employees and their eligible dependents, to the extent waived under the corresponding plan in which the Eligible Continuing Employee participated immediately prior to the Effective Time, and (B) any deductibles paid by Eligible Continuing Employee under the Company’s health plans in the plan year in which the Effective Time occurs to be credited towards deductibles under the health plans of Parent or any Subsidiary of Parent",,,,
audit_73837e73fde5fe01,70,A-13,"Taxes. “ Taxes ” shall mean any and all U.S. federal, state, local and non-U.S. taxes, assessments, levies, duties, tariffs, imposts and other similar charges and fees imposed by any Governmental Entity, including, without limitation, any income, franchise, windfall or other profits, gross receipts, premiums, property, sales, use, net worth, capital stock, payroll, employment, social security, workers’ compensation, unemployment compensation, excise, withholding, ad valorem, stamp, transfer, value-added, and license, registration and documentation fees, severance, occupation, environmental, disability, real property, personal property, registration, alternative or add-on minimum, or estimated tax, and including any interest, penalty, additions to tax and any additional amounts imposed with respect thereto, whether disputed or not.",,,,
audit_a83e028daf400e32,71,A-4,"Company Transaction Expense ” means any Expense, whether incurred prior to the date of the Agreement, during the Pre-Closing Period or at the Closing (and whether or not invoiced prior to the Closing), either incurred or borne by or on behalf of any Acquired Company prior to or at the Closing, or solely with respect to clause (d) below, to or for which any Acquired Company is or becomes subject or liable following the Closing, in each case in connection with the negotiation and execution of the Agreement or the consummation of any of the Contemplated Transactions, including: (a) any Expense paid or payable by any Acquired Company to legal counsel or to any financial advisor, investment banker, consultant, broker, accountant or other Person that performed services for or provided advice to any Acquired Company or any Representative of any Acquired Company, or who is otherwise entitled to any compensation or payment from any Acquired Company, in connection with any of the Contemplated Transactions; (b) any Expense described in Section 12.4 ; (c) any Expense relating to the D&O Tail (including any premium paid or payable for the D&O Tail); (d) any Expense that arises, or is triggered or becomes due or payable, as a direct or indirect result of, or in contemplation of, the consummation (whether alone or",,,,
audit_f0f45ab825bc3cc1,72,Policies and Procedures for Related Person Transactions,"any person who is, or at any time since the beginning of the Company’s last fiscal year was, a director or executive officer of the Company or a nominee to become a director of the Company;",,,,
audit_c0765f3fdfc266c7,73,"19. DIRECTORS, EMPLOYEES AND WORKERS","19.17 There are no incentive schemes or arrangements (including any share option or share award plan, commission, profit sharing, or bonus scheme) established by the Company or any other person in which any director, Employee or Worker (or former director, employee or worker) or any of their associates or nominees participates or has participated.",,,,
audit_bf3742f33c8fd586,74,NOTE 15 - COMMITMENTS AND CONTINGENT LIABILITIES,"Under the DWDP Separation and Distribution Agreement, liabilities, including cost and expenses, associated with litigation and environmental matters that primarily related to the materials science business, the agriculture business or the specialty products business were generally allocated to or retained by Dow, Corteva or the Company, respectively, through retention, assumption or indemnification. Further, under the Letter Agreement between Corteva and DuPont, DDOB liabilities of EID primarily related to EID’s agriculture business were allocated to or retained by Corteva and those primarily related to EID’s specialty products business were allocated to or retained by the Company. EID DDOB liabilities not primarily related to EID’s agriculture business or specialty products business (“Stray Liabilities”), are allocated as follows:",,,,
audit_057960ef9a359463,75,"Stanley Chia, Chief Executive Officer","In addition, the Chia Employment Agreement provides that upon termination of Mr. Chia’s employment by the Company without Cause (as defined below) or if Mr. Chia’s resignation for Good Reason (as defined below) (such termination, a “severance-qualifying termination”), Mr. Chia will be entitled to receive, subject to his execution and non-revocation of a release of claims, in addition to any accrued amounts, (i) continued payment of his annual base salary for a period of twelve months and (ii) a prorated annual bonus for the year in which termination occurs (determined at fifty percent (50%) achievement). Upon a severance-qualifying termination, in addition to subsections (i) and (ii) described above, Mr. Chia will also be entitled to receive up to twelve (12) months’ of Company-paid health insurance premiums as well as any unpaid bonus for a prior fiscal year.",,,,
audit_e00917e124efc4ca,76,Vesting,Vesting Percentage and related calculations (even if such member of the Peer Group ceases to be publicly traded upon or following its bankruptcy,,,,
audit_4f9d354df517d0aa,77,"Jon Wagner, Chief Technology Officer","harm the Company; (vi) fraud, gross negligence or repetitive negligence committed without regard to corrective direction in the course of discharge of Mr. Wagner’s duties as an employee; or (vii) excessive and unreasonable absences from Mr. Wagner’s duties for any reason (other than authorized leave or as a result of Mr. Wagner’s death or Disability (as defined in the Wagner Employment Agreement)), provided that, as to clauses (i), (ii), (iv), (vi), or (vii), an event will only constitute Cause after written notice has been given by the Company’s board of directors and has not been cured for a period of thirty (30) days after Mr. Wagner receives notice from the Company’s board of directors",,,,
audit_c27cdab979427e9c,78,APPENDIX CERTAIN DEFINITIONS,"“ Indebtedness ” means, without duplication, (i) any liability (A) for borrowed money, (B) arising out of any extension of credit (including reimbursement or payment obligations with respect to surety bonds, letters of credit, bankers’ acceptances and similar instruments) or for the deferred purchase price of property or other assets or services or arising under conditional sale or other title retention agreements, in each case other than trade payables arising in the ordinary course of business that are included in Closing Net Working Capital, (C) evidenced by notes, bonds, debentures or similar instruments, (D) in respect of leases of (or other agreements conveying the right to use) property or other assets which GAAP requires to be classified and accounted for as capital leases or (E) in respect of interest rate swap, cap or collar agreements or similar arrangements providing for the mitigation of interest rate risks either generally or under specific contingencies; (ii) any liability with respect to interest, late payment fees or penalties, prepayment premiums or penalties, service charges or other fees or amounts relating to the obligations described in clause (i) ; or (iii) any liability of the type described in the preceding clauses (i) or (ii) of another Person guarantied or secured by any asset or otherwise as to which any Liability exists.",,,,
audit_10150037191110c7,79,Table of Contents,"the applicable Company Stock Plan, and (B) has an exercise price that is equal or greater than the fair market value of the underlying share of Company Common Stock on the date of grant. Each Company RSU has at all times been exempt from the requirements of Section 409A of the Code and has otherwise complied with all other applicable Laws and all of the terms and conditions of the applicable Company Stock Plan. Section 3.8(c) of the Company Disclosure Letter sets forth, with respect to each Company Option and Company RSU, as of the Company Capitalization Date, (1) the name of the holder, (2) the grant date, (3) the type of award and the number of shares of Company Common Stock underlying such award, (4) the vesting schedule (including any accelerated vesting by reason of the transactions contemplated by this Agreement), (5) the exercise price, as applicable, and (6) the expiration date. The Company has the requisite power and authority, in accordance with the applicable Company Stock Plan, the applicable award agreements and any other applicable contract, to take the actions contemplated by Section 2.8 , including the treatment of Company Options and Company RSUs as described in Section 2.8",,,,
audit_769bd62cfabd91d5,80,ARTICLE 7 COVENANTS,7.6 Retention of Books and Records .,,,,
audit_0dbccbe964ca210e,81,Restricted Stock Awards,"During 2015, the Company entered into promissory notes to fund the purchase price of non-vested restricted stock awards (Note 15). The notes are accounted for as stock options using a Black-Scholes option pricing model, as they are collateralized solely by the shares of common stock issued. The Company has a history of not requiring repayment of the notes upon an employee’s termination from the",,,,
audit_5918ed97a8c7a645,82,EMPLOYMENT AGREEMENT,"(4) The Executive undertakes the obligation to disclose immediately and in completeness to the Company any copyright protectable Intellectual Property that should come into being in the course of the Executive’s employment under this Agreement. To that effect the Executive is further obliged to submit to the Company any data, files and other material supportive of and in general pertaining to the aforementioned copyright.",,,,
audit_675ada5bac91e2c1,83,Restricted Stock Awards,Company. The weighted average assumptions used in the Black-Scholes option pricing model used to determine the fair value of the restricted stock awards are as follows:,,,,
audit_f6cc0f13ad10f8cd,84,COVID-19,"We depend on various technology, software, products and services from third parties or available as open source, including for critical features and functionality of our platform, data centers and API technology, payment processing, payroll and other professional services. Identifying, negotiating, complying with and integrating with third-party terms and technology are complex, costly and time-consuming matters. Failure by third-party providers to maintain, support or secure their technology either generally or for our accounts specifically, or downtime, errors or defects in their products or services, could adversely impact our platform, our administrative obligations or other areas of our business. Having to replace any third-party providers or their technology, products or services could result in outages or difficulties in our ability to provide our services. In the event that these third-party providers experience any interruption in operations or cease business for any reason, or if we are unable to agree on satisfactory terms for continued hosting relationships, we would be forced to enter into a relationship with other service providers or assume some hosting responsibilities ourselves. In addition, even a disruption as brief as a few minutes could have a negative impact on our websites and could result in a loss of revenue. If we are unsuccessful in establishing or maintaining our relationships with our third-party providers or otherwise need to replace them",,,,
audit_329e58bf615335dc,85,REPRESENTATIONS AND WARRANTIES OF THE COMPANY,"interest in any property owned by the Company or its Subsidiaries or has engaged in any transaction with any of the foregoing within the last twelve (12) months, in each case, other than ordinary course employment arrangements and director reimbursement and indemnification obligations.",,,,
audit_82c79dfd60ef2dfa,86,5. COVENANTS OF THE PARTIES .,"5.3 Copy of Virtual Data Room and Electronic Files . On the Closing Date, the LLC Seller will deliver to the Purchaser, and shall retain a copy, on one or more USB electronic storage devices, a complete and accurate (as of the date of delivery) electronic copy of its virtual data room (“ VDR ”) hosted by Merrill DatasiteOne with respect to the transactions contemplated by this Agreement. Neither the Company nor any Seller makes any representation or warranty of any kind, express or implied, regarding the validity, accuracy or completeness of any information in such VDR or the electronic copy of such VDR except as expressly set forth in Sections 2 and 3 of this Agreement; provided, however, to the extent this Agreement or the Disclosure Schedules makes reference to an item that is provided in the VDR, the Purchaser shall be entitled to rely on the copy therein as a valid, true, accurate and complete copy thereof.",,,,
audit_069f1aee9053b5a4,87,[A],The following table summarizes the total share-based compensation expense that we recorded in operating income (loss) for the periods shown.,,,,
audit_6129437c71c6a975,88,BOARD OF DIRECTORS,"proposed nominee, if elected as a Director of the Corporation, will act or vote on any issue or question (a “Voting Commitment”) that has not been disclosed therein or (2) any Voting Commitment that could limit or interfere with such proposed nominee’s ability to comply, if elected as a Director of the Corporation, with such proposed nominee’s fiduciary duties under applicable law, (B) is not and will not become a party to any agreement, arrangement or understanding with any person or entity other than the Corporation with respect to any direct or indirect compensation, reimbursement or indemnification in connection with his or her service or action as a Director that has not been disclosed therein and (C) in such person’s individual capacity and on behalf of any person on whose behalf the nomination is being made, would be in compliance, if elected or re-elected as a Director, and will comply, with all applicable corporate governance, conflict of interest, confidentiality and other policies and guidelines of the Corporation applicable to Directors and in effect during such person’s term in office as a Director (and, if requested by any candidate for nomination, the Secretary of the Corporation shall provide to such candidate for nomination all such policies and guidelines then in effect). The Board of Directors may also require any proposed candidate",,,,
audit_106df5358d41264c,89,"PSGH, LLC,","and forecasts, financial and accounting information, accounts receivable aging, customer payment histories and customer account activity reports, costs, contracts, pricing information, employee information and compensation, all designs, forms, manuals, policies, computer programs, computer codes (including those designed or developed by the Company Service Provider during his or her employment or engagement with the Acquired Company), data stored in computer programs, spreadsheets, memorandum regarding the Acquired Company’s business and plans, analytics, electronically stored information of all such information, and any other information that is not readily available to the public and which the Acquired Company relies on to conduct its business and to formulate its business plans and has reasonable expectations that such information shall remain confidential, as well as any Trade Secrets as defined by applicable laws. No such Company Service Provider has any obligation to any other Person with respect to such Intellectual Property, Intellectual Property Rights or Company Product",,,,
audit_1242132a5f55c148,90,REPRESENTATIONS AND WARRANTIES OF ASPEN,Employee Benefits and Labor Matters,,,,
audit_155efb4820ba8497,91,Section 5.08 Non-competition; Non-solicitation.,"(b) During the Restricted Period, each of the Seller shall not, and each shall not permit any of its Affiliates to, directly or indirectly, hire or solicit any employee of the Company or encourage any such employee to leave such employment or hire any such employee who has left such employment, except pursuant to a general solicitation which is not directed specifically to any such employees.",,,,
audit_1ce3b01c1629b032,92,Total ($),"We currently reimburse our directors for their reasonable out-of-pocket expenses in connection with attending meetings of our Board and committees. We have granted equity awards to our non-employee directors as compensation for their services. All our non-employee directors hold RSUs. In August 2021, each of the non-employee directors elected effective as of the closing of the Business Combination, were granted (i) 12,397 RSUs, which vest on the earlier of (a) the date immediately preceding the date of the next annual stockholder meeting following the grant or (b) one year from the grant date and (ii) 20,661 RSUs, which vest with respect to one-third on August 24, 2022, and an additional one-third on the 12-month anniversary thereof each year until vested in full.",,,,
audit_fdfe23da04113243,93,DEFINITIONS,"Liabilities for off-balance sheet financing, including synthetic leases and project financing; (viii) any payroll or other employment Taxes of the Group Companies deferred pursuant to the CARES Act; (ix) all unpaid Taxes of the Group Companies for any Pre-Closing Tax Period (for the avoidance of doubt, after giving effect to Pre-Closing NOLs, and not including any Conveyance Taxes); (x) all Liabilities for guarantees of any liability of a third party of the type described in the foregoing clauses (i) through (ix); (xi) all interest, principal, prepayment penalties, fees or expenses to the extent payable in respect of those items listed in clauses (i) through (xi) of this definition; and (xii) all contribution expenses for the Company’s 401(k) plan accrued or required by GAAP to be accrued by the Company as of the Closing Date",,,,
audit_115aa00428313f17,94,Pro Forma Adjustments,"S&P Global and IHS Markit non-recurring retention bonuses of $67 million for the year ended December 31, 2020, which are directly attributable to the merger agreement. Severance and other integration related restructuring costs have not been reflected in these unaudited pro forma combined condensed financial statements given the preliminary nature of these anticipated actions.",,,,
audit_c61669898eedbf21,95,NOTES TO UNAUDITED CONDENSED CONSOLIDATED FINANCIAL STATEMENTS,"The Company is an “emerging growth company,” as defined in Section 2(a) of the Securities Act, as modified by the Jumpstart Our Business Startups Act of 2012 (the “JOBS” Act”), and it may take advantage of certain exemptions from various reporting requirements that are applicable to other public companies that are not emerging growth companies including, but not limited to, not being required to comply with the independent registered public accounting firm attestation requirements of Section 40 of the Sarbanes-Oxley Act, reduced disclosure obligations regarding executive compensation in its periodic reports and proxy statements, and exemptions from the requirements of holding a nonbinding advisory vote on executive compensation and stockholder approval of any golden parachute payments not previously approved.",,,,
audit_24d1f8b98c69e1f7,96,COVID-19,"Our organizational structure is commonly referred to as an umbrella partnership-C-corporation (“UP-C”) structure. This organizational structure allows our Pre-IPO OpCo Unitholders to retain their equity ownership in ZoomInfo OpCo, an entity that is classified as a partnership for U.S. federal income tax purposes, in the form of OpCo Units. Holders of shares of Class A common stock, upon (i) exchange of Pre-IPO Class P Units or (ii) settlement of HSKB Phantom Units, will, by contrast, hold their equity ownership in ZoomInfo Technologies Inc., a Delaware corporation that is a domestic corporation for U.S. federal income tax purposes, in the form of shares of Class A common stock. Pre-IPO Blocker Holders hold their equity ownership in ZoomInfo Technologies Inc. in the form of shares of Class C common stock. Pre-IPO HoldCo Unitholders hold their equity ownership in ZoomInfo HoldCo, an entity classified as a corporation for U.S. federal income tax purposes, in the form of HoldCo Units. We believe that our Pre-IPO OpCo Unitholders generally find it advantageous to continue to hold their equity interests in an entity that is not taxable as a corporation for U.S. federal income tax purposes. One of these benefits is that future taxable income of ZoomInfo OpCo that is allocated to our Pre-IPO OpCo Unitholders will be taxed on a flow-through",,,,
audit_21f364f050b009a5,97,AZPN,"(vi) any Contracts or other transactions with any (A) executive officer or director of Emerson who are Echo Business Employees, (B) record or, to the knowledge of Emerson, beneficial owner of five percent (5%) or more of the voting securities of Emerson, or (C) affiliates or “associates” (or members of any of their",,,,
audit_643d024f7bec8777,98,Table of Contents,"adversely affect the voting power or other rights of the holders of the Common Stock. The issuance of preferred stock, while providing flexibility in connection with possible acquisitions and other corporate purposes, could, among other things, have the effect of delaying, deferring or preventing a change in control of our company and may adversely affect the market price of our Common Stock and the voting and other rights of the holders of Common Stock. We have no current plan to issue any shares of preferred stock.",,,,
audit_b95871def55196c9,99,"173,024","In 2020, restructuring expenses including severance payments as well as related legal costs amounting to EUR 731 thousand have been recognized (2019: EUR 5,655 thousand; 2018: EUR 1,338 thousand). The allocation to functional areas in the consolidated income statement is included in note (32).",,,,
audit_e438df927a591b92,100,REPRESENTATIONS AND WARRANTIES OF THE COMPANY,"a) Union Activities . (i) No employee of the Company or any of its Subsidiaries is represented by a Union; (ii) neither the Company nor any of its Subsidiaries is party to, or otherwise subject to, any collective bargaining agreement, labor union contract, trade union agreement or other Contract with a Union (each, a “ Collective Bargaining Agreement ”); (iii) to the Knowledge of the Company, there are, and for the past three (3) years, have been no activities or proceedings of any Union to organize any employees of the Company or any of its Subsidiaries with regard to their employment with the Company or any of its Subsidiaries; (iv) no Collective Bargaining Agreement is currently being negotiated by the Company or any of its Subsidiaries; (v) there are no pending or, to the Knowledge of the Company, threatened organized labor disruptions or activities (including any strike, lockout, slowdown, or work stoppage, demand or petition for recognition, labor organizing effort or drive, handbilling, or picketing) against or affecting the Company or any of its Subsidiaries, and there have been no such disruptions or activities for the past three years; and (vi) there are and have been no Legal Proceedings pending or, to the Knowledge of the Company, threatened by or before any Governmental Authority against or affecting the Company or any of its",,,,
audit_41ebbd53d03047d0,101,CDOR,"Each Lender (such term to include the Issuing Bank for purposes of this Section 6.01(a), solely in the case of and with respect to (i) above) will notify the Company through the Administrative Agent of any event occurring after the Effective Date of this Agreement which will entitle such Lender to compensation pursuant to this Section 6.01(a) (an “ Additional Cost Event ”) as promptly as practicable after it obtains knowledge thereof and determines to request such compensation, provided , that the Company shall not be obligated to compensate such Lender for any such Additional Costs incurred more than 180 days prior to the time the Lender first notifies the Company of such Additional Cost Event (or such longer period if such Additional Cost Event is given retroactive effect). Each Lender will furnish the Company with a statement setting forth the calculations and the basis therefor, in each case in reasonable detail, and amount of each request by such Lender for compensation under this Section 6.01(a). If any Lender requests compensation from the Company under this Section 6.01(a), the Company may, by notice to such Lender through the Administrative Agent, suspend the obligation of such Lender to make additional Loans of the Type for which compensation is requested to the Company until the Regulatory Change",,,,
audit_3c8c20fc5e03893e,102,Table of Contents,"of Company Common Stock or any holder of a Company Restricted Stock Award or Company RSU Award or any participant in the Company ESPP, such amounts as Parent, the Surviving Corporation or the Exchange Agent are required to deduct and withhold with respect to the making of such payment under the Internal Revenue Code of 1986, as amended (the “ Code ”), or any provision of state, local or foreign tax Law. For the avoidance of doubt, withholding with respect to the total amount of consideration paid hereunder may be made (x) from the aggregate Per Share Cash Consideration or (y) in part from the aggregate Per Share Cash Consideration and in part from the aggregate Per Share Stock Consideration (valuing the Parent Common Stock based on the Average Parent Stock Price); provided , however , that to the extent withholding is made in part from the aggregate Per Share Cash Consideration and in part from the aggregate Per Share Stock Consideration, the withholding shall be made ratably from the aggregate Per Share Cash Consideration and the aggregate Per Share Stock Consideration, except as required by applicable Law. To the extent that amounts are so withheld and paid over to the appropriate Governmental Entity by Parent, the Surviving Corporation or the Exchange Agent, such withheld amounts shall be treated for all purposes of this",,,,
audit_f02ff30b1e2ec9b2,103,DEFINITIONS,"agreements, written or otherwise, (other than offer letters or employment agreements that are terminable “at-will”, without notice, severance or change in control pay or benefits, but including forms of such offer letters and employment agreements); and (vi) each other compensation or benefit plan, policy, agreement, program, arrangement or commitment, in each case, which is sponsored, maintained, administered or contributed to by the Company or any of its Subsidiaries and covers any current or former officer, director, employee, worker or other individual service provider of the Company or any of its Subsidiaries (or the spouse, beneficiary or dependent thereof), or with respect to which the Company or any of its Subsidiaries has or could have any liability (whether actual or contingent), including on account of an ERISA Affiliate.",,,,
audit_f5644af782de4543,104,REPRESENTATIONS AND WARRANTIES OF THE COMPANY,"(d) There are no Actions (including unfair labor practice charges, grievances or complaints) pending or, to the Knowledge of the Purchased Companies, threatened against any of the Purchased Companies brought by or on behalf of any Business Employee.",,,,
audit_c11cd5e3a2cca4f8,105,"Article V REPRESENTATIONS AND WARRANTIES OF PARENT, MERGER SUB I AND MERGER SUB II","c) Control of Defense; Exceptions, etc . The Indemnitee will be entitled to participate in the defense of such claim and to employ separate counsel of its choice for such purpose at its own expense; provided that notwithstanding the foregoing, the Indemnitor will bear the reasonable fees and expenses of such separate counsel incurred prior to the date upon which the Indemnitor effectively assumes control of such defense. The Indemnitor will not be entitled to assume control of the defense of any claim if: (i) the Indemnitee reasonably believes that an adverse determination of such proceeding could be materially detrimental to or materially injure the Indemnitee’s reputation or business; (ii) the Indemnitee reasonably believes that a conflict of interest exists which, under applicable principles of legal ethics, could prohibit a single legal counsel from representing both the Indemnitee and the Indemnitor in such proceeding, other than a conflict which may exist due to the underlying nature of the duty to indemnify or may be waived; (iii) such claim is not solely seeking monetary damages or seeks monetary damages in excess of amounts for which Indemnitors are liable hereunder in respect of such claim; (iv) in the case of Indemnifying Sellers as Indemnitors, such claim involves a customer, reseller, vendor, employee or contractor of the Company or any Company Subsidiary; (v) such",,,,
audit_39459f3dbabfdaf6,106,1. PURCHASE PRICE; CLOSING .,"(B) If the LLC Seller disagrees with the Purchaser’s Final Closing Statement or Final Closing Balance Sheet, then the LLC Seller shall deliver written notice (an “ Objection Notice ”) of such disagreement to Purchaser on or before the thirtieth (30 th ) day following the LLC Seller’s receipt of the Final Closing Balance Sheet, Final Closing Statement, and all information subsequently requested by the LLC Seller as specified above in Section 1.3(b)(ii)(A) . If the LLC Seller delivered an Objection Notice to the Purchaser, then the Purchaser and the LLC Seller will endeavor to resolve any disagreements noted in the Objection Notice in good faith as soon as practicable after the delivery of such notice, but if they do not obtain a final resolution within thirty (30) days after the Purchaser has received the Objection Notice, unless mutually extended by the parties in writing, then either the Purchaser or the LLC Seller may thereafter commence the process to jointly retain the Firm and each party must proceed with the Dispute Resolution Procedure in accordance with the terms of this Agreement.",,,,
audit_b4146326912e80fe,107,DEFINITIONS,“ Benefit Plan ” has the meaning set forth in Section 4.19(a) .,,,,
audit_cfff801be98d8305,108,Table of Contents,"any other terms, aspects or implications of the merger, including, without limitation, the form or structure of the merger, any consequences of the merger on RigNet, its stockholders, creditors or any other constituency or otherwise, or any terms, aspects or implications of any voting, support, stockholder or other agreements, arrangements or understandings contemplated or entered into in connection with the merger or otherwise. Stifel’s opinion also does not consider, address or include: (a) any other strategic alternatives currently (or which have been or may be) contemplated by the RigNet board of directors or RigNet; (b) the legal, tax or accounting consequences of the merger on RigNet or the holders of RigNet’s securities; (c) the fairness of the amount or nature of any compensation to any of RigNet’s officers, directors or employees, or class of such persons, relative to the compensation to the holders of RigNet’s securities; (d) the effect of the merger on, or the fairness of the consideration to be received by, holders of any class of securities of RigNet (other than the RigNet common stock), including holders of RigNet Options or RigNet RSUs, or any class of securities of any other party to any transaction contemplated by the merger agreement; or (e) whether Viasat has sufficient cash, available lines of credit or other sources of funds to enable",,,,
audit_a634bf1a0a4606d2,109,Table of Contents,"(g) Nothing in this Section 4.11 or elsewhere in this Agreement, expressed or implied, shall be construed to create a right in any employee of the Company or any of its Subsidiaries to employment with Parent, the Surviving Corporation or any of their Subsidiaries or shall interfere with or restrict in any way the rights of Parent or any of its Affiliates, which rights are hereby expressly reserved, to discharge or terminate the services of any Continuing Employee at any time for any reason whatsoever, with or without cause, except to the extent expressly provided otherwise in a written agreement between Parent, the Company or any of their respective Affiliates and the Continuing Employee. Nothing in this Agreement shall be deemed to amend or modify any compensation or benefit arrangement of Parent, the Company or their respective Affiliates. Nothing herein shall be construed to limit the right of Parent, the Surviving Corporation or any of their Subsidiaries to amend or terminate any Parent Plan, any Company Plan or any other employee benefit plan. Notwithstanding any provision in this Agreement to the contrary, nothing in this Section 4.11 shall create any third party rights, benefits or",,,,
audit_b540132493ee16fc,110,Founder Shares,"Pursuant to the Founders Stock Letter, the Initial Stockholders, (a) subject to the satisfaction of the conditions to the closing of the Merger set forth in the Merger Agreement, immediately prior to the closing, surrendered to Switchback, for no consideration and as a capital contribution to Switchback, 984,706 Founder Shares held by them (on a pro rata basis), whereupon such Founder Shares were immediately cancelled and (b) upon and subject to the closing, subjected the 900,000 Founder Earn Back Shares (including any Common Stock issued in exchange therefor in the Merger) held by them (on a pro rata basis) to potential forfeiture if the closing volume-weighted average closing sale price of one share of Common Stock quoted on the NYSE does not satisfy the price target set forth in the Founders Stock Letter for any ten trading days within any 20 consecutive trading day period within the five-year period following the closing.",,,,
audit_3a74e975e816c861,111,Background of the Business Combination,"In evaluating potential businesses and assets to acquire, Trebia, together with its advisory partners, generally surveyed the landscape of potential acquisition opportunities based on its knowledge of, and familiarity with, the M&A marketplace. In general, Trebia looks for acquisition targets that are (i) of a size relevant to the public marketplace, which Trebia generally views as companies with an enterprise value of at least $1 billion, and (ii) positioned, operationally and financially, to be successful as a public company. Trebia further looks for those transactions that it believes that, if entered into, would be well-received by the public markets and Trebia Shareholders. In particular, Trebia generally seeks to identify companies that (a) have an existing strong management team, (b) have an attractive platform with a defensible market position, (c) are positioned for both organic and in-organic growth, and (d) generate significant cash flow. Trebia also seeks to identify companies that it believes would benefit from the expertise of Trebia’s operating partners and from being a publicly-held entity, particularly with respect to access to capital for both organic growth and for use in acquisitions. Trebia generally applies these criteria when evaluating potential targets.",,,,
audit_353651a08e26d9b9,112,RESULTS FOR 2020 FOURTH QUARTER AND FULL YEAR,"SG&A expenses decreased 7.5% driven by lower employee compensation expenses, sales commissions, travel and entertainment and trade and barter expenses. The decrease in SG&A expenses was partially offset by higher bad debt expense.",,,,
audit_82d6b01465cc6772,113,"Emerson and AspenTech Complete Transaction, Creating New AspenTech","“I am excited to announce the close of our transaction with AspenTech, which accelerates Emerson’s software strategy and creates an enhanced, high-performance, leading industrial software company with immediate scale and relevancy in a fast-paced, evolving market,” said Lal Karsanbhai, President and Chief Executive Officer of Emerson. “Today marks a significant milestone for Emerson and is a testament to our commitment to continue building a higher growth, more diversified portfolio. Together with new AspenTech, we expect to realize significant revenue and cost synergies, while having the platform and flexibility to strategically deploy capital for growth through continued investment and M&A.”",,,,
audit_cb6673a9c537f840,114,Promissory Note Issued to Alexander Bafer,"In July 2015, we issued convertible promissory notes to Mr. Bafer, former director, Executive Chairman and Chief Executive Officer, in exchange for the cancellation of previously issued promissory notes in the aggregate of $530,000 and accrued interest of $13,000 for a total of $543,000. In October 2015, the notes matured and became past due. As a result, the stated interest of 5% increased to 22% pursuant to the term of the notes. In July 2016, the Company and Mr. Bafer agreed to extend the maturity date of these notes to August 1, 2017 and cure the default. There were no other terms changed and no additional compensation paid. On May 22, 2019, PEC issued a non-convertible promissory note, or the Replacement Note, to replace the convertible promissory notes. The note has a principal balance of $264,365, accrues interest at a rate of 8% per annum and matured on August 31, 2019. During the year ended December 31, 2019, Mr. Bafer was repaid $258,850 of the principal balance and approximately $46,160 of interest. As part of this transaction, the Company and Mr. Bafer agreed to transfer approx. $124,000 from his note balance to accrued payroll. The Company and Mr. Bafer executed a separation and settlement agreement and release on August 1, 2020, pursuant to",,,,
audit_39695f7af58588c0,115,V,"“ Overnight Rate ” means, for any day, (a) with respect to any amount denominated in dollars, the NYFRB Rate and (b) with respect to any amount denominated in a Foreign Currency, an overnight rate determined by the Administrative Agent or the relevant Issuing Lender, as the case may be, in accordance with banking industry rules on interbank compensation.",,,,
audit_09efda6bf6ac7cc3,116,3E USA,"consummation of the transactions contemplated by this Agreement and (z) pay all related fees and expenses of Buyer and its Affiliates and its directors, managers, officers, general or limited partners, employees, counsel, financial advisors, auditors, agents and other authorized representatives (the “ Funding Obligations ”). Buyer has fully paid, or caused to be paid, any and all commitment fees and any and all other fees and expenses, in each case as are required to be paid on or prior to the date hereof pursuant to the terms of the Financing Commitment Letters.",,,,
audit_0ccf985373e3e11f,117,XILINX PROPOSAL 2: ADVISORY NON-BINDING VOTE ON MERGER-RELATED COMPENSATION FOR NAMED EXECUTIVE OFFICERS,"“RESOLVED, that the compensation that may be paid or become payable to Xilinx named executive officers that is based on or otherwise relates to the merger, as disclosed pursuant to Item 402(t) of Regulation S-K under the heading “Interests of Xilinx Directors and Executive Officers in the Merger—Quantification of Payments and Benefits to Xilinx Named Executive Officers—Golden Parachute Compensation,” including the associated narrative discussion and the agreements, plans, arrangements or understandings pursuant to which such compensation may be paid or become payable, are hereby APPROVED.”",,,,
audit_9c844c5785fe50cd,118,"19. DIRECTORS, EMPLOYEES AND WORKERS","20.1 Save for the Pension Scheme, the Company does not have (nor may it have) any obligation (whether or not legally binding) to provide or contribute towards pension, lump sum, death, ill-health, disability or accident benefits (“ Relevant Benefits ”) in respect of its current or former officers or employees and no proposal or announcement has been made to any employee or officer of the Company about the introduction, continuance, increase or improvement of, or the payment of a contribution towards, any Relevant Benefits.",,,,
audit_6a371249d51c1a9d,119,TABLE OF CONTENTS,"Later on May 9, 2022, DSAC, FiscalNote and Grassroots Merger Sub Inc. entered into the First Amendment, pursuant to which, among other matters, the Bonus Shares provision was added, an additional earnout tranche with a $10.50 per share Triggering Event was added, the earnout structure was expanded and the Termination Date was extended to August 7, 2022. The respective parties to the Sponsor Agreement, the Backstop Agreement and the Subscription Agreements also entered into amendments thereto (or, in",,,,
audit_9d3dad83247df92b,120,Table of Contents,"2.4 Payments with Respect to Equity-Based Awards . Notwithstanding anything in this Agreement to the contrary, all amounts payable pursuant to this Article II in respect of each Equity-Based Award and each Common Unit that was granted as compensation and, in each case, with respect to which Surviving LLC 1 or Surviving LLC 2 or any of their respective Subsidiaries has a Tax withholding obligation, other than the Equity-Based Awards covered by Section 2.3(c), shall be paid promptly after the Effective Time (but in any event, no later than the first payroll date that occurs more than five business days after the Effective Time), by Surviving LLC 1 or Surviving LLC 2 or any of their applicable Subsidiaries through their payroll systems, less applicable Tax withholdings, to the holders of the Equity-Based Awards, and all amounts payable pursuant to this Article II in respect of all other Equity-Based Awards, other than the Equity-Based Awards covered by Section 2.3(c), shall be paid in accordance with Section 2.2; provided , however , that to the extent any such payment would cause an impermissible acceleration event under Section 409A of the Code (“ Section 409A ”), such amounts shall be paid at the earliest time such payment would not cause an impermissible acceleration event under Section 409A.",,,,
audit_4d4d73424eb532e0,121,2015 EQUITY INCENTIVE PLAN,"(A) granted to an Employee who, at the time of the grant of such Incentive Stock Option owns stock representing more than ten percent (10%) of the voting power of all classes of stock of the Company or any Parent or Subsidiary of the Company, the per Share exercise price shall be not less than one hundred ten percent (110%) of the Fair Market Value per Share on the date of grant; or",,,,
audit_969d0201af7d6a9c,122,III,"of fines, penalties, taxes or related charges under Chapter 43 of the Code or under Sections 409, 502(c), (i) or (1) or 4071 of ERISA; (o) the assertion of a material claim (other than routine claims for benefits) against any Plan or the assets thereof, or against any Group Member in connection with any such Plan; (p) receipt from the IRS of notice of the failure of any Qualified Plan to qualify under Section 401(a) of the Code, or the failure of any trust forming part of any Qualified Plan to qualify for exemption from taxation under Section 501(a) of the Code; (q) the imposition of any lien (or the fulfillment of the conditions for the imposition of any lien) on any of the rights, properties or assets of any Loan Party or any ERISA Affiliate thereof, in either case pursuant to Title I or IV of ERISA, including Section 302(f) or 303(k) of ERISA or to Section 401(a)(29) or 430(k) of the Code; (r) noncompliance with any requirement of Section 409A or 457 of the Code; or (s) the establishment or amendment by any Group Member of any “welfare plan” as such term is defined in Section 3(1) of ERISA, that provides post-employment welfare benefits in a manner that would",,,,
audit_90ee942b1efeb6ca,123,III,Company Vested RSU,,,,
audit_89d0bcc6ef80ff58,124,DEFINITIONS,“ Continuing Employee ” has the meaning set forth in Section 5.08 .,,,,
audit_da255e4528da96d7,125,Background of the Transactions,"As part of their ongoing review of GreenSky’s business, the GreenSky board and senior management team periodically review and evaluate GreenSky’s business and long-term strategy, competitive position, prospects and opportunities to increase stockholder value. These reviews have included considering the continued execution of GreenSky’s strategy as a stand-alone company, changes to GreenSky’s funding model and relationships with its bank funding partners and the possible sale of GreenSky to a third party.",,,,
audit_2b1c6095d17091b3,126,CREDIT AGREEMENT,"such compensation from, borrowers (similarly situated to the Borrower hereunder) under comparable syndicated credit facilities similar to the Credit Facilities. Each Lender, upon determining in good faith that any additional amounts will be payable pursuant to this Section 2.10(c) , will give prompt written notice thereof to the Borrower, which notice shall set forth in reasonable detail the basis of the calculation of such additional amounts, although the failure to give any such notice shall not, subject to Section 2.13 , release or diminish the Borrower’s obligations to pay additional amounts pursuant to this Section 2.10(c) promptly following receipt of such notice",,,,
audit_e1b85c1e106acb9c,127,CERTAIN BENEFICIAL OWNERS OF ZYNGA COMMON STOCK,each named executive officer of Zynga;,,,,
audit_a32aa858ddbc9fda,128,ADDITIONAL COVENANTS,"6.15 No Employment Discussions . Except as approved or permitted by the Company Board (or a committee thereof), at all times during the period commencing with the execution and delivery of this Agreement and continuing until the earlier to occur of the termination of this Agreement pursuant to Article VIII and the Effective Time, Parent and Merger Sub will not, and will not permit any of their Representatives to authorize, make or enter into, or commit or agree to enter into, any formal or informal arrangements or other understandings (whether or not binding) with any executive officer of the Company (i) regarding any continuing employment or consulting relationship with the Surviving Corporation, Parent or its Affiliates from and after the Effective Time; (ii) pursuant to which any such individual would be entitled to receive consideration of a different amount or nature than the Merger Consideration in respect of such holder’s shares of Company Common Stock; or (iii) pursuant to which such individual would agree to provide, directly or indirectly, equity investment to Parent, Merger Sub or the Company to finance any portion of the Merger.",,,,
audit_13bf9a3a51df5006,129,Ticking Fee,"“ Pension Plan ” means any employee pension benefit plan (including a Multiple Employer Plan or a Multiemployer Plan) that is maintained or is contributed to by the Company or any ERISA Affiliate, or has been maintained or contributed to by the Company or any ERISA Affiliate in the past six plan years, and is either covered by Title IV of ERISA or is subject to minimum funding standards under Section 412 of the Internal Revenue Code.",,,,
audit_f71923a9d3a8c863,130,TABLE OF CONTENTS,"New FiscalNote will reserve approximately 9% and 2% of the number of outstanding shares of New FiscalNote common stock, on a fully diluted, as converted and as-exercised basis (with such total pool of awards to be inclusive of shares reserved for issuance upon the exercise of options to purchase shares of New FiscalNote Common Stock issued in the Merger in respect of vested Converted Options), immediately following the Business Combination pursuant to the 2021 Plan and the ESPP and expects to grant equity awards under each of the 2021 Plan and the ESPP. The granted awards, when vested and settled or exercisable, may result in the issuance of additional shares up to the amount of the share reserve under the 2021 Plan and the ESPP, respectively. Further, the 2021 Plan and ESPP provide for an annual “evergreen” increase not more than 3% of the outstanding shares of New FiscalNote Common Stock for a period of five years following the closing of the Business Combination.",,,,
audit_04bd82d58e508ee0,131,Eduard Scheiterer,"With respect to the time-based RSUs granted to each NEO, the value shown in this column is the grant date fair value of the full award. With respect to the performance-based PSUs granted to each NEO on March 6, 2020 pursuant to the 2020 Overlay Plan, the value shown in this column is the grant date fair value of the target award (calculated by multiplying the target number of performance-based PSUs by $7.87, which is based on the probable outcome of the performance conditions as of the date of grant). With respect to the market-based PSUs granted to each NEO on November 16, 2020, the value shown in this column is the grant date fair value of the target award (calculated by multiplying the target number of market-based PSUs by $14.43, which is based on the probable outcome of the performance conditions as of the date of grant, taking into account a Monte Carlo simulation applicable to the market-based performance metric). For a description of the assumptions used to determine these amounts, see the Stock-Based Compensation note to the consolidated financial statements in our Annual Report on Form 10-K for the fiscal year ended December 31, 2020. There can be no assurance that the grant date fair value will ever be realized.",,,,
audit_44f850aaa1030548,132,TABLE OF CONTENTS,"Further, each outstanding option to purchase shares of Livongo common stock whether vested or unvested, will be converted into an option to purchase a number of shares of Teladoc common stock equal to the number of shares of Livongo common stock subject to the award multiplied by the ratio, which is referred to as the equity award adjustment ratio, determined by dividing (i) the volume weighted average closing price of Livongo common stock on the four trading days ending on the trading day immediately prior to the trading day on which the Livongo common stock trades ex-dividend with respect to the special dividend, or if the Livongo common stock never trades ex-dividend, on the last complete trading day prior to the effective time of the merger by (ii) the volume weighted average closing price of Teladoc common stock on the four trading days beginning on the trading day prior to the effective time (rounded down to the nearest whole share of Teladoc common stock), with an exercise price equal to the quotient of (x) the exercise price of such Livongo stock option and (y) the equity award adjustment ratio (rounded up to the nearest whole cent). The other terms and conditions of the stock options so converted will remain the same (including applicable vesting conditions).",,,,
audit_465e62f154e0fc43,133,J.,"such employee, contractor or other service provider was also performing services for the Company",,,,
audit_c94010e5ac0d53b2,134,Employee Benefit and Equity Compensation Plans and Arrangements,"The following table contains information about Rocket Lab’s equity compensation plans as of December 31, 2020.",,,,
audit_4324354c7b0bb51d,135,(PRSUs),"Intended target value of all LTI Awards is based on market data and individual role and responsibilities; generally, a minimum one-year vesting requirement for all LTI Awards",,,,
audit_826f20a77ad4809a,136,ARTICLE IV. REPRESENTATIONS AND WARRANTIES OF THE COMPANY,"(a) Schedule 4.9(a) of the Company Disclosure Schedules sets forth a list as of the date hereof of all material Employee Plans. “ Employee Plans ” means all “employee benefit plans” within the meaning of Section 3(3) of the Employee Retirement Income Security Act of 1974, as amended (“ ERISA ”), and each other employment, compensation or benefit, retirement, bonus, incentive, equity, retention, severance, separation or other plan, program, policy, agreement or arrangement, contributed to, sponsored or maintained by or on behalf of the Company or any of its Subsidiaries or any of their Affiliates for the benefit of any current or former employee, officer or director of the Company and its Subsidiaries, or under or with respect to which the Company or any of its Subsidiaries has or would reasonably be expected to have any liability or obligation. Copies of each material Employee Plan and, to the extent applicable, each trust agreement, summary plan description and summary of material modification, and the most recent determination or opinion letter, actuarial valuation and annual report with respect thereto have been made available to Parent.",,,,
audit_98cc5d07ca1bb821,137,EXECUTIVE COMPENSATION,"Effective Date . The ESPP became effective on the date of the IPO. However, no offering periods will commence under the ESPP until such time and subject to such terms and conditions as may be determined by the compensation committee of our board of directors. The term of the ESPP will continue until terminated by our board of directors or until the date on which all shares available for issuance under the ESPP have been issued.",,,,
audit_9ae532c51ceb610e,138,BUSINESS OF FISCALNOTE,"We serve a global, diverse customer base that includes businesses (including over half of the Fortune 100), government agencies, law firms, professional services organizations, trade groups and non-profits in over 45 countries. We generated total revenues of $26.1 million and $17.3 million for the three months ended March 31, 2022 and 2021, and $82.9 million and $65.2 million for the years ended December 31, 2021 and 2020, respectively. We generate recurring revenues through our subscription-based model, which accounts for approximately 90% of our total revenues. As of March 31, 2022, we served over 4,000 subscription-based customers. We believe that the compelling value proposition of the insights delivered by our platform, combined with the expert analysis and workflow tools we offer, has driven substantial customer loyalty. In each quarter of the past two fiscal years, we have achieved quarterly net revenue retention rates in excess of 95%.",,,,
audit_8b53c1284d3aaee4,139,Note 7. Adjustments to Unaudited Pro Forma Condensed Combined Statements of Operations,Reflects the following adjustments to the Company’s cost of service revenue: (i) one time stock-based compensation expense for accelerated awards as a result of the Merger and (ii) amortization of purchased identifiable intangible assets.,,,,
audit_70d966e50869a44d,140,TABLE OF CONTENTS,"under the benefit plans provided for those employees, except to the extent such condition or exclusion was applicable to an individual Continuing Employee prior to the Effective Time. With respect to the plan year during which the Effective Time occurs, Parent shall use commercially reasonable efforts to provide each Continuing Employee with credit for deductibles and out-of-pocket requirements paid prior to the Closing Date in satisfying any applicable deductible or out-of-pocket requirements under any benefit plan of Parent or one of its affiliates in which such Continuing Employee is eligible to participate following the Closing Date.",,,,
audit_4ce963c3d35153ed,141,REPRESENTATIONS AND WARRANTIES OF THE COMPANY,"(b) Taxes Paid . The Company and each of its Subsidiaries has timely paid or withheld with respect to their employees and other Third Persons (and paid over any amounts withheld to the appropriate Tax Authority) all United States federal and state income taxes, Federal Insurance Contribution Act, Federal Unemployment Tax Act and other similar Taxes required to be paid or withheld.",,,,
audit_90c6a830cde1fc1a,142,TABLE OF CONTENTS,"are made at the discretion of, the Compensation Committee. The target incentive compensation payments to Entegris’ named executive officers, as a percentage of base salary, approximated the median of target incentive compensation payments of similarly situated executives of its peer group companies, adjusted for executive-specific factors such as tenure, proficiency in role and criticality",,,,
audit_9fdb1da9127e1a3a,143,Agreement and Plan of Merger,"At the Effective Time, each vested Zymergen restricted stock unit (each, a “Zymergen RSU”) that is outstanding immediately prior to the Effective Time (including after giving effect to any acceleration of vesting to which such Zymergen RSU is entitled as of immediately prior to the Effective Time as disclosed to Ginkgo) will be cancelled and converted into a right to receive the Merger Consideration.",,,,
audit_a6d77a3b836a8823,144,REPRESENTATIONS AND WARRANTIES OF SELLERS,"(ii) Invention Assignments . Except as would not reasonably be expected to have a material impact on the Business, taken as a whole, each current or former employee or contractor of a Seller, the Company, or one of the Related Subsidiaries, as applicable, who contributed to the creation, development or invention of any Transferred Seller IP or Company IP, has executed a valid written agreement that: (A) assigns to such Seller, Company or Related Subsidiary, as applicable, all such Transferred Seller IP or Company IP or that otherwise appropriately protects such Transferred Seller IP or Company IP (or all such Transferred IP or Company IP vested in a Seller, the Company or one of the Related Subsidiaries by operation of Law); and (B) obligates such Employee not to use or disclose any confidential or proprietary information of such Seller, Company or Related Subsidiary, as applicable except as authorized by such Seller, Company or Related Subsidiary, as applicable. Except as would not reasonably be expected to have a material impact on the Business, taken as a whole, there is no Patent, Copyright or other Intellectual Property Right included in the Transferred Seller IP or Company IP that is owned by a current or former employee or contractor of a Seller, the Company, or one of the Related Subsidiaries.",,,,
audit_24ab189dfd41dfb6,145,ARTICLE I DEFINITIONS,"(iii) (A) depreciation and amortization (including, without limitation, amortization of goodwill, software and other intangible assets) and (B) other non-cash charges or expenses (including impairment charges, write-offs, write-downs and non-cash compensation charges arising from the granting of stock options, stock appreciation rights, profits interests and/or similar arrangements);",,,,
audit_90edd94922de58e3,146,RESTRICTIVE COVENANT AGREEMENT,"a) Company Group Information . I acknowledge that, during the period of my employment with the Company (the “ Employment Period ”), I will have access to information about Rumble, Inc., the Company and their respective direct and indirect parents, subsidiaries and affiliates (collectively, the “ Company Group ”) and that my employment with the Company shall bring me into close contact with confidential and proprietary information of the Company Group. In recognition of the foregoing, I agree, at all times during the Employment Period and thereafter, to hold in confidence, and not to use, except for the benefit of the Company Group, or to disclose to any person, firm, corporation, or other entity without prior written authorization of the Company, any Confidential Information that I obtain or create except as required by law or legal process. I further agree not to make copies of such Confidential Information except as authorized by or for the benefit of the Company. I understand that “ Confidential Information ” means information that the Company Group has developed, acquired, created, compiled, discovered, or owned or will develop, acquire, create, compile, discover, or own, that has value in or to the business of the Company Group. I understand that Confidential Information includes, but is not limited to, any and all non-public information that relates to the actual or anticipated business and/or",,,,
audit_9ebfc05d6623bd0f,147,4.8 Employee Matters.,"4.18 Parent Equity Awards . Prior to the Effective Time, Parent shall take all actions reasonably necessary to cause the issuance of the Parent equity awards as described on Part 4.18 of the Company Disclosure Schedule.",,,,
audit_e43d98650cfb5de7,148,Xilinx Change of Control Arrangements with Executive Officers,"for each executive officer other than Mr. Hill, 100% accelerated vesting of all non-performance-based equity awards;",,,,
audit_8474fdb7fbd6fcbc,149,Table of Contents,"3.9 Legal Proceedings . Except as would not, individually or in the aggregate, reasonably be expected to have a Material Adverse Effect, there is no (a) pending or, to the Knowledge of the Company, threatened legal or administrative proceeding, suit, investigation, arbitration or action (an “ Action ”) against the Company or any of its Subsidiaries or any of their directors or executive officers in their capacities as such, including under any applicable Consumer Protection Laws, or (b) outstanding order, judgment, injunction, ruling, writ or decree of any Governmental Authority (a “ Judgment ”) imposed upon the Company or any of its Subsidiaries or any of their directors or executive officers in their capacities as such. Except as would not, individually or in the aggregate, reasonably be expected to have a Material Adverse Effect, to the Knowledge of the Company, there is no pending or threatened Action against, or outstanding Judgment imposed on, any Bank Partner pertaining to",,,,
audit_ce7d25ac5f5379e3,150,Director Independence,"Audit committee members must also satisfy the independence criteria set forth in Rule 10A-3 under the Exchange Act. In order to be considered independent for purposes of Rule 10A-3, a member of an audit committee of a listed company may not, other than in his or her capacity as a member of the audit committee, the Board or any other board committee: (i) accept, directly or indirectly, any consulting, advisory or other compensatory fee from the listed company or any of its subsidiaries; or (ii) be an affiliated person of the listed company or any of its subsidiaries. Additionally, compensation committee members must not have a relationship with Rocket Lab that is material to the director’s ability to be independent from management in connection with the duties of a compensation committee member.",,,,
