deal_id,announcement_date,effective_date,acquirer_name,target_name,candidate_cik,target_candidate_cik,transaction_value_mil,target_public_status,probe_status,window_start,window_end,windowed_filings,probe_forms,agreement_accession,agreement_exhibit_types,target_name_hit,cik_confirmation_basis,probe_note
3741094020,2021-05-17,2021-12-01,Clarivate PLC,ProQuest LLC,0001764046,,"6,336.023",Sub.,agreement_exhibit,2021-04-17,2021-12-31,25,8-K; 424B3,0001104659-21-067259,EX-2.1,yes,machine_target_name_in_acquirer_filing,
3791886040,2021-08-30,2022-07-08,ADTRAN Inc,ADVA Optical Networking SE,0000926282,,"1,026.046",,agreement_exhibit,2021-07-31,2022-08-07,22,8-K; DEFM14A,0001193125-21-260059,EX-2.1; EX-2.2,yes,machine_target_name_in_acquirer_filing,
3847595020,2021-12-20,2022-06-08,Oracle Corp,Cerner Corp,0001341439,,"28,171.86",Public,agreement_exhibit,2021-11-20,2022-07-08,17,8-K; SC TO-T; SC TO-T/A,0001193125-21-363742,EX-2.1,yes,machine_target_name_in_acquirer_filing,
3859429020,2022-01-10,2022-05-23,Take-Two Interactive Software,Zynga Inc,0000946581,,"12,382.165",Public,agreement_exhibit,2021-12-11,2022-06-22,15,8-K; S-4; S-4/A; 424B3; SC TO-I; SC TO-I/A,0001193125-22-073594,EX-2.2,yes,machine_target_name_in_acquirer_filing,
3689728040,2021-01-22,2021-06-09,Verra Mobility Corp,Redflex Holdings Ltd,0001682745,,117.267,,agreement_exhibit,2020-12-23,2021-07-09,13,8-K,0001564590-21-001806,EX-2.1,yes,machine_target_name_in_acquirer_filing,
3798372020,2021-09-08,2021-11-01,3D Systems Corp,Oqton Inc,0000910638,,180.00,Priv.,agreement_exhibit,2021-08-09,2021-12-01,12,8-K,0001171843-21-006385,EX-2.1,yes,machine_target_name_in_acquirer_filing,
3695772020,2021-02-08,2021-04-29,Electronic Arts Inc,Glu Mobile Inc,0000712515,,"2,377.614",Public,agreement_exhibit,2021-01-09,2021-05-29,11,8-K,0001193125-21-032346,EX-2.1,yes,machine_target_name_in_acquirer_filing,
3823769020,2021-11-04,2022-08-03,Lumentum Holdings Inc,NeoPhotonics Corp,0001633978,,863.571,Public,agreement_exhibit,2021-10-05,2022-09-02,11,8-K,0001193125-21-321796,EX-2.1,yes,machine_target_name_in_acquirer_filing,
3515714020,2020-02-18,2020-08-03,1-800-Flowers.com Inc,PersonalizationMall.com Inc,0001084869,,245.00,Sub.,agreement_exhibit,2020-01-19,2020-09-02,11,8-K,0001157523-20-000215,EX-2.1,yes,machine_target_name_in_acquirer_filing,
3618415020,2020-08-06,2020-09-04,Intercontinental Exchange Inc,Ellie Mae Inc,0001571949,,"10,980.88",Sub.,agreement_exhibit,2020-07-07,2020-10-04,10,8-K,0001104659-20-092025,EX-2.1,yes,machine_target_name_in_acquirer_filing,
3858147020,2022-01-06,2022-02-23,Stryker Corp,Vocera Communications Inc,0000310764,,"2,970.467",Public,agreement_exhibit,2021-12-07,2022-03-25,10,8-K; SC TO-T; SC TO-T/A,0001193125-22-006816,EX-2.1,yes,machine_target_name_in_acquirer_filing,
3719135040,2021-03-29,2021-05-12,Broadridge Finl Solutions Inc,Itiviti Group Holding AB,0001383312,,"2,527.883",,agreement_exhibit,2021-02-27,2021-06-11,10,8-K,0001140361-21-010388,EX-2.1,yes,machine_target_name_in_acquirer_filing,
3573821040,2020-05-11,2020-05-11,iQSTEL Inc,IoT Labs MX SAPI,0001527702,,.55,,agreement_exhibit,2020-04-11,2020-06-10,10,8-K,0001078782-20-000314,EX-2.1,yes,machine_target_name_in_acquirer_filing,
3812049020,2021-10-11,2022-05-16,Emerson Electric Co,Aspen Technology Inc,0000032604,,"10,864.939",Public,agreement_exhibit,2021-09-11,2022-06-15,9,8-K,0000950103-21-015731,EX-2.1,yes,machine_target_name_in_acquirer_filing,
3700303020,2021-04-22,2021-07-26,Skyworks Solutions Inc,Silicon Labs-Analog Chip Unit,0000004127,,"2,750.00",Sub.,agreement_exhibit,2021-03-23,2021-08-25,9,8-K,0001104659-21-053805,EX-2.1,yes,machine_target_name_in_acquirer_filing,
3696589020,2021-02-10,2021-04-21,Tyler Technologies Inc,NIC Inc,0000860731,,"2,328.034",Public,agreement_exhibit,2021-01-11,2021-05-21,8,8-K,0000860731-21-000005,EX-2.1,yes,machine_target_name_in_acquirer_filing,
3820535020,2021-10-28,2021-12-17,FirstCash Inc,American First Finance Inc,0000840489,,"1,296.925",Priv.,agreement_exhibit,2021-09-28,2022-01-16,8,8-K,0000840489-21-000084,EX-2.1,yes,machine_target_name_in_acquirer_filing,
3623613020,2020-08-19,2020-10-05,KBR Inc,Centauri LLC,0001357615,,827.00,Priv.,agreement_exhibit,2020-07-20,2020-11-04,8,8-K,0001357615-20-000167,EX-2.1,yes,machine_target_name_in_acquirer_filing,
3526012020,2020-03-12,2020-04-29,Silicon Laboratories Inc,Redpine Signals-Connectivity,0001038074,,308.00,Sub.,agreement_exhibit,2020-02-11,2020-05-29,8,8-K,0001104659-20-032179,EX-2.1,yes,machine_target_name_in_acquirer_filing,
3840675020,2021-12-01,2022-01-18,8x8 Inc,Fuze Inc,0001023731,,250.00,Priv.,agreement_exhibit,2021-11-01,2022-02-17,8,8-K; 8-K/A,0001023731-21-000260,EX-2.1,yes,machine_target_name_in_acquirer_filing,
3797706020,2021-09-13,2021-12-01,TransUnion,NeuStar Inc,0001552033,,"3,100.00",Sub.,agreement_exhibit,2021-08-14,2021-12-31,7,8-K,0001193125-21-270765,EX-2.1,yes,machine_target_name_in_acquirer_filing,
3815183020,2021-10-18,2021-12-02,CDW Corp,Sirius Computer Solutions Inc,0001402057,,"2,500.00",Sub.,agreement_exhibit,2021-09-18,2022-01-01,7,8-K,0001193125-21-300529,EX-2.1,yes,machine_target_name_in_acquirer_filing,
3834420020,2021-11-22,2021-12-27,Concentrix Corp,ProKarma Inc,0001803599,,"1,600.00",Sub.,agreement_exhibit,2021-10-23,2022-01-26,7,8-K,0001803599-21-000201,EX-2.1,yes,machine_target_name_in_acquirer_filing,
3622082020,2020-08-12,2020-10-02,Omnicell Inc,Pharm Strategies Grp-Business,0000926326,,225.00,Sub.,agreement_exhibit,2020-07-13,2020-11-01,7,8-K,0000926326-20-000025,EX-2.1,yes,machine_target_name_in_acquirer_filing,
3710620020,2021-03-08,2021-03-08,HealthEquity Inc,Fort Effect Corp,0001428336,,67.227,Priv.,agreement_exhibit,2021-02-06,2021-04-07,7,8-K,0001104659-21-033359,EX-2.1,yes,machine_target_name_in_acquirer_filing,
3783818020,2021-09-13,2021-11-01,Intuit Inc,The Rocket Science Group LLC,0000896878,,"12,000.00",Priv.,agreement_exhibit,2021-08-14,2021-12-01,6,8-K,0001193125-21-271682,EX-2.1,yes,machine_target_name_in_acquirer_filing,
3770121020,2021-08-05,2021-09-15,Moody's Corp,Risk Management Solutions Inc,0001059556,,"1,978.613",Sub.,agreement_exhibit,2021-07-06,2021-10-15,6,8-K,0001193125-21-238037,EX-2.1,yes,machine_target_name_in_acquirer_filing,
3781204040,2021-08-05,2021-10-19,Penn National Gaming Inc,Score Media & Gaming Inc,0000921738,,"1,783.401",,agreement_exhibit,2021-07-06,2021-11-18,6,8-K,0001104659-21-100817,EX-2.1,yes,machine_target_name_in_acquirer_filing,
3601404020,2020-07-13,2020-09-21,Hewlett Packard Enterprise Co,Silver Peak Systems Inc,0001645590,,925.00,Priv.,agreement_exhibit,2020-06-13,2020-10-21,6,8-K,0001645590-20-000032,EX-2.1,yes,machine_target_name_in_acquirer_filing,
3680472020,2020-12-10,2021-01-14,CarGurus Inc,CarOffer LLC,0001494259,,145.826,Priv.,agreement_exhibit,2020-11-10,2021-02-13,6,8-K; 8-K/A,0001564590-20-056635,EX-2.1,yes,machine_target_name_in_acquirer_filing,
3708187040,2021-03-08,2021-04-19,Smith Micro Software Inc,Avast Plc-Family Safety,0000948708,,65.999,,agreement_exhibit,2021-02-06,2021-05-19,6,8-K; 8-K/A,0001193125-21-073895,EX-2.1,yes,machine_target_name_in_acquirer_filing,
3575962020,2020-05-18,2020-05-18,Flotek Industries Inc,JP3 Measurement LLC,0000928054,,42.80,Priv.,agreement_exhibit,2020-04-18,2020-06-17,6,8-K,0000928054-20-000089,EX-2.1,yes,machine_target_name_in_acquirer_filing,
3738724020,2021-04-29,2021-08-02,Lantronix Inc,Transition Networks Inc,0001114925,,32.028,Sub.,agreement_exhibit,2021-03-30,2021-09-01,6,8-K; 8-K/A,0001683168-21-001590,EX-2.1,yes,machine_target_name_in_acquirer_filing,
3615045020,2020-07-27,2020-07-27,Analog Devices Inc,INVECAS Inc-HDMI Business,0000006281,,,Sub.,agreement_exhibit,2020-06-27,2020-08-26,6,8-K; S-4,0001193125-20-192918,EX-2.1,yes,machine_target_name_in_acquirer_filing,
3480790020,2020-08-13,2020-09-03,Roper Technologies Inc,Vertafore Inc,0000882835,,"5,350.00",Sub.,agreement_exhibit,2020-07-14,2020-10-03,5,8-K,0001193125-20-218831,EX-2.1,yes,machine_target_name_in_acquirer_filing,
3791317020,2021-08-25,2021-11-01,ON Semiconductor Corp,GTAT Corp,0001097864,,415.00,Public,agreement_exhibit,2021-07-26,2021-12-01,5,8-K,0001193125-21-256288,EX-2.1,yes,machine_target_name_in_acquirer_filing,
3782679020,2021-08-05,2021-10-04,Certara Inc,Pinnacle 21 LLC,0001827090,,310.00,Priv.,agreement_exhibit,2021-07-06,2021-11-03,5,8-K,0001104659-21-100776,EX-2.1,yes,machine_target_name_in_acquirer_filing,
3831634020,2021-11-16,2021-12-22,Oportun Financial Corp,Hello Digit Inc,0001538716,,212.875,Priv.,agreement_exhibit,2021-10-17,2022-01-21,5,8-K,0001538716-21-000239,EX-2.1,yes,machine_target_name_in_acquirer_filing,
3519983020,2020-02-27,2020-05-01,DocuSign Inc,Seal Software Ltd,0001261333,,188.00,Priv.,agreement_exhibit,2020-01-28,2020-05-31,5,8-K,0001261333-20-000008,EX-2.1,yes,machine_target_name_in_acquirer_filing,
3647181020,2020-09-30,2020-09-30,DLH Holdings Corp,Irving Burton Associates LLC,0000785557,,32.00,Priv.,agreement_exhibit,2020-08-31,2020-10-30,5,8-K,0000785557-20-000013,EX-2.1,yes,machine_target_name_in_acquirer_filing,
3521692020,2020-02-06,2020-02-06,CleanSpark Inc,P2klabs Inc,0000827876,,,Priv.,agreement_exhibit,2020-01-07,2020-03-07,5,8-K; 8-K/A,0001663577-20-000026,EX-2.1,yes,machine_target_name_in_acquirer_filing,
3590925020,2020-02-24,2020-02-24,iQSTEL Inc,itsBchain LLC,0001527702,,,Priv.,agreement_exhibit,2020-01-25,2020-03-25,5,8-K,0001078782-20-000138,EX-2.1,yes,machine_target_name_in_acquirer_filing,
3871290020,2022-02-07,2022-04-01,Resideo Technologies Inc,First Alert Inc,0001740332,,593.00,Sub.,agreement_exhibit,2022-01-08,2022-05-01,4,8-K,0001193125-22-029111,EX-2.1,yes,machine_target_name_in_acquirer_filing,
3745024020,2021-05-10,2021-06-15,Repay Holdings Corp,Electn Payment Pvdrs Inc,0001720592,,503.00,Sub.,agreement_exhibit,2021-04-10,2021-07-15,4,8-K,0001564590-21-026036,EX-2.1,yes,machine_target_name_in_acquirer_filing,
3723726020,2021-04-08,2021-04-08,PAR Technology Corp,Punchh Inc,0000708821,,489.351,Priv.,agreement_exhibit,2021-03-09,2021-05-08,4,8-K; 424B3,0001140361-21-012100,EX-2.1,yes,machine_target_name_in_acquirer_filing,
3632181020,2020-09-08,2020-10-06,Progress Software Corp,Chef Software Inc,0000876167,,220.00,Priv.,agreement_exhibit,2020-08-09,2020-11-05,4,8-K,0000876167-20-000123,EX-2.1,yes,machine_target_name_in_acquirer_filing,
3757628020,2021-06-17,2021-06-17,Brady Corp,The Code Corp,0000746598,,173.00,Priv.,agreement_exhibit,2021-05-18,2021-07-17,4,8-K,0000746598-21-000080,EX-2.1,yes,machine_target_name_in_acquirer_filing,
3974497020,2022-09-12,2022-09-12,Lantronix Inc,Uplogix Inc,0001114925,,12.00,Priv.,agreement_exhibit,2022-08-13,2022-10-12,4,8-K,0001683168-22-006322,EX-2.1,yes,machine_target_name_in_acquirer_filing,
3696776020,2021-02-09,2021-02-09,BGSF Inc,Momentum Solutionz LLC,0001474903,,6.00,Priv.,agreement_exhibit,2021-01-10,2021-03-11,4,8-K,0001474903-21-000024,EX-2.1,yes,machine_target_name_in_acquirer_filing,
3601877020,2020-07-01,2020-07-01,Asure Software Inc,PTM Inc-Certain Assets,0000884144,,4.25,Sub.,agreement_exhibit,2020-06-01,2020-07-31,4,8-K; 8-K/A,0001185185-20-000986,EX-2.1,yes,machine_target_name_in_acquirer_filing,
3968186020,2022-08-30,2022-10-04,Roper Technologies Inc,Frontline Technologies Group,0000882835,,"3,738.00",Sub.,agreement_exhibit,2022-07-31,2022-11-03,3,8-K,0001193125-22-233743,EX-2.1,yes,machine_target_name_in_acquirer_filing,
3848260020,2021-11-01,2021-11-01,HealthEquity Inc,Further Compliance,0001428336,,500.00,Priv.,agreement_exhibit,2021-10-02,2021-12-01,3,8-K,0001104659-21-132096,EX-2.1,yes,machine_target_name_in_acquirer_filing,
3923441020,2022-05-23,2022-06-01,Parsons Corp,Xator Corp,0000275880,,400.00,Priv.,agreement_exhibit,2022-04-23,2022-07-01,3,8-K,0001193125-22-162323,EX-2.1,yes,machine_target_name_in_acquirer_filing,
3659026020,2020-11-10,2020-12-17,ACCO Brands Corp,PowerA,0000712034,,395.00,Sub.,agreement_exhibit,2020-10-11,2021-01-16,3,8-K,0001104659-20-123712,EX-2.1,yes,machine_target_name_in_acquirer_filing,
3976265040,2022-08-23,2022-09-08,DigitalOcean Holdings Inc,Cloudways Ltd,0001582961,,350.00,,agreement_exhibit,2022-07-24,2022-10-08,3,8-K,0001582961-22-000040,EX-2.1,yes,machine_target_name_in_acquirer_filing,
3843851020,2021-12-08,2021-12-09,Xometry Inc,Thomas Publishing LLC,0001657573,,291.203,Priv.,agreement_exhibit,2021-11-08,2022-01-08,3,8-K,0001193125-21-350901,EX-2.1,yes,machine_target_name_in_acquirer_filing,
3805188020,2021-09-23,2021-11-01,Progress Software Corp,Kemp Technologies Inc,0000876167,,258.00,Sub.,agreement_exhibit,2021-08-24,2021-12-01,3,8-K,0000876167-21-000131,EX-2.1,yes,machine_target_name_in_acquirer_filing,
3892232040,2022-03-23,2022-03-23,Mitek Systems Inc,HooYu Ltd,0000807863,,129.977,,agreement_exhibit,2022-02-21,2022-04-22,3,8-K,0000807863-22-000057,EX-2.1,yes,machine_target_name_in_acquirer_filing,
3638083020,2020-09-21,2020-10-01,PagerDuty Inc,Rundeck Inc,0001568100,,100.00,Priv.,agreement_exhibit,2020-08-22,2020-10-31,3,8-K,0001568100-20-000046,EX-2.1,yes,machine_target_name_in_acquirer_filing,
3947420020,2022-07-11,2022-08-01,Titan Machinery Inc,Heartland AG Systems Inc,0001409171,,95.50,Priv.,agreement_exhibit,2022-06-11,2022-08-31,3,8-K,0001409171-22-000062,EX-2.1; EX-2.2; EX-2.3,yes,machine_target_name_in_acquirer_filing,
3681332020,2020-12-10,2020-12-10,CleanSpark Inc,ATL Data Centers LLC,0000827876,,28.083,Priv.,agreement_exhibit,2020-11-10,2021-01-09,3,8-K,0001663577-20-000458,EX-2.1,yes,machine_target_name_in_acquirer_filing,
3545651040,2020-03-31,2020-04-01,Simulations Plus Inc,Lixoft SAS,0001023459,,16.499,,agreement_exhibit,2020-03-01,2020-05-01,3,8-K,0001683168-20-001066,EX-2.1,yes,machine_target_name_in_acquirer_filing,
3902649040,2022-04-13,2022-04-13,Zedge Holdings Inc,GuruShots Ltd,0001667313,,10.868,,agreement_exhibit,2022-03-14,2022-05-13,3,8-K,0001213900-22-019506,EX-2.1,yes,machine_target_name_in_acquirer_filing,
3899069020,2022-04-04,2022-04-04,Boston Omaha Corp,Undisclosed Internet Svc Pvdr,0001494582,,,J.V.,agreement_exhibit,2022-03-05,2022-05-04,3,8-K,0001437749-22-008274,EX-2.1; EX-2.2,yes,machine_target_name_in_acquirer_filing,
3964089020,2022-08-18,2022-09-01,ABM Industries Inc,RavenVolt Inc,0000771497,,450.00,Priv.,agreement_exhibit,2022-07-19,2022-10-01,2,8-K,0001104659-22-092386,EX-2.1,yes,machine_target_name_in_acquirer_filing,
3822763020,2021-11-02,2021-11-02,Digi International Inc,Ventus Holdings LLC,0000854775,,374.40,Priv.,agreement_exhibit,2021-10-03,2021-12-02,2,8-K,0001104659-21-132717,EX-2.1,yes,machine_target_name_in_acquirer_filing,
3988539020,2022-10-13,2022-10-13,PLAYSTUDIOS Inc,Brainium Studios LLC,0001823878,,97.25,Priv.,agreement_exhibit,2022-09-13,2022-11-12,2,8-K,0001823878-22-000084,EX-2.1,yes,machine_target_name_in_acquirer_filing,
3750337040,2021-05-21,2021-05-21,Brady Corp,Magicard Ltd,0000746598,,59.594,,agreement_exhibit,2021-04-21,2021-06-20,2,8-K,0000746598-21-000070,EX-2.1,yes,machine_target_name_in_acquirer_filing,
3523484020,2020-03-04,2020-03-04,Intellinetics Inc,Graphic Sciences Inc,0001081745,,3.50,Priv.,agreement_exhibit,2020-02-03,2020-04-03,2,8-K,0001493152-20-003314,EX-2.1,yes,machine_target_name_in_acquirer_filing,
3520778020,2020-02-13,2020-02-13,Smith Micro Software Inc,Circle Media Labs-Assets,0000948708,,,Sub.,agreement_exhibit,2020-01-14,2020-03-14,2,8-K,0001564590-20-005267,EX-2.1,yes,machine_target_name_in_acquirer_filing,
3680836040,2020-12-14,2020-12-14,Quantum Corp,Sq Box Sys Ltd,0000709283,,,,agreement_exhibit,2020-11-14,2021-01-13,2,8-K,0000709283-20-000042,EX-2.1,yes,machine_target_name_in_acquirer_filing,
3754891020,2021-04-26,2021-04-26,Franklin Covey Co,Strive Talent Inc,0000886206,,,Priv.,agreement_exhibit,2021-03-27,2021-05-26,2,8-K,0000886206-21-000019,EX-2.1,yes,machine_target_name_in_acquirer_filing,
3760105020,2021-06-07,2021-06-07,Genasys Inc,Zonehaven Inc,0000924383,,,Priv.,agreement_exhibit,2021-05-08,2021-07-07,2,8-K,0001437749-21-014495,EX-2.1,yes,machine_target_name_in_acquirer_filing,
3886337040,2022-03-09,2022-03-09,BIO-key International Inc,Swivel Secure Europe Sa,0001019034,,,,agreement_exhibit,2022-02-07,2022-04-08,2,8-K,0001437749-22-005623,EX-2.1,yes,machine_target_name_in_acquirer_filing,
3854227020,2021-12-22,2021-12-22,Gaia Inc,Yoga International LLC,0001089872,,18.925,Priv.,agreement_exhibit,2021-11-22,2022-01-21,1,8-K,0001564590-21-061030,EX-2.1,yes,machine_target_name_in_acquirer_filing,
3898245040,2022-04-01,2022-04-01,Workiva Inc,Parseport ApS,0001445305,,14.878,,agreement_exhibit,2022-03-02,2022-05-01,1,8-K,0001445305-22-000059,EX-2.1,yes,machine_target_name_in_acquirer_filing,
3797368040,2021-09-09,2021-09-09,DigitalBridge Group Inc,Agile Data Ctrs,0001679688,,,,agreement_exhibit,2021-08-10,2021-10-09,1,8-K,0001679688-21-000090,EX-2.1,yes,machine_target_name_in_acquirer_filing,
3663654020,2020-11-18,2021-06-01,Bally's Corp,Bet.Works Corp,0001747079,,139.382,Priv.,agreement_exhibit,2020-10-19,2021-07-01,25,8-K; 8-K/A; PREM14A; DEFM14A,0001747079-20-000143,EX-2.1,no,machine_form_and_window_only,
3747136040,2021-05-06,2021-05-26,EQT AB,Moosend Ltd,0000033213,,,,agreement_exhibit,2021-04-06,2021-06-25,8,8-K,0001104659-21-062688,EX-2.1,no,machine_form_and_window_only,
3616565020,2020-07-30,2020-10-15,Roper Technologies Inc,Allscripts Healthcare-Epsi,0000882835,,365.00,Sub.,agreement_exhibit,2020-06-30,2020-11-14,7,8-K,0001193125-20-218831,EX-2.1,no,machine_form_and_window_only,
3872837020,2022-01-04,2022-01-26,Oracle Corp,Verenia LLC-NetSuite CPQ Bus,0001341439,,,Sub.,agreement_exhibit,2021-12-05,2022-02-25,7,8-K; SC TO-T; SC TO-T/A,0001193125-21-363742,EX-2.1,no,machine_form_and_window_only,
3733771020,2021-04-26,2021-04-26,Fathom Holdings Inc,LiveBy Inc,0001753162,,9.00,Priv.,agreement_exhibit,2021-03-27,2021-05-26,5,8-K,0001104659-21-050003,EX-2.1,no,machine_form_and_window_only,
3748788020,2021-06-01,2021-06-01,Mitek Systems Inc,ID R&D Inc,0000807863,,35.917,Priv.,agreement_exhibit,2021-05-02,2021-07-01,4,8-K; 8-K/A,0000807863-21-000069,EX-2.1,no_distinctive_target_tokens,machine_form_and_window_only,
3856260020,2021-12-21,2021-12-21,Oracle Corp,Federos LLC,0001341439,,,Priv.,agreement_exhibit,2021-11-21,2022-01-20,4,8-K; SC TO-T,0001193125-21-363742,EX-2.1,no,machine_form_and_window_only,
3903514020,2022-04-05,2022-04-05,Intellinetics Inc,YellowFolder LLC,0001081745,,,Priv.,agreement_exhibit,2022-03-06,2022-05-05,4,8-K,0001493152-22-009115,EX-2.1,no,machine_form_and_window_only,
3937405020,2022-05-31,2022-05-31,Shutterstock Inc,Splash News,0001549346,,,Sub.,agreement_exhibit,2022-05-01,2022-06-30,4,8-K,0001140361-22-018607,EX-2.1,no,machine_form_and_window_only,
3508567020,2020-01-27,2020-04-29,World Health Energy Holdings,SG 77 Inc,0000943535,,38.70,Sub.,agreement_exhibit,2019-12-28,2020-05-29,3,8-K,0001493152-20-001252,EX-2.1,no_distinctive_target_tokens,machine_form_and_window_only,
3675428020,2020-12-10,2020-12-10,HealthStream Inc,myClinicalExchange LLC,0001095565,,4.50,Priv.,agreement_exhibit,2020-11-10,2021-01-09,3,8-K,0001564590-20-055624,EX-2.1,no,machine_form_and_window_only,
3804551040,2021-09-24,2021-09-24,Moody's Corp,realXdata GmbH,0001059556,,,,agreement_exhibit,2021-08-25,2021-10-24,1,8-K,0001193125-21-273517,EX-2.2,no,machine_form_and_window_only,
3665937040,2020-11-30,2022-02-28,S&P Global Inc,IHS Markit Ltd,0000064040,,"43,478.099",,merger_proxy,2020-10-31,2022-03-30,47,8-K; S-4; S-4/A; 424B3; 8-K/A,,,yes,machine_target_name_in_acquirer_filing,
3676252020,2020-12-20,2021-02-17,Citigroup Inc,Acima Credit LLC,0000831001,,"1,653.376",Priv.,merger_proxy,2020-11-20,2021-03-19,39,8-K/A; 424B3; 8-K,,,yes,machine_target_name_in_acquirer_filing,
3646001020,2020-10-27,2022-02-14,Advanced Micro Devices Inc,Xilinx Inc,0000002488,,"35,728.81",Public,merger_proxy,2020-09-27,2022-03-16,27,8-K; S-4; S-4/A; 424B3,,,yes,machine_target_name_in_acquirer_filing,
3600947020,2020-07-13,2021-08-26,Analog Devices Inc,Maxim Integrated Products Inc,0000006281,,"21,290.859",Public,merger_proxy,2020-06-13,2021-09-25,26,8-K; S-4; S-4/A; 424B3; 8-K/A,,,yes,machine_target_name_in_acquirer_filing,
3846599020,2021-12-15,2022-07-06,Entegris Inc,CMC Materials Inc,0001101302,,"5,729.282",Public,merger_proxy,2021-11-15,2022-08-05,24,8-K; S-4; S-4/A; 424B3,,,yes,machine_target_name_in_acquirer_filing,
3855473040,2021-12-29,2022-08-02,FiscalNote Holdings Inc,Aicel Technologies Inc,0001823466,,,,merger_proxy,2021-11-29,2022-09-01,20,S-4; 8-K; S-4/A; 424B3; 8-K/A,,,yes,machine_target_name_in_acquirer_filing,
3764848040,2021-06-29,2022-01-27,System1 LLC,Protected.Net Grp Ltd,0001805833,,,,merger_proxy,2021-05-30,2022-02-26,19,8-K; 8-K/A; PREM14A; S-4; S-4/A; 424B3,,,yes,machine_target_name_in_acquirer_filing,
3682911020,2021-01-04,2021-05-14,Teledyne Technologies Inc,FLIR Systems Inc,0001094285,,"7,500.665",Public,merger_proxy,2020-12-05,2021-06-13,18,8-K; S-4; S-4/A; 424B3; DEFM14A,,,yes,machine_target_name_in_acquirer_filing,
3948517040,2022-07-13,2022-11-07,Unity Software Inc,Ironsource Ltd,0001810806,,"4,422.114",,merger_proxy,2022-06-13,2022-12-07,18,8-K; S-4; S-4/A; 424B3,,,yes,machine_target_name_in_acquirer_filing,
3595648020,2020-07-06,2020-12-01,Uber Technologies Inc,Postmates Inc,0001543151,,"2,650.00",Priv.,merger_proxy,2020-06-06,2020-12-31,18,8-K; S-4; S-4/A; 424B3,,,yes,machine_target_name_in_acquirer_filing,
3617548020,2020-08-05,2020-10-30,Teladoc Health Inc,Livongo Health Inc,0001477449,,"17,539.058",Public,merger_proxy,2020-07-06,2020-11-29,17,8-K; S-4; S-4/A; 424B3; 8-K/A,,,yes,machine_target_name_in_acquirer_filing,
3839586020,2021-12-02,2022-09-16,CF Acquisition Corp VI,Rumble Inc,0001830081,,"3,150.00",Priv.,merger_proxy,2021-11-02,2022-10-16,16,8-K; S-4; S-4/A; 424B3,,,yes,machine_target_name_in_acquirer_filing,
3517450020,2020-02-24,2020-12-03,Intuit Inc,Credit Karma Inc,0000896878,,"7,100.00",Priv.,merger_proxy,2020-01-25,2021-01-02,15,8-K; S-4; S-4/A; 424B3,,,yes,machine_target_name_in_acquirer_filing,
3776684040,2021-07-20,2021-10-07,Chargepoint Holdings Inc,Has to be GmbH,0001777393,,294.95,,merger_proxy,2021-06-20,2021-11-06,15,8-K; 424B3; 8-K/A,,,yes,machine_target_name_in_acquirer_filing,
3801639020,2021-09-07,2021-09-07,Opendoor Technologies Inc,Pro.com Home Services LLC,0001801169,,,Priv.,merger_proxy,2021-08-08,2021-10-07,14,8-K; 424B3,,,yes,machine_target_name_in_acquirer_filing,
3672058040,2020-11-19,2021-04-30,ViaSat Inc,Euro Broadband Infrastructure,0000797721,,,,merger_proxy,2020-10-20,2021-05-30,10,8-K; S-4; S-4/A; 424B3,,,yes,machine_target_name_in_acquirer_filing,
3810070020,2021-10-05,2021-10-25,Ouster Inc,Sense Photonics Inc,0001816581,,68.02,Priv.,merger_proxy,2021-09-05,2021-11-24,9,8-K; 424B3,,,yes,machine_target_name_in_acquirer_filing,
3793545020,2021-09-01,2021-09-01,Janus International Group LLC,Access Control Tech Llc,0001839839,,,Priv.,merger_proxy,2021-08-02,2021-10-01,9,8-K; 8-K/A; 424B3,,,yes,machine_target_name_in_acquirer_filing,
3925026020,2022-05-25,2022-08-02,The Carlyle Group Inc,SIMON Markets LLC,0001527166,,,Priv.,merger_proxy,2022-04-25,2022-09-01,9,8-K; 424B3,,,yes,machine_target_name_in_acquirer_filing,
3813395020,2021-10-12,2021-10-12,Rocket Lab USA Inc,Advanced Solutions Inc,0001819994,,45.50,Priv.,merger_proxy,2021-09-12,2021-11-11,8,424B3; 8-K,,,yes,machine_target_name_in_acquirer_filing,
3920263020,2022-04-04,2022-04-04,The Carlyle Group Inc,River Loop Sec Llc,0001527166,,,Priv.,merger_proxy,2022-03-05,2022-05-04,6,8-K; 424B3; 8-K/A,,,yes,machine_target_name_in_acquirer_filing,
3684325040,2021-01-06,2021-03-01,Thryv Holdings Inc,Sensis Pty Ltd,0001556739,,200.00,,merger_proxy,2020-12-07,2021-03-31,5,8-K; 424B3,,,yes,machine_target_name_in_acquirer_filing,
3783751040,2021-08-11,2021-08-11,Chargepoint Holdings Inc,ViriCiti BV,0001777393,,87.885,,merger_proxy,2021-07-12,2021-09-10,5,8-K; 8-K/A; 424B3,,,yes,machine_target_name_in_acquirer_filing,
4005412040,2022-11-02,2022-11-02,NextNav Inc,Nestwave SAS,0001865631,,19.30,,merger_proxy,2022-10-03,2022-12-02,5,8-K; 424B3,,,yes,machine_target_name_in_acquirer_filing,
3657350020,2020-11-05,2020-11-05,ZoomInfo Technologies Inc,Everstring Technology LLC,0001794515,,,Priv.,merger_proxy,2020-10-06,2020-12-05,5,8-K; 424B3,,,yes,machine_target_name_in_acquirer_filing,
3674075020,2020-12-01,2020-12-01,FuboTV Inc,Balto Sports Inc,0001484769,,,Priv.,merger_proxy,2020-11-01,2020-12-31,5,8-K; 424B3,,,yes,machine_target_name_in_acquirer_filing,
3925669020,2022-05-03,2022-05-03,Truist Financial Corp,Long Game Savings Inc,0000092230,,,Priv.,merger_proxy,2022-04-03,2022-06-02,5,8-K; 424B3,,,yes,machine_target_name_in_acquirer_filing,
3845837020,2021-12-13,2021-12-13,Vivid Seats Inc,Betcha Sports Inc,0001856031,,65.00,Priv.,merger_proxy,2021-11-13,2022-01-12,4,8-K; 424B3,,,yes,machine_target_name_in_acquirer_filing,
3941653020,2022-05-23,2022-06-16,Quantum Computing Inc,QPhoton Inc,0001758009,,8.703,Priv.,merger_proxy,2022-04-23,2022-07-16,4,8-K; 424B3,,,yes,machine_target_name_in_acquirer_filing,
3829259020,2021-11-09,2021-11-09,Quantum-Si Inc,Majelac Technologies LLC,0001816431,,,Priv.,merger_proxy,2021-10-10,2021-12-09,4,8-K; 424B3,,,yes,machine_target_name_in_acquirer_filing,
3919146020,2022-04-14,2022-04-14,Hagerty Inc,Speed Digital LLC,0001840776,,,Priv.,merger_proxy,2022-03-15,2022-05-14,4,8-K; 424B3,,,yes,machine_target_name_in_acquirer_filing,
3953332040,2022-07-21,2022-07-21,Intercontinental Exchange Inc,Engaged Trckng (Et) Index Ltd,0001571949,,,,merger_proxy,2022-06-21,2022-08-20,4,S-4/A; 8-K; 424B3,,,yes,machine_target_name_in_acquirer_filing,
3791099020,2021-08-26,2021-08-26,Advantage Solutions Inc,Strong Analytics Llc,0001776661,,,Priv.,merger_proxy,2021-07-27,2021-09-25,3,8-K; 424B3,,,yes,machine_target_name_in_acquirer_filing,
3896666020,2022-03-21,2022-03-22,SmartRent Inc,SightPlan Inc,0001837014,,135.00,Priv.,merger_proxy,2022-02-19,2022-04-21,2,8-K; 424B3,,,yes,machine_target_name_in_acquirer_filing,
3550495020,2020-04-08,2020-04-08,Zoetis Inc,Performance Livestock,0001555280,,,Priv.,merger_proxy,2020-03-09,2020-05-08,2,8-K; 424B3,,,yes,machine_target_name_in_acquirer_filing,
3887864040,2022-03-15,2022-08-11,JPMorgan Chase & Co,Global Shares PLC,0000019617,,,,merger_proxy,2022-02-13,2022-09-10,379,8-K; 424B3,,,no,machine_form_and_window_only,
3680562040,2020-12-28,2021-07-30,JPMorgan Chase & Co,Tavisca Solutions Pvt Ltd,0000019617,,,,merger_proxy,2020-11-28,2021-08-29,257,424B3; 8-K/A; 8-K,,,no,machine_form_and_window_only,
3799747020,2021-09-15,2022-03-29,Goldman Sachs Group Inc,Greensky Inc,0000886982,,"2,239.124",Public,merger_proxy,2021-08-16,2022-04-28,91,424B3; 8-K; S-4; S-4/A,,,no,machine_form_and_window_only,
3766151040,2021-06-29,2021-06-29,Goldman Sachs Group Inc,Nettitude Ltd,0000886982,,,,merger_proxy,2021-05-30,2021-07-29,21,8-K; 424B3,,,no,machine_form_and_window_only,
3846918020,2021-12-13,2022-01-18,Rocket Lab USA Inc,SolAero Technologies Corp,0001819994,,80.00,Priv.,merger_proxy,2021-11-13,2022-02-17,20,8-K; 424B3,,,no,machine_form_and_window_only,
3764974040,2021-06-25,2021-09-01,Advent Technologies Holdings,SerEnergy A/S,0001744494,,62.036,,merger_proxy,2021-05-26,2021-10-01,20,8-K; 424B3; 8-K/A,,,no,machine_form_and_window_only,
3762860040,2021-06-25,2021-09-01,Advent Technologies Holdings,Fischer Eco Solutions GmbH,0001744494,,,,merger_proxy,2021-05-26,2021-10-01,20,8-K; 424B3; 8-K/A,,,no,machine_form_and_window_only,
3848871020,2021-12-16,2022-02-01,Stem Inc,AlsoEnergy Inc,0001758766,,695.00,Priv.,merger_proxy,2021-11-16,2022-03-03,19,8-K; 424B3,,,no,machine_form_and_window_only,
3850686020,2021-12-22,2022-04-05,Skillsoft Corp,Ryzac Inc,0001774675,,525.00,Priv.,merger_proxy,2021-11-22,2022-05-05,19,8-K; 424B3; PREM14A; DEFM14A,,,no,machine_form_and_window_only,
3968891020,2022-07-01,2022-07-01,Goldman Sachs Group Inc,Sensata Technologies-Qinex,0000886982,,219.00,Sub.,merger_proxy,2022-06-01,2022-07-31,19,8-K; 424B3,,,no,machine_form_and_window_only,
3969906020,2022-08-19,2022-08-19,Ginkgo Bioworks Holdings Inc,Baktus Inc-Epidemiological,0001830214,,,Sub.,merger_proxy,2022-07-20,2022-09-18,16,8-K; 424B3; S-4; S-4/A,,,no,machine_form_and_window_only,
3889580020,2022-03-16,2022-10-14,The Carlyle Group Inc,EverWatch Corp,0001527166,,,Sub.,merger_proxy,2022-02-14,2022-11-13,15,8-K; 424B3; 8-K/A,,,no,machine_form_and_window_only,
3771128020,2021-07-13,2021-09-02,ZoomInfo Technologies Inc,AffectLayer Inc,0001794515,,575.00,Priv.,merger_proxy,2021-06-13,2021-10-02,14,8-K; 424B3,,,no,machine_form_and_window_only,
3665297040,2020-01-24,2020-01-24,Citigroup Inc,OilX Ltd,0000831001,,,,merger_proxy,2019-12-25,2020-02-23,14,424B3; 8-K,,,no,machine_form_and_window_only,
3891770020,2021-12-09,2022-02-10,System1 Inc,RoadWarrior LLC,0001805833,,,Priv.,merger_proxy,2021-11-09,2022-03-12,14,8-K; S-4/A; 424B3; 8-K/A,,,no,machine_form_and_window_only,
3779981020,2021-08-03,2021-10-05,Marvell Technology Inc,Innovium Inc,0001835632,,"1,153.859",Priv.,merger_proxy,2021-07-04,2021-11-04,12,8-K; S-4; 424B3; S-4/A,,,no,machine_form_and_window_only,
3575764040,2020-05-14,2020-07-15,Microsoft Corp,Metaswitch Networks Ltd,0000789019,,,,merger_proxy,2020-04-14,2020-08-14,12,8-K; S-4; S-4/A; 424B3,,,no,machine_form_and_window_only,
3701044040,2021-02-15,2021-05-21,Verizon Communications Inc,Incubed IT GmbH,0000732712,,,,merger_proxy,2021-01-16,2021-06-20,12,S-4; 8-K; S-4/A; 424B3; 8-K/A,,,no,machine_form_and_window_only,
3571964020,2020-05-05,2020-06-22,Microsoft Corp,CyberX Inc,0000789019,,,Priv.,merger_proxy,2020-04-05,2020-07-22,11,8-K; S-4; S-4/A; 424B3,,,no,machine_form_and_window_only,
3924275040,2022-05-18,2022-05-18,Joby Aviation Inc,Avionyx,0001819848,,,,merger_proxy,2022-04-18,2022-06-17,11,424B3; 8-K,,,no,machine_form_and_window_only,
3637667020,2020-09-21,2021-03-09,Microsoft Corp,ZeniMax Media Inc,0000789019,,"7,500.00",Priv.,merger_proxy,2020-08-22,2021-04-08,10,8-K; S-4; S-4/A; 424B3,,,no,machine_form_and_window_only,
3502366020,2020-01-13,2020-03-09,Goldman Sachs Group Inc,Aptos Inc,0000886982,,,Sub.,merger_proxy,2019-12-14,2020-04-08,10,8-K; 424B3,,,no,machine_form_and_window_only,
3525025040,2020-03-06,2020-03-06,Xerox Holdings Corp,Digitex Canada Inc,0001770450,,,,merger_proxy,2020-02-05,2020-04-05,10,8-K; S-4; SC TO-T; S-4/A; PREM14A; SC TO-T/A,,,no,machine_form_and_window_only,
3919819020,2022-05-16,2022-09-14,The Carlyle Group Inc,ManTech International Corp,0001527166,,"3,948.641",Public,merger_proxy,2022-04-16,2022-10-14,9,8-K; 424B3,,,no,machine_form_and_window_only,
3786837020,2021-08-17,2021-10-20,EQT AB,Workforce Logiq,0000033213,,,Sub.,merger_proxy,2021-07-18,2021-11-19,9,8-K; 424B3; 8-K/A,,,no,machine_form_and_window_only,
3517988020,2020-03-17,2020-04-20,Fox Corp,Tubi Inc,0001754301,,440.00,Priv.,merger_proxy,2020-02-16,2020-05-20,8,424B3; 8-K,,,no,machine_form_and_window_only,
3851292040,2021-12-21,2021-12-21,Joby Aviation Inc,Inras Gmbh,0001819848,,,,merger_proxy,2021-11-21,2022-01-20,8,8-K; 424B3,,,no,machine_form_and_window_only,
3772512020,2021-07-09,2021-07-09,EVgo Inc,Recargo Inc,0001821159,,25.00,Sub.,merger_proxy,2021-06-09,2021-08-08,7,8-K; 8-K/A; 424B3,,,no,machine_form_and_window_only,
3579765040,2020-05-19,2020-05-19,Microsoft Corp,Softomotive Ltd,0000789019,,,,merger_proxy,2020-04-19,2020-06-18,7,8-K; S-4; S-4/A; 424B3,,,no,machine_form_and_window_only,
3712459020,2021-03-16,2021-03-16,Microsoft Corp,The Marsden Group Inc,0000789019,,,Priv.,merger_proxy,2021-02-14,2021-04-15,7,S-4; 8-K; S-4/A; 424B3,,,no,machine_form_and_window_only,
3861053040,2022-01-11,2022-01-11,IBM Corp,Envizi Pty Ltd,0000051143,,,,merger_proxy,2021-12-12,2022-02-10,7,8-K; 424B3,,,no,machine_form_and_window_only,
3959875020,2022-08-08,2022-09-06,Truist Financial Corp,BenefitMall Inc,0000092230,,,Sub.,merger_proxy,2022-07-09,2022-10-06,7,8-K; 424B3,,,no,machine_form_and_window_only,
3703763020,2021-02-18,2021-02-18,Advent Technologies Holdings,Ultracell LLC,0001744494,,,Sub.,merger_proxy,2021-01-19,2021-03-20,6,424B3; 8-K; 8-K/A,,,no,machine_form_and_window_only,
3876737020,2022-02-15,2022-02-15,IBM Corp,Neudesic LLC,0000051143,,,Priv.,merger_proxy,2022-01-16,2022-03-17,6,8-K; 424B3,,,no,machine_form_and_window_only,
3965041020,2022-08-22,2022-08-22,Truist Financial Corp,Zaloni Inc,0000092230,,,Priv.,merger_proxy,2022-07-23,2022-09-21,6,424B3; 8-K,,,no,machine_form_and_window_only,
3991430020,2022-10-21,2022-11-01,Crexendo Inc,Allegiant Networks LLC,0000895126,,9.328,Priv.,merger_proxy,2022-09-21,2022-12-01,5,8-K; 424B3; SC TO-I/A,,,no,machine_form_and_window_only,
3632358020,2020-06-18,2020-06-18,Microsoft Corp,ADRM Software Inc,0000789019,,,Priv.,merger_proxy,2020-05-19,2020-07-18,5,424B3; 8-K,,,no,machine_form_and_window_only,
3947466040,2022-07-06,2022-07-06,IBM Corp,Databand.ai Ltd,0000051143,,,,merger_proxy,2022-06-06,2022-08-05,5,8-K; 424B3,,,no,machine_form_and_window_only,
3758688020,2021-06-08,2021-06-08,ZoomInfo Technologies Inc,Insent Inc,0001794515,,,Priv.,merger_proxy,2021-05-09,2021-07-08,4,8-K; 424B3,,,no,machine_form_and_window_only,
3801824020,2021-06-21,2021-06-21,Coinbase Global Inc,Fingo Inc,0001679788,,,Priv.,merger_proxy,2021-05-22,2021-07-21,4,424B3; 8-K; 8-K/A,,,no,machine_form_and_window_only,
3942920020,2022-01-14,2022-01-14,WM Technology Inc,Eyechronic LLC,0001779474,,29.40,Priv.,merger_proxy,2021-12-15,2022-02-13,3,8-K; 424B3,,,no,machine_form_and_window_only,
3857619020,2022-01-04,2022-01-04,SmartRent Inc,iQuue LLC,0001837014,,,Priv.,merger_proxy,2021-12-05,2022-02-03,3,8-K; 424B3,,,no,machine_form_and_window_only,
3932944020,2022-05-06,2022-05-06,Oracle Corp,Adi Insights Inc,0001341439,,,Priv.,merger_proxy,2022-04-06,2022-06-05,3,SC TO-T/A,,,no,machine_form_and_window_only,
3853682040,2021-11-05,2021-11-05,Opendoor Technologies Inc,Commeasure Pte Ltd,0001801169,,,,merger_proxy,2021-10-06,2021-12-05,2,8-K; 424B3,,,no,machine_form_and_window_only,
3812022020,2021-10-06,2021-10-06,Syneos Health Inc,Rxdatascience Inc,0001857030,,,Priv.,merger_proxy,2021-09-06,2021-11-05,1,424B3,,,no,machine_form_and_window_only,
3974142040,2022-09-13,2022-09-13,AvePoint Inc,tyGraph Ltd,0001777921,,,,merger_proxy,2022-08-14,2022-10-13,1,424B3,,,no,machine_form_and_window_only,
3683511020,2021-01-06,2022-10-03,UnitedHealth Group Inc,Change Healthcare Inc,0000731766,,"8,712.514",Public,announcement_only,2020-12-07,2022-11-02,29,8-K,,,not_checked,machine_form_and_window_only,
3620248040,2020-08-10,2021-09-01,Equinix Inc,GPX india Pvt Ltd,0001101239,,161.00,,announcement_only,2020-07-11,2021-10-01,27,8-K,,,not_checked,machine_form_and_window_only,
3771565040,2021-12-21,2022-06-30,Morningstar Inc,Praemium Ltd-Intl Bus,0001289419,,46.225,,announcement_only,2021-11-21,2022-07-30,18,8-K,,,not_checked,machine_form_and_window_only,
3927285040,2022-05-24,2022-11-09,KKR & Co Inc,Frontmatec A/S,0001404912,,,,announcement_only,2022-04-24,2022-12-09,16,8-K,,,not_checked,machine_form_and_window_only,
3582055040,2020-06-01,2020-10-01,Equinix Inc,BCE Inc-Bell Data Center(25),0001101239,,756.046,,announcement_only,2020-05-02,2020-10-31,15,8-K,,,not_checked,machine_form_and_window_only,
3902069020,2022-04-12,2022-08-16,KKR & Co Inc,Barracuda Networks Inc,0001404912,,,Sub.,announcement_only,2022-03-13,2022-09-15,14,8-K,,,not_checked,machine_form_and_window_only,
3307784020,2022-03-28,2022-08-29,HP Inc,Plantronics Inc,0000047217,,"1,909.10",Public,announcement_only,2022-02-26,2022-09-28,13,8-K,,,not_checked,machine_form_and_window_only,
3691525020,2021-01-15,2021-01-15,Wells Fargo & Co,NoviSci Inc,0000072971,,,Priv.,announcement_only,2020-12-16,2021-02-14,13,8-K,,,not_checked,machine_form_and_window_only,
3931132020,2022-06-08,2022-07-13,ICF International Inc,SemanticBits LLC,0001362004,,220.00,Priv.,announcement_only,2022-05-09,2022-08-12,12,8-K; 8-K/A,,,not_checked,machine_form_and_window_only,
3902536040,2022-04-13,2022-07-05,Aviat Networks Inc,Redline Commun Group Inc,0001377789,,12.254,,announcement_only,2022-03-14,2022-08-04,12,8-K,,,not_checked,machine_form_and_window_only,
3520113020,2020-02-06,2020-04-21,Boxlight Corp,MyStemKits Inc,0001624512,,.60,Sub.,announcement_only,2020-01-07,2020-05-21,12,8-K,,,not_checked,machine_form_and_window_only,
3653963020,2020-10-26,2021-10-25,First American Financial Corp,ServiceMac LLC,0001472787,,,Priv.,announcement_only,2020-09-26,2021-11-24,12,8-K,,,not_checked,machine_form_and_window_only,
3816687020,2021-10-20,2022-05-02,Cboe Global Markets Inc,Eris Digital Holdings LLC,0001374310,,,Sub.,announcement_only,2021-09-20,2022-06-01,12,8-K,,,not_checked,machine_form_and_window_only,
2647141020,2021-04-12,2022-03-04,Microsoft Corp,Nuance Communications Inc,0000789019,,"16,351.497",Public,announcement_only,2021-03-13,2022-04-03,11,8-K,,,not_checked,machine_form_and_window_only,
3895329020,2022-03-28,2022-11-01,Boyd Gaming Corp,Pala Interactive LLC,0000906553,,170.00,Priv.,announcement_only,2022-02-26,2022-12-01,11,8-K,,,not_checked,machine_form_and_window_only,
3685525020,2021-01-08,2021-09-10,The Carlyle Group Inc,Tracepoint LLC,0001527166,,120.00,Sub.,announcement_only,2020-12-09,2021-10-10,11,8-K; 8-K/A,,,not_checked,machine_form_and_window_only,
3586998020,2020-06-10,2020-07-28,BIO-key International Inc,PistolStar Inc,0001019034,,2.50,Priv.,announcement_only,2020-05-11,2020-08-27,11,8-K; 8-K/A,,,not_checked,machine_form_and_window_only,
3679210040,2020-12-07,2021-05-03,Cisco Systems Inc,Slido SRL,0000858877,,,,announcement_only,2020-11-07,2021-06-02,11,8-K,,,not_checked,machine_form_and_window_only,
3662022040,2020-11-19,2021-02-11,Nasdaq Inc,Verafin Inc,0001120193,,"2,750.00",,announcement_only,2020-10-20,2021-03-13,10,8-K,,,not_checked,machine_form_and_window_only,
3878491040,2022-02-17,2022-05-03,Equinix Inc,ENTEL-Data Centers(4),0001101239,,736.00,,announcement_only,2022-01-18,2022-06-02,10,8-K,,,not_checked,machine_form_and_window_only,
3764857020,2021-06-29,2021-08-17,Builders FirstSource Inc,WTS Paradigm LLC,0001316835,,450.00,Priv.,announcement_only,2021-05-30,2021-09-16,10,8-K,,,not_checked,machine_form_and_window_only,
3702045020,2021-02-24,2021-06-01,HP Inc,Kingston Tech Co Inc-HyperX,0000047217,,425.00,Sub.,announcement_only,2021-01-25,2021-07-01,10,8-K,,,not_checked,machine_form_and_window_only,
3697310020,2021-02-10,2021-06-03,Data Storage Corp,Flagship Solutions LLC,0001419951,,10.50,Priv.,announcement_only,2021-01-11,2021-07-03,10,8-K; 8-K/A,,,not_checked,machine_form_and_window_only,
3820894020,2021-10-19,2021-10-19,IBM Corp,Volta Networks Inc,0000051143,,,Priv.,announcement_only,2021-09-19,2021-11-18,10,8-K,,,not_checked,machine_form_and_window_only,
3850381020,2021-12-21,2022-04-04,Mastercard Inc,Dynamic Yield Inc,0001141391,,,Sub.,announcement_only,2021-11-21,2022-05-04,10,8-K; 8-K/A,,,not_checked,machine_form_and_window_only,
3889427020,2022-02-28,2022-06-03,Diodes Inc,Onsemi-Water Fabrication,0000029002,,,Sub.,announcement_only,2022-01-29,2022-07-03,10,8-K,,,not_checked,machine_form_and_window_only,
3592745020,2020-06-23,2020-11-19,Mastercard Inc,Finicity Corp,0001141391,,985.00,Priv.,announcement_only,2020-05-24,2020-12-19,9,8-K,,,not_checked,machine_form_and_window_only,
3774828020,2021-07-19,2021-09-01,Bill.com Holdings Inc,Invoice2go Inc,0001786352,,625.00,Priv.,announcement_only,2021-06-19,2021-10-01,9,8-K; 8-K/A,,,not_checked,machine_form_and_window_only,
3715589040,2021-03-22,2021-05-25,Digital Turbine Inc,Fyber NV,0000317788,,570.00,,announcement_only,2021-02-20,2021-06-24,9,8-K,,,not_checked,machine_form_and_window_only,
3973484020,2022-05-26,2022-08-02,Glimpse Group Inc,Brightline Interactive LLC,0001854445,,32.50,Priv.,announcement_only,2022-04-26,2022-09-01,9,8-K; 8-K/A,,,not_checked,machine_form_and_window_only,
3727871020,2021-04-14,2021-06-04,KKR & Co Inc,Ensono LP,0001404912,,,Priv.,announcement_only,2021-03-15,2021-07-04,9,8-K/A; 8-K,,,not_checked,machine_form_and_window_only,
3627192020,2020-08-27,2020-10-01,Emerson Electric Co,Open Systems International Inc,0000032604,,"1,600.00",Priv.,announcement_only,2020-07-28,2020-10-31,8,8-K,,,not_checked,machine_form_and_window_only,
3741298020,2021-05-17,2021-07-14,Twilio Inc,Zipwhip Inc,0001447669,,850.00,Priv.,announcement_only,2021-04-17,2021-08-13,8,8-K,,,not_checked,machine_form_and_window_only,
3738528040,2021-05-10,2021-07-15,MKS Instruments Inc,Photon Control Inc,0001049502,,311.903,,announcement_only,2021-04-10,2021-08-14,8,8-K,,,not_checked,machine_form_and_window_only,
3791426020,2021-08-19,2021-08-19,Rekor System Inc,Waycare Technologies Ltd,0001697851,,60.121,Priv.,announcement_only,2021-07-20,2021-09-18,8,8-K; 8-K/A,,,not_checked,machine_form_and_window_only,
3520676020,2020-03-02,2020-06-01,KKR & Co Inc,Compuware Corp,0001404912,,,Sub.,announcement_only,2020-02-01,2020-07-01,8,8-K,,,not_checked,machine_form_and_window_only,
3689744020,2021-01-07,2021-02-22,IBM Corp,StackRox Inc,0000051143,,,Priv.,announcement_only,2020-12-08,2021-03-24,8,8-K,,,not_checked,machine_form_and_window_only,
3696998040,2021-02-08,2021-02-08,Bally's Corp,SportCaller Ltd,0001747079,,,,announcement_only,2021-01-09,2021-03-10,8,8-K; 8-K/A,,,not_checked,machine_form_and_window_only,
3723773020,2021-04-07,2021-05-18,KKR & Co Inc,Therapy Brands Holdings LLC,0001404912,,,Sub.,announcement_only,2021-03-08,2021-06-17,8,8-K/A; 8-K,,,not_checked,machine_form_and_window_only,
3751722040,2021-06-08,2021-11-30,Honeywell International Inc,Cambridge Quantum Computing,0000773840,,,,announcement_only,2021-05-09,2021-12-30,8,8-K,,,not_checked,machine_form_and_window_only,
3818482020,2021-10-08,2021-10-08,Capital One Financial Corp,Lola Travel Co,0000927628,,,Priv.,announcement_only,2021-09-08,2021-11-07,8,8-K,,,not_checked,machine_form_and_window_only,
3958349020,2022-07-14,2022-09-26,Roper Technologies Inc,TIP Technologies Inc,0000882835,,,Priv.,announcement_only,2022-06-14,2022-10-26,8,8-K,,,not_checked,machine_form_and_window_only,
3709776040,2021-03-12,2021-06-17,Bentley Systems Inc,Seequent Ltd,0001031308,,"1,040.733",,announcement_only,2021-02-10,2021-07-17,7,8-K,,,not_checked,machine_form_and_window_only,
3664053040,2020-11-24,2021-01-05,TransDigm Group Inc,Chelton Ltd,0001260221,,965.00,,announcement_only,2020-10-25,2021-02-04,7,8-K; 8-K/A,,,not_checked,machine_form_and_window_only,
3775433040,2021-07-22,2021-12-20,Visa Inc,The Currency Cloud Ltd,0001403161,,959.70,,announcement_only,2021-06-22,2022-01-19,7,8-K,,,not_checked,machine_form_and_window_only,
3659942020,2020-11-11,2020-12-15,Palo Alto Networks Inc,Expanse Inc,0001327567,,800.00,Priv.,announcement_only,2020-10-12,2021-01-14,7,8-K; 8-K/A,,,not_checked,machine_form_and_window_only,
3832996020,2021-11-16,2022-01-31,Bentley Systems Inc,Power Line Systems LLC,0001031308,,700.00,Sub.,announcement_only,2021-10-17,2022-03-02,7,8-K,,,not_checked,machine_form_and_window_only,
3891655020,2022-03-15,2022-05-04,SentinelOne Inc,Attivo Networks Inc,0001583708,,529.752,Priv.,announcement_only,2022-02-13,2022-06-03,7,8-K,,,not_checked,machine_form_and_window_only,
3502353020,2020-01-14,2020-03-02,Equinix Inc,Packet Host Inc,0001101239,,336.60,Priv.,announcement_only,2019-12-15,2020-04-01,7,8-K,,,not_checked,machine_form_and_window_only,
3852630020,2021-12-17,2022-03-02,RF Industries Ltd,Microlab LLC,0000740664,,24.25,Sub.,announcement_only,2021-11-17,2022-04-01,7,8-K,,,not_checked,machine_form_and_window_only,
3560444020,2020-04-17,2020-04-17,MVB Financial Corp,Paladin Group Inc,0001277902,,,Priv.,announcement_only,2020-03-18,2020-05-17,7,8-K,,,not_checked,machine_form_and_window_only,
3677382040,2020-12-21,2021-02-16,IBM Corp,Nordcloud Oy,0000051143,,,,announcement_only,2020-11-21,2021-03-18,7,8-K,,,not_checked,machine_form_and_window_only,
3746026020,2021-05-26,2021-05-26,EQT AB,Symphony Performance Health,0000033213,,,Priv.,announcement_only,2021-04-26,2021-06-25,7,8-K,,,not_checked,machine_form_and_window_only,
3748484040,2021-05-28,2021-05-28,Grid Dynamics Holdings Inc,Tacit Knowledge Ltd,0001743725,,,,announcement_only,2021-04-28,2021-06-27,7,8-K,,,not_checked,machine_form_and_window_only,
3790079020,2021-08-25,2021-10-08,Comcast Corp,Masergy Communications Inc,0001166691,,,Sub.,announcement_only,2021-07-26,2021-11-07,7,8-K,,,not_checked,machine_form_and_window_only,
3818911040,2021-12-17,2022-03-01,KKR & Co Inc,Yayoi Bus Preparation Co,0001404912,,,,announcement_only,2021-11-17,2022-03-31,7,8-K,,,not_checked,machine_form_and_window_only,
3872916040,2022-02-07,2022-04-26,EQT AB,Forsta Woldwide Ltd,0000033213,,,,announcement_only,2022-01-08,2022-05-26,7,8-K,,,not_checked,machine_form_and_window_only,
3928653040,2022-06-02,2022-10-07,Nasdaq Inc,Metrio Inc,0001120193,,,,announcement_only,2022-05-03,2022-11-06,7,8-K,,,not_checked,machine_form_and_window_only,
3933348040,2022-05-26,2022-05-26,Trinity Industries Inc,Quasar Platform Inc,0000099780,,,,announcement_only,2022-04-26,2022-06-25,7,8-K,,,not_checked,machine_form_and_window_only,
3705005020,2021-03-03,2021-05-03,Okta Inc,Auth0 Inc,0001660134,,"6,252.724",Priv.,announcement_only,2021-02-01,2021-06-02,6,8-K,,,not_checked,machine_form_and_window_only,
3707417020,2021-03-08,2021-07-01,DuPont de Nemours Inc,Laird Technologies Inc,0001666700,,"2,300.00",Sub.,announcement_only,2021-02-06,2021-07-31,6,8-K,,,not_checked,machine_form_and_window_only,
3898599020,2022-04-04,2022-05-26,Advanced Micro Devices Inc,Pensando Systems Inc,0000002488,,"1,900.00",Priv.,announcement_only,2022-03-05,2022-06-25,6,8-K/A; 8-K,,,not_checked,machine_form_and_window_only,
3888463040,2022-03-15,2022-06-06,Zebra Technologies Corp,Matrox Electronic Systems Ltd,0000877212,,875.00,,announcement_only,2022-02-13,2022-07-06,6,8-K,,,not_checked,machine_form_and_window_only,
3627288020,2020-08-27,2020-10-01,Fastly Inc,Signal Sciences Corp,0001517413,,775.00,Priv.,announcement_only,2020-07-28,2020-10-31,6,8-K; 8-K/A,,,not_checked,machine_form_and_window_only,
3791776040,2021-08-30,2021-12-02,Synaptics Inc,Dsp Grp Inc,0000817720,,597.001,,announcement_only,2021-07-31,2022-01-01,6,8-K,,,not_checked,machine_form_and_window_only,
3698284020,2021-02-10,2021-10-01,Zillow Group Inc,Showingtime.Com Inc,0001617640,,500.00,Priv.,announcement_only,2021-01-11,2021-10-31,6,8-K,,,not_checked,machine_form_and_window_only,
3718314020,2021-03-25,2021-05-05,News Corp,Investor's Business Daily Inc,0001564708,,275.00,Sub.,announcement_only,2021-02-23,2021-06-04,6,8-K,,,not_checked,machine_form_and_window_only,
3501600020,2020-01-13,2020-01-31,ICF International Inc,Incentive Technology Group LLC,0001362004,,255.00,Priv.,announcement_only,2019-12-14,2020-03-01,6,8-K; 8-K/A,,,not_checked,machine_form_and_window_only,
3699277020,2021-02-17,2021-03-31,iHeartMedia Inc,Triton Digital Inc,0001400891,,230.00,Sub.,announcement_only,2021-01-18,2021-04-30,6,8-K,,,not_checked,machine_form_and_window_only,
3729339040,2021-04-08,2021-08-11,GoDaddy Inc,Minds + Mach Grp Ltd-Asts,0001609711,,120.00,,announcement_only,2021-03-09,2021-09-10,6,8-K; 8-K/A,,,not_checked,machine_form_and_window_only,
3958728020,2022-07-28,2022-07-28,Becton Dickinson & Co,MedKeeper LLC,0000010795,,93.00,Sub.,announcement_only,2022-06-28,2022-08-27,6,8-K,,,not_checked,machine_form_and_window_only,
3500925040,2020-01-08,2020-01-08,Hilan Ltd,CassaCloud Sro,0001561032,,,,announcement_only,2019-12-09,2020-02-07,6,8-K; SC TO-I,,,not_checked,machine_form_and_window_only,
3506852040,2020-01-21,2020-03-02,Broadridge Finl Solutions Inc,Fundslibrary Ltd,0001383312,,,,announcement_only,2019-12-22,2020-04-01,6,8-K,,,not_checked,machine_form_and_window_only,
3517025040,2020-02-19,2020-05-04,Rockwell Automation Inc,Asem SpA,0001024478,,,,announcement_only,2020-01-20,2020-06-03,6,8-K,,,not_checked,machine_form_and_window_only,
3593724020,2020-06-24,2020-06-24,Tandem Diabetes Care Inc,Sugarmate Inc,0001438133,,,Priv.,announcement_only,2020-05-25,2020-07-24,6,8-K,,,not_checked,machine_form_and_window_only,
3735063020,2021-04-29,2021-06-17,IBM Corp,Turbonomic Inc,0000051143,,,Priv.,announcement_only,2021-03-30,2021-07-17,6,8-K,,,not_checked,machine_form_and_window_only,
3760222020,2021-06-10,2021-08-28,Nvidia Corp,DeepMap Inc,0001045810,,,Priv.,announcement_only,2021-05-11,2021-09-27,6,8-K,,,not_checked,machine_form_and_window_only,
3850363040,2021-12-14,2021-12-14,Blackstone Inc,LeadSift Inc,0001393818,,,,announcement_only,2021-11-14,2022-01-13,6,8-K; 8-K/A,,,not_checked,machine_form_and_window_only,
3899100040,2022-01-27,2022-01-27,Intel Corp,Optoscribe Ltd,0000050863,,,,announcement_only,2021-12-28,2022-02-26,6,8-K,,,not_checked,machine_form_and_window_only,
3943961020,2022-06-28,2022-06-28,Roper Technologies Inc,MGA Systems Inc,0000882835,,,Priv.,announcement_only,2022-05-29,2022-07-28,6,8-K,,,not_checked,machine_form_and_window_only,
3953599020,2022-07-13,2022-07-13,KKR & Co Inc,AndPlus Inc,0001404912,,,Priv.,announcement_only,2022-06-13,2022-08-12,6,8-K,,,not_checked,machine_form_and_window_only,
3751041020,2021-06-07,2021-08-31,Blackstone Group Inc,QTS Realty Trust Inc,0001393818,,"10,000.00",Public,announcement_only,2021-05-08,2021-09-30,5,8-K,,,not_checked,machine_form_and_window_only,
3884563020,2022-03-08,2022-09-12,Alphabet Inc,Mandiant Inc,0001652044,,"5,914.604",Public,announcement_only,2022-02-06,2022-10-12,5,8-K,,,not_checked,machine_form_and_window_only,
3083608020,2021-06-25,2021-09-01,Rockwell Automation Inc,Plex Systems Inc,0001024478,,"2,220.00",Sub.,announcement_only,2021-05-26,2021-10-01,5,8-K,,,not_checked,machine_form_and_window_only,
3715187020,2021-03-22,2021-04-29,AMETEK Inc,Abaco Systems Inc,0001037868,,"1,350.00",Sub.,announcement_only,2021-02-20,2021-05-29,5,8-K,,,not_checked,machine_form_and_window_only,
3737192020,2021-05-04,2021-06-11,The Carlyle Group Inc,Liberty IT Solutions LLC,0001527166,,725.00,Priv.,announcement_only,2021-04-04,2021-07-11,5,8-K,,,not_checked,machine_form_and_window_only,
3844424020,2021-12-10,2022-01-26,Iron Mountain Inc,ITRenew Inc,0001020569,,725.00,Sub.,announcement_only,2021-11-10,2022-02-25,5,8-K,,,not_checked,machine_form_and_window_only,
3654636020,2020-10-28,2020-12-01,Assurant Inc,HYLA Inc,0001267238,,325.00,Priv.,announcement_only,2020-09-28,2020-12-31,5,8-K,,,not_checked,machine_form_and_window_only,
3610540020,2020-07-20,2020-07-31,Synaptics Inc,DisplayLink Corp,0000817720,,305.00,Priv.,announcement_only,2020-06-20,2020-08-30,5,8-K,,,not_checked,machine_form_and_window_only,
3728747020,2021-04-14,2021-06-02,WEX Inc,Benefit Express Services LLC,0001309108,,275.00,Priv.,announcement_only,2021-03-15,2021-07-02,5,8-K,,,not_checked,machine_form_and_window_only,
3879360020,2022-02-11,2022-02-11,Verisk Analytics Inc,Infutor Data Solutions LLC,0001442145,,248.50,Priv.,announcement_only,2022-01-12,2022-03-13,5,8-K,,,not_checked,machine_form_and_window_only,
3722763020,2021-04-01,2021-04-01,Brinks Co,PAI Inc,0000078890,,213.00,Sub.,announcement_only,2021-03-02,2021-05-01,5,8-K,,,not_checked,machine_form_and_window_only,
3679923040,2020-12-17,2020-12-17,AT&T Inc,YOUi Labs Inc,0000732717,,78.481,,announcement_only,2020-11-17,2021-01-16,5,8-K,,,not_checked,machine_form_and_window_only,
3943595040,2022-06-30,2022-06-30,Morningstar Inc,Praemium Ltd-Intl Bus,0001289419,,42.438,,announcement_only,2022-05-31,2022-07-30,5,8-K,,,not_checked,machine_form_and_window_only,
3644431020,2020-10-01,2020-10-01,Mastech Digital Inc,AmberLeaf Partners Inc,0001437226,,14.00,Priv.,announcement_only,2020-09-01,2020-10-31,5,8-K; 8-K/A,,,not_checked,machine_form_and_window_only,
3549838020,2020-04-07,2020-04-07,AT&T Inc,Canopy Crest Corp,0000732717,,,Priv.,announcement_only,2020-03-08,2020-05-07,5,8-K,,,not_checked,machine_form_and_window_only,
3583684040,2020-06-03,2020-07-13,NetApp Inc,Spotinst Ltd,0001002047,,,,announcement_only,2020-05-04,2020-08-12,5,8-K,,,not_checked,machine_form_and_window_only,
3648517020,2020-10-13,2020-10-13,Blackstone Group Inc,AlgoLift Inc,0001393818,,,Priv.,announcement_only,2020-09-13,2020-11-12,5,8-K,,,not_checked,machine_form_and_window_only,
3649503020,2020-10-13,2020-10-13,EQT AB,Health Platforms Group Inc,0000033213,,,Priv.,announcement_only,2020-09-13,2020-11-12,5,8-K,,,not_checked,machine_form_and_window_only,
3657408020,2020-11-05,2020-11-05,Shift4 Payments Inc,Infomart2000 Corp,0001794669,,,Priv.,announcement_only,2020-10-06,2020-12-05,5,8-K,,,not_checked,machine_form_and_window_only,
3659467040,2020-10-05,2020-10-05,Qorvo Inc,7Hugs Labs SAS,0001604778,,,,announcement_only,2020-09-05,2020-11-04,5,8-K,,,not_checked,machine_form_and_window_only,
3660894040,2020-11-11,2021-01-26,Lam Research Corp,Talus Manufacturing Ltd,0000707549,,,,announcement_only,2020-10-12,2021-02-25,5,8-K,,,not_checked,machine_form_and_window_only,
3672500040,2020-11-17,2020-12-31,Rockwell Automation Inc,Fiix Inc,0001024478,,,,announcement_only,2020-10-18,2021-01-30,5,8-K,,,not_checked,machine_form_and_window_only,
3697201020,2020-12-22,2021-01-25,Cisco Systems Inc,Dashbase Inc,0000858877,,,Priv.,announcement_only,2020-11-22,2021-02-24,5,8-K,,,not_checked,machine_form_and_window_only,
3722440040,2021-04-01,2021-04-01,Ares Management Corp,Seal Telecom Comercio E,0001176948,,,,announcement_only,2021-03-02,2021-05-01,5,8-K,,,not_checked,machine_form_and_window_only,
3741286020,2021-05-06,2021-05-06,3D Systems Corp,Allevi Inc,0000910638,,,Priv.,announcement_only,2021-04-06,2021-06-05,5,8-K,,,not_checked,machine_form_and_window_only,
3755243020,2021-06-14,2021-09-15,Blackstone Inc,Ellucian Co LP,0001393818,,,Sub.,announcement_only,2021-05-15,2021-10-15,5,8-K,,,not_checked,machine_form_and_window_only,
3759091020,2021-06-15,2021-07-19,Blackstone Group Inc,JetFuel LLC,0001393818,,,Sub.,announcement_only,2021-05-16,2021-08-18,5,8-K,,,not_checked,machine_form_and_window_only,
3839598020,2021-11-29,2021-11-29,Mercury Systems Inc,Atlanta Micro Inc,0001049521,,,Priv.,announcement_only,2021-10-30,2021-12-29,5,8-K,,,not_checked,machine_form_and_window_only,
3859553020,2022-01-01,2022-01-01,EQT AB,LiveSource Inc,0000033213,,,Priv.,announcement_only,2021-12-02,2022-01-31,5,8-K,,,not_checked,machine_form_and_window_only,
3860700020,2022-01-11,2022-04-19,Blackstone Inc,CampusLogic Inc,0001393818,,,Priv.,announcement_only,2021-12-12,2022-05-19,5,8-K,,,not_checked,machine_form_and_window_only,
3887387020,2022-01-10,2022-01-10,Adobe Inc,Elastic Projects-Notebooks,0000796343,,,Sub.,announcement_only,2021-12-11,2022-02-09,5,8-K,,,not_checked,machine_form_and_window_only,
3894563020,2022-03-21,2022-04-06,Ondas Holdings Inc,Ardenna Inc,0001646188,,,Priv.,announcement_only,2022-02-19,2022-05-06,5,8-K,,,not_checked,machine_form_and_window_only,
3915952020,2022-05-02,2022-05-02,Advanced Drainage Systems Inc,Cultec Inc,0001604028,,,Priv.,announcement_only,2022-04-02,2022-06-01,5,8-K,,,not_checked,machine_form_and_window_only,
3926693040,2022-05-24,2022-05-24,Pegasystems Inc,Everflow,0001013857,,,,announcement_only,2022-04-24,2022-06-23,5,8-K,,,not_checked,machine_form_and_window_only,
3646630020,2020-10-12,2020-11-02,Twilio Inc,Segment.io Inc,0001447669,,"3,200.00",Priv.,announcement_only,2020-09-12,2020-12-02,4,8-K,,,not_checked,machine_form_and_window_only,
3782956020,2021-08-10,2021-09-30,Equifax Inc,Appriss Insights LLC,0000033185,,"1,825.00",Sub.,announcement_only,2021-07-11,2021-10-30,4,8-K,,,not_checked,machine_form_and_window_only,
3789117040,2022-01-19,2022-01-19,Blackstone Inc,Interplex Holdings Pte Ltd,0001393818,,"1,600.00",,announcement_only,2021-12-20,2022-02-18,4,8-K,,,not_checked,machine_form_and_window_only,
3929832020,2022-06-06,2022-07-18,Becton Dickinson & Co,Parata Systems LLC,0000010795,,"1,525.00",Sub.,announcement_only,2022-05-07,2022-08-17,4,8-K,,,not_checked,machine_form_and_window_only,
3774506020,2021-07-19,2021-09-13,Vontier Corp,DRB Systems LLC,0001786842,,965.00,Sub.,announcement_only,2021-06-19,2021-10-13,4,8-K,,,not_checked,machine_form_and_window_only,
3700032040,2021-01-28,2021-03-09,Workday Inc,Peakon ApS,0001327811,,700.00,,announcement_only,2020-12-29,2021-04-08,4,8-K,,,not_checked,machine_form_and_window_only,
3871813020,2022-02-07,2022-04-01,Fiserv Inc,Finxact LLC,0000798354,,650.00,Priv.,announcement_only,2022-01-08,2022-05-01,4,8-K,,,not_checked,machine_form_and_window_only,
3954002020,2022-07-25,2022-09-01,Cadence Design Systems Inc,OpenEye Scientific Software,0000813672,,500.00,Priv.,announcement_only,2022-06-25,2022-10-01,4,8-K,,,not_checked,machine_form_and_window_only,
3522125040,2020-03-04,2020-04-02,Align Technology Inc,exocad GmbH,0001097149,,420.03,,announcement_only,2020-02-03,2020-05-02,4,8-K,,,not_checked,machine_form_and_window_only,
3700422040,2021-02-18,2021-03-07,CrowdStrike Holdings Inc,Humio Ltd,0001535527,,400.00,,announcement_only,2021-01-19,2021-04-06,4,8-K,,,not_checked,machine_form_and_window_only,
3766435040,2021-07-01,2021-09-01,Hewlett Packard Enterprise Co,Zerto Ltd,0001645590,,374.00,,announcement_only,2021-06-01,2021-10-01,4,8-K,,,not_checked,machine_form_and_window_only,
3770172020,2021-07-08,2021-07-20,Cirrus Logic Inc,Lion Semiconductor Inc,0000772406,,335.00,Priv.,announcement_only,2021-06-08,2021-08-19,4,8-K,,,not_checked,machine_form_and_window_only,
3722325020,2021-04-05,2021-06-14,Graham Holdings Co,Leaf Group Ltd,0000104889,,321.278,Public,announcement_only,2021-03-06,2021-07-14,4,8-K,,,not_checked,machine_form_and_window_only,
3911400040,2022-04-20,2022-05-03,PTC Inc,Intland Software GmbH,0000857005,,280.00,,announcement_only,2022-03-21,2022-06-02,4,8-K,,,not_checked,machine_form_and_window_only,
3827627020,2021-11-03,2021-12-16,CACI International Inc,SA Photonics Inc,0000016058,,275.00,Priv.,announcement_only,2021-10-04,2022-01-15,4,8-K,,,not_checked,machine_form_and_window_only,
3781439020,2021-08-05,2021-08-05,Deere & Co,Bear Flag Robotics Inc,0000315189,,250.00,Priv.,announcement_only,2021-07-06,2021-09-04,4,8-K,,,not_checked,machine_form_and_window_only,
3972098020,2022-09-07,2022-11-01,Wesco International Inc,Rahi Systems Inc,0000929008,,217.00,Priv.,announcement_only,2022-08-08,2022-12-01,4,8-K,,,not_checked,machine_form_and_window_only,
3776705020,2021-07-26,2021-09-09,Omnicell Inc,FDS Inc,0000926326,,177.00,Priv.,announcement_only,2021-06-26,2021-10-09,4,8-K,,,not_checked,machine_form_and_window_only,
3754253020,2021-06-03,2021-06-03,Unisys Corp,Unify Square Inc,0000746838,,152.50,Priv.,announcement_only,2021-05-04,2021-07-03,4,8-K,,,not_checked,machine_form_and_window_only,
3571467020,2020-04-30,2020-05-18,SS&C Technologies Holdings Inc,Innovest Systems LLC,0001402436,,120.00,Priv.,announcement_only,2020-03-31,2020-06-17,4,8-K,,,not_checked,machine_form_and_window_only,
3510168020,2020-01-29,2020-02-19,Qorvo Inc,Custom MMIC Design Services,0001604778,,105.00,Priv.,announcement_only,2019-12-30,2020-03-20,4,8-K,,,not_checked,machine_form_and_window_only,
3857367020,2021-12-31,2021-12-31,Omnicell Inc,MarkeTouch Media LLC,0000926326,,82.00,Priv.,announcement_only,2021-12-01,2022-01-30,4,8-K,,,not_checked,machine_form_and_window_only,
3511923020,2020-02-07,2020-02-07,Upland Software Inc,Char Software Inc,0001505155,,67.70,Priv.,announcement_only,2020-01-08,2020-03-08,4,8-K,,,not_checked,machine_form_and_window_only,
3752896020,2021-05-06,2021-05-06,AMN Healthcare Services Inc,Synzi Holdings Inc,0001142750,,42.50,Priv.,announcement_only,2021-04-06,2021-06-05,4,8-K/A; 8-K,,,not_checked,machine_form_and_window_only,
3707088020,2021-02-24,2021-02-24,AeroVironment Inc,Intelligent Systems Group,0001368622,,36.00,Sub.,announcement_only,2021-01-25,2021-03-26,4,8-K,,,not_checked,machine_form_and_window_only,
3863982020,2021-12-03,2021-12-03,Radiant Logistics Inc,Navegate Inc,0001171155,,35.00,Priv.,announcement_only,2021-11-03,2022-01-02,4,8-K,,,not_checked,machine_form_and_window_only,
3789458040,2021-08-23,2021-08-23,Crawford & Co,edjuster Canada Inc,0000025475,,33.071,,announcement_only,2021-07-24,2021-09-22,4,8-K,,,not_checked,machine_form_and_window_only,
3770091020,2021-07-07,2021-08-02,Cerberus Cyber Sentinel Corp,Catapult Acquisition Corp,0001777319,,30.00,Priv.,announcement_only,2021-06-07,2021-09-01,4,8-K,,,not_checked,machine_form_and_window_only,
3659168020,2020-11-09,2020-11-24,ShotSpotter Inc,Leeds LLC,0001351636,,22.00,Priv.,announcement_only,2020-10-10,2020-12-24,4,8-K,,,not_checked,machine_form_and_window_only,
3620234020,2020-05-25,2020-08-11,Cerberus Cyber Sentinel Corp,Technologyville Inc,0001777319,,6.954,Priv.,announcement_only,2020-04-25,2020-09-10,4,8-K; 8-K/A,,,not_checked,machine_form_and_window_only,
3509141040,2020-01-30,2020-02-24,Qorvo Inc,Decawave Ltd,0001604778,,,,announcement_only,2019-12-31,2020-03-25,4,8-K,,,not_checked,machine_form_and_window_only,
3510405040,2020-01-30,2020-01-30,Xerox Holdings Corp,Arena Group Ltd,0001770450,,,,announcement_only,2019-12-31,2020-02-29,4,8-K,,,not_checked,machine_form_and_window_only,
3512784020,2020-01-21,2020-02-04,Dell Technologies Inc,Nyansa Inc,0001571996,,,Priv.,announcement_only,2019-12-22,2020-03-05,4,8-K,,,not_checked,machine_form_and_window_only,
3516444020,2020-01-29,2020-02-12,KKR & Co Inc,Transphorm Inc,0001404912,,,Priv.,announcement_only,2019-12-30,2020-03-13,4,8-K,,,not_checked,machine_form_and_window_only,
3558349020,2020-04-16,2020-05-18,Verizon Communications Inc,Blue Jeans Network Inc,0000732712,,,Priv.,announcement_only,2020-03-17,2020-06-17,4,8-K,,,not_checked,machine_form_and_window_only,
3571601020,2020-05-05,2020-06-10,Cognizant Technology Solutions,Collaborative Solutions LLC,0001058290,,,Priv.,announcement_only,2020-04-05,2020-07-10,4,8-K,,,not_checked,machine_form_and_window_only,
3580165020,2020-05-26,2020-05-26,Expeditors International of WA,Fleet Logistics Inc-Digital,0000746515,,,Sub.,announcement_only,2020-04-26,2020-06-25,4,8-K,,,not_checked,machine_form_and_window_only,
3580623020,2020-05-28,2020-08-07,Cisco Systems Inc,ThousandEyes Inc,0000858877,,,Priv.,announcement_only,2020-04-28,2020-09-06,4,8-K,,,not_checked,machine_form_and_window_only,
3585571020,2020-05-04,2020-06-02,Fidelity Natl Info Svcs Inc,Zenmonics Inc,0001136893,,,Priv.,announcement_only,2020-04-04,2020-07-02,4,8-K,,,not_checked,machine_form_and_window_only,
3599461020,2020-07-07,2020-07-23,Synaptics Inc,Broadcom Inc-Cert Asts,0000817720,,,Sub.,announcement_only,2020-06-07,2020-08-22,4,8-K,,,not_checked,machine_form_and_window_only,
3619266020,2020-08-05,2020-09-09,Goldman Sachs Group Inc,Revionics Inc,0000886982,,,Priv.,announcement_only,2020-07-06,2020-10-09,4,8-K,,,not_checked,machine_form_and_window_only,
3628507020,2020-08-25,2020-10-01,Cisco Systems Inc,Babblelabs Inc,0000858877,,,Priv.,announcement_only,2020-07-26,2020-10-31,4,8-K,,,not_checked,machine_form_and_window_only,
3628930020,2020-08-31,2020-08-31,CleanSpark Inc,GridFabric LLC,0000827876,,,Priv.,announcement_only,2020-08-01,2020-09-30,4,8-K,,,not_checked,machine_form_and_window_only,
3633524040,2020-09-08,2020-09-08,KKR & Co Inc,Alderstone Consulting,0001404912,,,,announcement_only,2020-08-09,2020-10-08,4,8-K,,,not_checked,machine_form_and_window_only,
3644252040,2020-10-01,2020-10-01,Emerson Electric Co,Progea Srl,0000032604,,,,announcement_only,2020-09-01,2020-10-31,4,8-K,,,not_checked,machine_form_and_window_only,
3666253020,2022-02-16,2022-02-16,Meta Platforms Inc,Kustomer Inc,0001326801,,,Priv.,announcement_only,2022-01-17,2022-03-18,4,8-K; 8-K/A,,,not_checked,machine_form_and_window_only,
3666601040,2020-11-05,2020-11-05,Wynn Resorts Ltd,Vivaro Ltd,0001174922,,,,announcement_only,2020-10-06,2020-12-05,4,8-K; 8-K/A,,,not_checked,machine_form_and_window_only,
3689201020,2021-01-08,2021-01-31,CareDx Inc,TransChart LLC,0001217234,,,Priv.,announcement_only,2020-12-09,2021-03-02,4,8-K,,,not_checked,machine_form_and_window_only,
3696120020,2021-01-26,2021-01-26,Nelnet Inc,Catholic Faith Technologies,0001258602,,,Priv.,announcement_only,2020-12-27,2021-02-25,4,8-K,,,not_checked,machine_form_and_window_only,
3703504040,2021-02-25,2021-02-25,Bentley Systems Inc,E7 Pty Ltd,0001031308,,,,announcement_only,2021-01-26,2021-03-27,4,8-K,,,not_checked,machine_form_and_window_only,
3705355020,2021-03-03,2021-04-01,EQT AB,Four51 Inc,0000033213,,,Priv.,announcement_only,2021-02-01,2021-05-01,4,8-K,,,not_checked,machine_form_and_window_only,
3706568040,2021-03-01,2021-03-01,IQVIA Hldg Inc,Kairos Gmbh,0001478242,,,,announcement_only,2021-01-30,2021-03-31,4,8-K,,,not_checked,machine_form_and_window_only,
3715094020,2021-03-18,2021-03-31,Dell Technologies Inc,Mesh7 Inc,0001571996,,,Priv.,announcement_only,2021-02-16,2021-04-30,4,8-K; S-4,,,not_checked,machine_form_and_window_only,
3747112040,2021-04-12,2021-05-04,Synopsys Inc,MorethanIP GmbH,0000883241,,,,announcement_only,2021-03-13,2021-06-03,4,8-K,,,not_checked,machine_form_and_window_only,
3760078020,2021-06-21,2021-06-21,Everything Blockchain Inc,832 Energy Tech Consultants,0001730869,,,Priv.,announcement_only,2021-05-22,2021-07-21,4,8-K,,,not_checked,machine_form_and_window_only,
3784761040,2021-08-11,2021-09-02,ServiceNow Inc,Mapwize Contexeo SAS,0001373715,,,,announcement_only,2021-07-12,2021-10-02,4,8-K,,,not_checked,machine_form_and_window_only,
3793332020,2021-05-17,2021-05-17,Twilio Inc,Ionic Security Inc,0001447669,,,Priv.,announcement_only,2021-04-17,2021-06-16,4,8-K,,,not_checked,machine_form_and_window_only,
3797871020,2021-07-07,2021-07-07,Fortive Corp,TeamSense Inc,0001659166,,,Priv.,announcement_only,2021-06-07,2021-08-06,4,8-K,,,not_checked,machine_form_and_window_only,
3798943040,2021-08-05,2021-08-20,ServiceNow Inc,Swarm64 AS Zweigstelle Hive,0001373715,,,,announcement_only,2021-07-06,2021-09-19,4,8-K,,,not_checked,machine_form_and_window_only,
3801902040,2021-08-25,2021-09-21,Elastic BV,CmdWatch Security Inc,0001707753,,,,announcement_only,2021-07-26,2021-10-21,4,8-K,,,not_checked,machine_form_and_window_only,
3803411020,2021-09-17,2021-09-17,BTCS Inc,Avalanche,0001436229,,,Sub.,announcement_only,2021-08-18,2021-10-17,4,8-K,,,not_checked,machine_form_and_window_only,
3830602020,2021-11-12,2021-11-12,SEI Investments Co,Novus Partners Inc,0000350894,,,Priv.,announcement_only,2021-10-13,2021-12-12,4,8-K,,,not_checked,machine_form_and_window_only,
3841674040,2021-11-18,2021-11-18,Unisys Corp,Mobinergy Sas,0000746838,,,,announcement_only,2021-10-19,2021-12-18,4,8-K,,,not_checked,machine_form_and_window_only,
3858410020,2022-01-05,2022-01-05,Digerati Technologies Inc,SkyNet Telecom LLC,0001014052,,,Priv.,announcement_only,2021-12-06,2022-02-04,4,8-K; 8-K/A,,,not_checked,machine_form_and_window_only,
3871384040,2022-02-02,2022-02-02,Xerox Holdings Corp,Powerland Computers Ltd,0001770450,,,,announcement_only,2022-01-03,2022-03-04,4,8-K,,,not_checked,machine_form_and_window_only,
3871833020,2022-02-08,2022-02-08,Digerati Technologies Inc,NextLevel Internet Inc,0001014052,,,Priv.,announcement_only,2022-01-09,2022-03-10,4,8-K; 8-K/A,,,not_checked,machine_form_and_window_only,
3882163040,2022-03-01,2022-03-01,Verisk Analytics Inc,Opta Info Intelligence Inc,0001442145,,,,announcement_only,2022-01-30,2022-03-31,4,8-K,,,not_checked,machine_form_and_window_only,
3919137020,2022-05-02,2022-05-02,The Carlyle Group Inc,Thresher Ventures Llc,0001527166,,,Priv.,announcement_only,2022-04-02,2022-06-01,4,8-K/A; 8-K,,,not_checked,machine_form_and_window_only,
3920247020,2022-05-03,2022-05-03,Apollo Global Management Inc,Harvest Energy Services LLC,0001858681,,,Priv.,announcement_only,2022-04-03,2022-06-02,4,8-K,,,not_checked,machine_form_and_window_only,
3923067020,2022-05-19,2022-05-19,Fastly Inc,Glitch Inc,0001517413,,,Priv.,announcement_only,2022-04-19,2022-06-18,4,8-K,,,not_checked,machine_form_and_window_only,
3925169020,2022-05-24,2022-05-24,Apptech Payments Corp,Hothand Inc,0001070050,,,Priv.,announcement_only,2022-04-24,2022-06-23,4,8-K,,,not_checked,machine_form_and_window_only,
3959361020,2022-08-05,2022-08-05,Walmart Inc,Volt Systems LLC,0000104169,,,Priv.,announcement_only,2022-07-06,2022-09-04,4,8-K,,,not_checked,machine_form_and_window_only,
3966488020,2022-08-22,2022-08-22,Blackbaud Inc,Kilter Inc,0001280058,,,Priv.,announcement_only,2022-07-23,2022-09-21,4,8-K,,,not_checked,machine_form_and_window_only,
3967872020,2022-08-29,2022-08-29,S&P Global Inc,Private Market Connect LLC,0000064040,,,Priv.,announcement_only,2022-07-30,2022-09-28,4,8-K,,,not_checked,machine_form_and_window_only,
3986288020,2022-10-06,2022-10-06,Light & Wonder Inc,House Advantage LLC,0000750004,,,Priv.,announcement_only,2022-09-06,2022-11-05,4,8-K,,,not_checked,machine_form_and_window_only,
3614604040,2020-07-29,2020-10-01,Clarivate PLC,CPA Global Ltd,0001818201,,"7,069.501",,announcement_only,2020-06-29,2020-10-31,3,8-K,,,not_checked,machine_form_and_window_only,
3787424020,2021-08-19,2021-10-07,Adobe Inc,Frame.io Inc,0000796343,,"1,275.00",Priv.,announcement_only,2021-07-20,2021-11-06,3,8-K,,,not_checked,machine_form_and_window_only,
3770452020,2021-07-12,2021-09-01,Fortive Corp,ServiceChannel.com Inc,0001659166,,"1,200.00",Priv.,announcement_only,2021-06-12,2021-10-01,3,8-K,,,not_checked,machine_form_and_window_only,
3874827020,2022-02-15,2022-03-21,Akamai Technologies Inc,Linode LLC,0001086222,,900.00,Priv.,announcement_only,2022-01-16,2022-04-20,3,8-K,,,not_checked,machine_form_and_window_only,
3727844020,2021-04-13,2021-05-05,Cardlytics Inc,Bridg Inc,0001666071,,650.00,Priv.,announcement_only,2021-03-14,2021-06-04,3,8-K,,,not_checked,machine_form_and_window_only,
3665091020,2021-01-08,2021-02-11,Equifax Inc,Kount Inc,0000033185,,640.00,Priv.,announcement_only,2020-12-09,2021-03-13,3,8-K; 8-K/A,,,not_checked,machine_form_and_window_only,
3808473040,2021-09-29,2021-10-21,Akamai Technologies Inc,Guardicore Ltd,0001086222,,600.00,,announcement_only,2021-08-30,2021-11-20,3,8-K,,,not_checked,machine_form_and_window_only,
3645132020,2020-10-05,2020-11-10,10X Genomics Inc,ReadCoor Inc,0001770787,,350.00,Priv.,announcement_only,2020-09-05,2020-12-10,3,8-K,,,not_checked,machine_form_and_window_only,
3871250040,2022-02-07,2022-02-28,Walker & Dunlop Inc,GeoPhy BV,0001497770,,331.934,,announcement_only,2022-01-08,2022-03-30,3,8-K,,,not_checked,machine_form_and_window_only,
3675354020,2020-12-07,2020-12-30,Mercury Systems Inc,Physical Optics Corp,0001049521,,310.00,Priv.,announcement_only,2020-11-07,2021-01-29,3,8-K,,,not_checked,machine_form_and_window_only,
3765944040,2021-06-29,2021-07-19,JFrog Ltd,Vdoo Connected Trust Ltd,0001800667,,294.821,,announcement_only,2021-05-30,2021-08-18,3,8-K,,,not_checked,machine_form_and_window_only,
3703824020,2021-03-01,2021-03-09,Cardlytics Inc,Dosh Holdings Inc,0001666071,,275.00,Priv.,announcement_only,2021-01-30,2021-04-08,3,8-K,,,not_checked,machine_form_and_window_only,
3740918040,2021-05-13,2021-05-13,Vertex Inc,Taxamo Group AS,0001806837,,241.38,,announcement_only,2021-04-13,2021-06-12,3,8-K,,,not_checked,machine_form_and_window_only,
3667802040,2020-11-17,2020-11-24,Autodesk Inc,Spacemaker As,0000769397,,240.00,,announcement_only,2020-10-18,2020-12-24,3,8-K,,,not_checked,machine_form_and_window_only,
3867902020,2022-01-26,2022-01-26,Blackline Inc,FourQ Systems Inc,0001666134,,240.00,Priv.,announcement_only,2021-12-27,2022-02-25,3,8-K,,,not_checked,machine_form_and_window_only,
3736825020,2021-05-04,2021-05-04,AMETEK Inc,NSI-MI Technologies LLC,0001037868,,230.00,Sub.,announcement_only,2021-04-04,2021-06-03,3,8-K,,,not_checked,machine_form_and_window_only,
3868567020,2021-12-29,2021-12-29,CACI International Inc,ID Technologies LLC,0000016058,,225.00,Sub.,announcement_only,2021-11-29,2022-01-28,3,8-K,,,not_checked,machine_form_and_window_only,
3958047020,2022-08-03,2022-08-03,BorgWarner Inc,Rhombus Energy Solutions Inc,0000908255,,185.00,Priv.,announcement_only,2022-07-04,2022-09-02,3,8-K,,,not_checked,machine_form_and_window_only,
3917607020,2022-05-09,2022-07-20,Concentrix Corp,ServiceSource Intl Inc,0001803599,,163.42,Public,announcement_only,2022-04-09,2022-08-19,3,8-K,,,not_checked,machine_form_and_window_only,
3799280020,2021-09-13,2021-10-01,Tenable Holdings Inc,Accurics Inc,0001660280,,160.00,Priv.,announcement_only,2021-08-14,2021-10-31,3,8-K,,,not_checked,machine_form_and_window_only,
3714169020,2021-02-16,2021-03-02,Palo Alto Networks Inc,Bridgecrew Inc,0001327567,,156.00,Priv.,announcement_only,2021-01-17,2021-04-01,3,8-K,,,not_checked,machine_form_and_window_only,
3567824020,2020-04-24,2020-05-01,Rapid7 Inc,Divvy Cloud Corp,0001560327,,145.00,Priv.,announcement_only,2020-03-25,2020-05-31,3,8-K,,,not_checked,machine_form_and_window_only,
3787010040,2021-08-18,2021-11-30,EPAM Systems Inc,Emakina Group SA,0001352010,,133.11,,announcement_only,2021-07-19,2021-12-30,3,8-K,,,not_checked,machine_form_and_window_only,
3626914020,2020-08-11,2020-09-01,Health Catalyst Inc,Vitalware LLC,0001636422,,120.00,Priv.,announcement_only,2020-07-12,2020-10-01,3,8-K,,,not_checked,machine_form_and_window_only,
3510982020,2020-02-05,2020-02-05,AMETEK Inc,IntelliPower Inc,0001037868,,115.00,Priv.,announcement_only,2020-01-06,2020-03-06,3,8-K,,,not_checked,machine_form_and_window_only,
3584303020,2020-06-04,2020-06-04,Chegg Inc,Mathway LLC,0001364954,,115.00,Priv.,announcement_only,2020-05-05,2020-07-04,3,8-K,,,not_checked,machine_form_and_window_only,
3698631040,2021-02-10,2021-04-26,Tenable Holdings Inc,Alsid Sas,0001660280,,98.001,,announcement_only,2021-01-11,2021-05-26,3,8-K,,,not_checked,machine_form_and_window_only,
3749750020,2021-06-03,2021-09-01,Tyler Technologies Inc,VendEngine Inc,0000860731,,84.00,Priv.,announcement_only,2021-05-04,2021-10-01,3,8-K,,,not_checked,machine_form_and_window_only,
3508312020,2020-01-10,2020-01-10,Entegris Inc,Sinmat Inc,0001101302,,75.00,Priv.,announcement_only,2019-12-11,2020-02-09,3,8-K,,,not_checked,machine_form_and_window_only,
3760795040,2021-06-22,2021-09-02,AptarGroup Inc,Voluntis SA,0000896622,,59.915,,announcement_only,2021-05-23,2021-10-02,3,8-K,,,not_checked,machine_form_and_window_only,
3702377020,2021-02-23,2021-02-23,AeroVironment Inc,Integrated Systems Group,0001368622,,36.00,Sub.,announcement_only,2021-01-24,2021-03-25,3,8-K,,,not_checked,machine_form_and_window_only,
3680339020,2020-11-17,2020-12-01,PDF Solutions Inc,Cimetrix Inc,0001120914,,35.00,Priv.,announcement_only,2020-10-18,2020-12-31,3,8-K,,,not_checked,machine_form_and_window_only,
3812478020,2021-10-07,2021-10-07,Acacia Research Corp,Printronix LLC,0000934549,,33.00,Sub.,announcement_only,2021-09-07,2021-11-06,3,8-K,,,not_checked,machine_form_and_window_only,
3519064020,2020-02-19,2020-04-01,Five9 Inc,Virtual Observer,0001288847,,32.00,Priv.,announcement_only,2020-01-20,2020-05-01,3,8-K,,,not_checked,machine_form_and_window_only,
3647386020,2020-10-12,2020-10-12,HealthStream Inc,ShiftWizard Inc,0001095565,,32.00,Priv.,announcement_only,2020-09-12,2020-11-11,3,8-K,,,not_checked,machine_form_and_window_only,
3528453020,2020-03-09,2020-03-09,HealthStream Inc,HCT2 Co,0001095565,,25.00,Priv.,announcement_only,2020-02-08,2020-04-08,3,8-K,,,not_checked,machine_form_and_window_only,
3747997020,2021-05-27,2021-05-27,Mercury Systems Inc,Pentek Inc,0001049521,,20.00,Priv.,announcement_only,2021-04-27,2021-06-26,3,8-K,,,not_checked,machine_form_and_window_only,
3830133040,2021-11-09,2021-12-01,FuboTV Inc,Edisn Media & Tech Solutions,0001484769,,20.00,,announcement_only,2021-10-10,2021-12-31,3,8-K,,,not_checked,machine_form_and_window_only,
3969983020,2022-08-09,2022-08-09,AstroNova Inc,Astro Machine Corp,0000008146,,17.125,Priv.,announcement_only,2022-07-10,2022-09-08,3,8-K,,,not_checked,machine_form_and_window_only,
3889973020,2022-03-17,2022-03-17,Thor Industries Inc,TH2connect LLC,0000730263,,16.336,J.V.,announcement_only,2022-02-15,2022-04-16,3,8-K,,,not_checked,machine_form_and_window_only,
3931041040,2022-05-05,2022-05-24,Rambus Inc,Hardent Inc,0000917273,,15.71,,announcement_only,2022-04-05,2022-06-23,3,8-K,,,not_checked,machine_form_and_window_only,
3801692020,2021-08-11,2021-08-11,ProPhase Labs Inc,Nebula Genomics,0000868278,,14.60,Priv.,announcement_only,2021-07-12,2021-09-10,3,8-K,,,not_checked,machine_form_and_window_only,
4008718020,2022-12-01,2022-12-01,Harte Hanks Inc,Inside Out Solutions Llc,0000045919,,7.50,Priv.,announcement_only,2022-11-01,2022-12-31,3,8-K,,,not_checked,machine_form_and_window_only,
3584886040,2020-06-05,2020-06-05,Planet Green Holdings Corp,Fast Approach Inc,0001117057,,4.641,,announcement_only,2020-05-06,2020-07-05,3,8-K,,,not_checked,machine_form_and_window_only,
3805148020,2021-09-09,2021-09-09,Builders FirstSource Inc,Katerra Inc-Apollo Software,0001316835,,4.50,Sub.,announcement_only,2021-08-10,2021-10-09,3,8-K,,,not_checked,machine_form_and_window_only,
3755242020,2021-06-14,2021-06-14,Everything Blockchain Inc,Mercury Inc,0001730869,,1.50,Priv.,announcement_only,2021-05-15,2021-07-14,3,8-K,,,not_checked,machine_form_and_window_only,
3500219020,2020-01-07,2020-02-13,Synopsys Inc,INVECAS Inc-Certain IP Assets,0000883241,,,Sub.,announcement_only,2019-12-08,2020-03-14,3,8-K,,,not_checked,machine_form_and_window_only,
3504795020,2020-01-16,2020-01-16,CarGurus Inc,Autolist Inc,0001494259,,,Priv.,announcement_only,2019-12-17,2020-02-15,3,8-K,,,not_checked,machine_form_and_window_only,
3504890040,2020-01-14,2020-01-14,Alphabet Inc,Pomo Search Ltd,0001652044,,,,announcement_only,2019-12-15,2020-02-13,3,8-K,,,not_checked,machine_form_and_window_only,
3506161020,2020-01-14,2020-01-14,Alphabet Inc,AppSheet Inc,0001652044,,,Priv.,announcement_only,2019-12-15,2020-02-13,3,8-K,,,not_checked,machine_form_and_window_only,
3509573020,2020-02-03,2020-03-17,Quantum Corp,Wstn Digital Corp-Activescale,0000709283,,,Sub.,announcement_only,2020-01-04,2020-04-16,3,8-K,,,not_checked,machine_form_and_window_only,
3509708040,2020-01-27,2020-01-27,Comcast Corp,Blueface Ltd,0001166691,,,,announcement_only,2019-12-28,2020-02-26,3,8-K,,,not_checked,machine_form_and_window_only,
3515435020,2020-02-13,2020-02-13,Cadence Design Systems Inc,Integrand Software Inc,0000813672,,,Priv.,announcement_only,2020-01-14,2020-03-14,3,8-K,,,not_checked,machine_form_and_window_only,
3520127020,2020-02-03,2020-02-03,Hewlett Packard Enterprise Co,Scytale Inc,0001645590,,,Priv.,announcement_only,2020-01-04,2020-03-04,3,8-K,,,not_checked,machine_form_and_window_only,
3524749020,2020-03-09,2020-03-09,NetApp Inc,Talon Storage Solutions Inc,0001002047,,,Priv.,announcement_only,2020-02-08,2020-04-08,3,8-K,,,not_checked,machine_form_and_window_only,
3532576020,2020-03-11,2020-03-11,KKR & Co Inc,RSM Partners Ltd,0001404912,,,Priv.,announcement_only,2020-02-10,2020-04-10,3,8-K,,,not_checked,machine_form_and_window_only,
3535614020,2020-03-18,2020-03-18,Fiserv Inc,Bypass Mobile LLC,0000798354,,,Priv.,announcement_only,2020-02-17,2020-04-17,3,8-K,,,not_checked,machine_form_and_window_only,
3535623040,2020-03-12,2020-03-12,John Wiley & Sons Inc,Madgex Ltd,0000107140,,,,announcement_only,2020-02-11,2020-04-11,3,8-K,,,not_checked,machine_form_and_window_only,
3570905020,2020-04-29,2020-04-29,NetApp Inc,Cloud Jumper Corp,0001002047,,,Priv.,announcement_only,2020-03-30,2020-05-29,3,8-K,,,not_checked,machine_form_and_window_only,
3574779040,2020-05-04,2020-05-04,Applied Materials Inc,Think Silicon SA,0000006951,,,,announcement_only,2020-04-04,2020-06-03,3,8-K,,,not_checked,machine_form_and_window_only,
3576882020,2020-05-20,2020-05-20,Intel Corp,Rivet Networks LLC,0000050863,,,Priv.,announcement_only,2020-04-20,2020-06-19,3,8-K,,,not_checked,machine_form_and_window_only,
3583674020,2020-06-01,2020-06-01,Cboe Global Markets Inc,Trade Alert LLC,0001374310,,,Priv.,announcement_only,2020-05-02,2020-07-01,3,8-K,,,not_checked,machine_form_and_window_only,
3601518020,2020-07-09,2020-07-09,Twilio Inc,Electric Imp Inc,0001447669,,,Priv.,announcement_only,2020-06-09,2020-08-08,3,8-K,,,not_checked,machine_form_and_window_only,
3613101020,2020-07-20,2020-07-20,Fortinet Inc,OPAQ Networks Inc,0001262039,,,Priv.,announcement_only,2020-06-20,2020-08-19,3,8-K,,,not_checked,machine_form_and_window_only,
3620318020,2020-08-18,2020-08-18,American Express Co,Kabbage Inc,0000004962,,,Priv.,announcement_only,2020-07-19,2020-09-17,3,8-K,,,not_checked,machine_form_and_window_only,
3620348040,2020-08-05,2020-08-05,Apple Inc,Mobeewave Inc,0000320193,,,,announcement_only,2020-07-06,2020-09-04,3,8-K,,,not_checked,machine_form_and_window_only,
3623483040,2020-08-10,2020-10-05,Genasys Inc,Amika Mobile Corp,0000924383,,,,announcement_only,2020-07-11,2020-11-04,3,8-K,,,not_checked,machine_form_and_window_only,
3626137040,2020-07-16,2020-07-16,LiveRamp Holdings Inc,Acuity Data SAS,0000733269,,,,announcement_only,2020-06-16,2020-08-15,3,8-K,,,not_checked,machine_form_and_window_only,
3627650020,2020-08-25,2020-08-25,Apple Inc,Spaces Inc,0000320193,,,Priv.,announcement_only,2020-07-26,2020-09-24,3,8-K,,,not_checked,machine_form_and_window_only,
3630930020,2020-09-01,2020-09-01,RE/MAX Holdings Inc,Wemlo Inc,0001581091,,,Priv.,announcement_only,2020-08-02,2020-10-01,3,8-K,,,not_checked,machine_form_and_window_only,
3640648040,2021-01-11,2021-04-01,Cognizant Technology Solutions,Servian Pty Ltd,0001058290,,,,announcement_only,2020-12-12,2021-05-01,3,8-K,,,not_checked,machine_form_and_window_only,
3645482020,2020-05-11,2020-05-11,Fiserv Inc,Inlet LLC,0000798354,,,J.V.,announcement_only,2020-04-11,2020-06-10,3,8-K,,,not_checked,machine_form_and_window_only,
3646653020,2020-10-09,2020-11-25,Lockheed Martin Corp,Integration Innovation-Portfol,0000936468,,,Sub.,announcement_only,2020-09-09,2020-12-25,3,8-K,,,not_checked,machine_form_and_window_only,
3665021040,2020-08-20,2020-08-20,Apple Inc,Camerai Ltd,0000320193,,,,announcement_only,2020-07-21,2020-09-19,3,8-K,,,not_checked,machine_form_and_window_only,
3666590040,2020-11-11,2020-11-11,Snap Inc,Voca AI Ltd,0001564408,,,,announcement_only,2020-10-12,2020-12-11,3,8-K,,,not_checked,machine_form_and_window_only,
3666812020,2020-11-16,2020-11-16,Paylocity Holding Corp,Samepage Labs Inc,0001591698,,,Priv.,announcement_only,2020-10-17,2020-12-16,3,8-K,,,not_checked,machine_form_and_window_only,
3670295040,2020-12-01,2020-12-01,Ichor Holdings Ltd,CR Machine-Mexico Div,0001652535,,,,announcement_only,2020-11-01,2020-12-31,3,8-K; 8-K/A,,,not_checked,machine_form_and_window_only,
3672310040,2020-11-10,2020-11-10,Voya Financial Inc,G Sqd Capital LLP-Tech Bus,0001535929,,,,announcement_only,2020-10-11,2020-12-10,3,8-K,,,not_checked,machine_form_and_window_only,
3680474020,2020-12-16,2021-01-22,Fiserv Inc,Ondot Systems Inc,0000798354,,,Priv.,announcement_only,2020-11-16,2021-02-21,3,8-K/A; 8-K,,,not_checked,machine_form_and_window_only,
3685404020,2020-08-16,2020-08-16,Comcast Corp,Loop Labs Inc,0001166691,,,Priv.,announcement_only,2020-07-17,2020-09-15,3,8-K,,,not_checked,machine_form_and_window_only,
3692821020,2021-01-31,2021-03-24,Newmark Group Inc,Knotel Inc-Business,0001690680,,,Sub.,announcement_only,2021-01-01,2021-04-23,3,8-K,,,not_checked,machine_form_and_window_only,
3693224040,2021-01-26,2021-01-26,The Carlyle Group Inc,HubStor Inc,0001527166,,,,announcement_only,2020-12-27,2021-02-25,3,8-K,,,not_checked,machine_form_and_window_only,
3693863040,2021-01-25,2021-01-25,The Carlyle Group Inc,Jagex Ltd,0001527166,,,,announcement_only,2020-12-26,2021-02-24,3,8-K,,,not_checked,machine_form_and_window_only,
3693906040,2021-01-20,2021-02-24,Cadence Design Systems Inc,Numeca Intl,0000813672,,,,announcement_only,2020-12-21,2021-03-26,3,8-K,,,not_checked,machine_form_and_window_only,
3694807040,2021-02-02,2021-02-02,Intuit Inc,OneSaas Integrations Pty Ltd,0000896878,,,,announcement_only,2021-01-03,2021-03-04,3,8-K,,,not_checked,machine_form_and_window_only,
3696323020,2021-02-08,2021-02-18,LiveRamp Holdings Inc,DataFleets Ltd,0000733269,,,Priv.,announcement_only,2021-01-09,2021-03-20,3,8-K,,,not_checked,machine_form_and_window_only,
3700425020,2021-02-01,2021-02-01,The Carlyle Group Inc,IST Research Corp,0001527166,,,Priv.,announcement_only,2021-01-02,2021-03-03,3,8-K,,,not_checked,machine_form_and_window_only,
3701429020,2021-02-23,2021-02-23,Hewlett Packard Enterprise Co,Cloudphysics Inc,0001645590,,,Priv.,announcement_only,2021-01-24,2021-03-25,3,8-K,,,not_checked,machine_form_and_window_only,
3702382020,2021-02-01,2021-02-01,The Carlyle Group Inc,Two Six Labs LLC,0001527166,,,Sub.,announcement_only,2021-01-02,2021-03-03,3,8-K,,,not_checked,machine_form_and_window_only,
3703116020,2020-03-27,2020-03-27,IQVIA Hldg Inc,CJC Worldwide Technologies LLC,0001478242,,,Priv.,announcement_only,2020-02-26,2020-04-26,3,8-K,,,not_checked,machine_form_and_window_only,
3707677020,2021-01-19,2021-01-19,Kulicke & Soffa Industries Inc,Uniqarta Inc,0000056978,,,Priv.,announcement_only,2020-12-20,2021-02-18,3,8-K,,,not_checked,machine_form_and_window_only,
3708018020,2021-03-02,2021-03-02,Thor Industries Inc,OvernightRVParking.com,0000730263,,,Priv.,announcement_only,2021-01-31,2021-04-01,3,8-K,,,not_checked,machine_form_and_window_only,
3708371020,2021-03-08,2021-03-08,HEICO Corp,Pyramid Semiconductor Corp,0000046619,,,Priv.,announcement_only,2021-02-06,2021-04-07,3,8-K,,,not_checked,machine_form_and_window_only,
3708676020,2021-03-04,2021-03-04,Shift4 Payments Inc,VenueNext Inc,0001794669,,,Priv.,announcement_only,2021-02-02,2021-04-03,3,8-K,,,not_checked,machine_form_and_window_only,
3712351020,2021-03-04,2021-03-04,Unity Software Inc,Visual Live 3D LLC,0001810806,,,Priv.,announcement_only,2021-02-02,2021-04-03,3,8-K,,,not_checked,machine_form_and_window_only,
3718658020,2021-03-09,2021-03-09,Equifax Inc,HIREtech Corp,0000033185,,,Priv.,announcement_only,2021-02-07,2021-04-08,3,8-K; 8-K/A,,,not_checked,machine_form_and_window_only,
3721225020,2021-03-31,2021-03-31,SEI Investments Co,Invest Grade Tech LLC,0000350894,,,Priv.,announcement_only,2021-03-01,2021-04-30,3,8-K,,,not_checked,machine_form_and_window_only,
3722479020,2021-04-05,2021-04-05,Tyler Technologies Inc,Glass Arc Inc,0000860731,,,Priv.,announcement_only,2021-03-06,2021-05-05,3,8-K,,,not_checked,machine_form_and_window_only,
3731101040,2021-04-06,2021-04-06,EQT AB,LeBog Software GmbH,0000033213,,,,announcement_only,2021-03-07,2021-05-06,3,8-K,,,not_checked,machine_form_and_window_only,
3731633040,2021-04-19,2021-04-19,SPX Corp,Sealite Pty Ltd,0000088205,,,,announcement_only,2021-03-20,2021-05-19,3,8-K,,,not_checked,machine_form_and_window_only,
3737659020,2021-05-06,2021-05-06,Qorvo Inc,NextInput Inc,0001604778,,,Priv.,announcement_only,2021-04-06,2021-06-05,3,8-K,,,not_checked,machine_form_and_window_only,
3743751040,2021-05-18,2021-05-18,IBM Corp,Waeg Bvba,0000051143,,,,announcement_only,2021-04-18,2021-06-17,3,8-K,,,not_checked,machine_form_and_window_only,
3755146020,2021-06-08,2021-06-08,Synopsys Inc,Code Dx Inc,0000883241,,,Priv.,announcement_only,2021-05-09,2021-07-08,3,8-K,,,not_checked,machine_form_and_window_only,
3755265020,2021-06-09,2021-07-15,KKR & Co Inc,Kanopy Inc,0001404912,,,Sub.,announcement_only,2021-05-10,2021-08-14,3,8-K,,,not_checked,machine_form_and_window_only,
3758279040,2021-06-16,2021-07-06,Rambus Inc,AnalogX Inc,0000917273,,,,announcement_only,2021-05-17,2021-08-05,3,8-K,,,not_checked,machine_form_and_window_only,
3758470020,2021-06-08,2021-06-08,CareDx Inc,Transplant Hero LLC,0001217234,,,Priv.,announcement_only,2021-05-09,2021-07-08,3,8-K,,,not_checked,machine_form_and_window_only,
3763377020,2021-06-14,2021-06-14,Bentley Systems Inc,Spida Software,0001031308,,,Priv.,announcement_only,2021-05-15,2021-07-14,3,8-K,,,not_checked,machine_form_and_window_only,
3765691020,2021-02-01,2021-02-01,Amphenol Corp,Positronic,0000820313,,,Priv.,announcement_only,2021-01-02,2021-03-03,3,8-K,,,not_checked,machine_form_and_window_only,
3767774020,2021-06-06,2021-06-30,FiscalNote Holdings Inc,Predata Inc,0001823466,,,Priv.,announcement_only,2021-05-07,2021-07-30,3,8-K,,,not_checked,machine_form_and_window_only,
3777289040,2021-07-27,2021-10-04,HP Inc,Teradici Corp,0000047217,,,,announcement_only,2021-06-27,2021-11-03,3,8-K; 8-K/A,,,not_checked,machine_form_and_window_only,
3785715020,2021-08-12,2021-08-12,Laboratory Corp of America,Ovuline Inc,0000920148,,,Priv.,announcement_only,2021-07-13,2021-09-11,3,8-K,,,not_checked,machine_form_and_window_only,
3790008020,2021-08-23,2021-09-02,Elastic BV,build.security Ltd,0001707753,,,Priv.,announcement_only,2021-07-24,2021-10-02,3,8-K,,,not_checked,machine_form_and_window_only,
3790212020,2021-08-25,2021-08-25,Axon Enterprise Inc,My90 Inc,0001069183,,,Priv.,announcement_only,2021-07-26,2021-09-24,3,8-K,,,not_checked,machine_form_and_window_only,
3791792020,2021-08-30,2021-10-07,Zebra Technologies Corp,Antuit Inc,0000877212,,,Priv.,announcement_only,2021-07-31,2021-11-06,3,8-K,,,not_checked,machine_form_and_window_only,
3795433020,2021-07-27,2021-09-07,Equifax Inc,Teletrack LLC,0000033185,,,Sub.,announcement_only,2021-06-27,2021-10-07,3,8-K,,,not_checked,machine_form_and_window_only,
3797899020,2021-09-09,2021-09-09,ZoomInfo Technologies Inc,RingLead Inc,0001794515,,,Priv.,announcement_only,2021-08-10,2021-10-09,3,8-K,,,not_checked,machine_form_and_window_only,
3798827020,2021-07-26,2021-07-26,Fiserv Inc,SpendLabs Inc,0000798354,,,Priv.,announcement_only,2021-06-26,2021-08-25,3,8-K,,,not_checked,machine_form_and_window_only,
3810764020,2021-10-06,2021-10-06,Paychex Inc,Flock IS Inc,0000723531,,,Priv.,announcement_only,2021-09-06,2021-11-05,3,8-K,,,not_checked,machine_form_and_window_only,
3813564020,2021-10-12,2021-10-12,FactSet Research Systems Inc,Cobalt Software Inc,0001013237,,,Priv.,announcement_only,2021-09-12,2021-11-11,3,8-K,,,not_checked,machine_form_and_window_only,
3815477020,2021-10-14,2021-11-01,Elastic BV,Optimyze Inc,0001707753,,,Priv.,announcement_only,2021-09-14,2021-12-01,3,8-K,,,not_checked,machine_form_and_window_only,
3821234020,2021-10-28,2021-10-28,Cerberus Cyber Sentinel Corp,RED74 LLC,0001777319,,,Priv.,announcement_only,2021-09-28,2021-11-27,3,8-K,,,not_checked,machine_form_and_window_only,
3822108020,2021-10-20,2021-10-20,SEI Investments Co,Finomial Corp,0000350894,,,Priv.,announcement_only,2021-09-20,2021-11-19,3,8-K,,,not_checked,machine_form_and_window_only,
3823161020,2021-11-02,2022-01-18,EverCommerce Inc,DrChrono Inc,0001853145,,,Priv.,announcement_only,2021-10-03,2022-02-17,3,8-K,,,not_checked,machine_form_and_window_only,
3830939020,2021-11-05,2021-11-05,DigitalBridge Group Inc,SWKO Inc,0001679688,,,Priv.,announcement_only,2021-10-06,2021-12-05,3,8-K,,,not_checked,machine_form_and_window_only,
3832983020,2021-11-10,2021-11-10,CareDx Inc,MedActionPlan.com LLC,0001217234,,,Priv.,announcement_only,2021-10-11,2021-12-10,3,8-K,,,not_checked,machine_form_and_window_only,
3838266040,2021-11-15,2021-11-15,Lattice Semiconductor Corp,Mirametrix Inc,0000855658,,,,announcement_only,2021-10-16,2021-12-15,3,8-K,,,not_checked,machine_form_and_window_only,
3841518040,2021-12-01,2021-12-01,AMETEK Inc,Alphasense Ltd,0001037868,,,,announcement_only,2021-11-01,2021-12-31,3,8-K,,,not_checked,machine_form_and_window_only,
3842433040,2021-11-30,2021-11-30,IBM Corp,SC Oldco Pty Ltd,0000051143,,,,announcement_only,2021-10-31,2021-12-30,3,8-K,,,not_checked,machine_form_and_window_only,
3846855020,2021-11-02,2021-11-02,ICF International Inc,ESAC Inc,0001362004,,,Priv.,announcement_only,2021-10-03,2021-12-02,3,8-K,,,not_checked,machine_form_and_window_only,
3850838040,2021-12-03,2021-12-03,Moody's Corp,Passfort Ltd,0001059556,,,,announcement_only,2021-11-03,2022-01-02,3,8-K,,,not_checked,machine_form_and_window_only,
3852998040,2021-10-07,2021-10-07,Broadcom Inc,KETEK GmbH-SIPM Assets,0001730168,,,,announcement_only,2021-09-07,2021-11-06,3,8-K,,,not_checked,machine_form_and_window_only,
3853924040,2021-12-07,2021-12-07,Cerberus Cyber Sentinel Corp,Arkavia Networks Spa,0001777319,,,,announcement_only,2021-11-07,2022-01-06,3,8-K,,,not_checked,machine_form_and_window_only,
3857748020,2022-01-04,2022-01-04,S&P Global Inc,The Climate Service Inc,0000064040,,,Priv.,announcement_only,2021-12-05,2022-02-03,3,8-K; 8-K/A,,,not_checked,machine_form_and_window_only,
3874756040,2022-02-14,2022-02-14,Society Pass Inc,New Ret Experience Inc,0001817511,,,,announcement_only,2022-01-15,2022-03-16,3,8-K,,,not_checked,machine_form_and_window_only,
3875354020,2021-01-20,2021-01-20,UnitedHealth Group Inc,Solutran Inc,0000731766,,,Priv.,announcement_only,2020-12-21,2021-02-19,3,8-K,,,not_checked,machine_form_and_window_only,
3875991020,2021-12-31,2021-12-31,Dell Technologies Inc,Evolve24 LLC,0001571996,,,Sub.,announcement_only,2021-12-01,2022-01-30,3,8-K,,,not_checked,machine_form_and_window_only,
3879441020,2022-02-23,2022-02-23,NetApp Inc,NeurOps Inc,0001002047,,,Priv.,announcement_only,2022-01-24,2022-03-25,3,8-K,,,not_checked,machine_form_and_window_only,
3884683040,2022-03-07,2022-03-07,Belden Inc,NetModule AG,0000913142,,,,announcement_only,2022-02-05,2022-04-06,3,8-K,,,not_checked,machine_form_and_window_only,
3884762020,2022-03-08,2022-03-08,Tetra Tech Inc,Axiom Data Science LLC,0000831641,,,Priv.,announcement_only,2022-02-06,2022-04-07,3,8-K,,,not_checked,machine_form_and_window_only,
3888669020,2022-03-10,2022-03-10,AudioEye Inc,Bureau of Internet Accessibili,0001362190,,,Priv.,announcement_only,2022-02-08,2022-04-09,3,8-K,,,not_checked,machine_form_and_window_only,
3894834020,2022-03-14,2022-03-14,HEICO Corp,Flight Microwave Corp,0000046619,,,Priv.,announcement_only,2022-02-12,2022-04-13,3,8-K,,,not_checked,machine_form_and_window_only,
3917630020,2022-05-09,2022-05-09,Sabre Corp,Nuvola Inc,0001597033,,,Priv.,announcement_only,2022-04-09,2022-06-08,3,8-K,,,not_checked,machine_form_and_window_only,
3928763020,2022-05-18,2022-05-18,HealthStream Inc,CloudCME LLC,0001095565,,,Priv.,announcement_only,2022-04-18,2022-06-17,3,8-K,,,not_checked,machine_form_and_window_only,
3933766020,2022-05-13,2022-05-13,Stanley Black & Decker Inc,MSUITE Corp,0000093556,,,Priv.,announcement_only,2022-04-13,2022-06-12,3,8-K,,,not_checked,machine_form_and_window_only,
3936568040,2021-12-03,2021-12-03,AES Corp,GreenAnt,0000874761,,,,announcement_only,2021-11-03,2022-01-02,3,8-K,,,not_checked,machine_form_and_window_only,
3938121020,2022-05-31,2022-05-31,Tyler Technologies Inc,Quatred LLC,0000860731,,,Priv.,announcement_only,2022-05-01,2022-06-30,3,8-K,,,not_checked,machine_form_and_window_only,
3955981020,2022-07-21,2022-08-31,Equifax Inc,LawLogix Group Inc,0000033185,,,Sub.,announcement_only,2022-06-21,2022-09-30,3,8-K,,,not_checked,machine_form_and_window_only,
3962624020,2022-08-01,2022-08-01,Broadcom Inc,HostBridge Technology,0001730168,,,Priv.,announcement_only,2022-07-02,2022-08-31,3,8-K; S-4; S-4/A,,,not_checked,machine_form_and_window_only,
3963413020,2022-08-15,2022-08-15,Lumentum Holdings Inc,IPG Photonics Corp-Telecom Tra,0001633978,,,Sub.,announcement_only,2022-07-16,2022-09-14,3,8-K,,,not_checked,machine_form_and_window_only,
3968172040,2022-08-29,2022-08-29,Cerberus Cyber Sentinel Corp,CUATROi SpA,0001777319,,,,announcement_only,2022-07-30,2022-09-28,3,8-K,,,not_checked,machine_form_and_window_only,
3970405040,2022-09-02,2022-09-02,Meta Platforms Inc,Lofelt Gmbh,0001326801,,,,announcement_only,2022-08-03,2022-10-02,3,8-K,,,not_checked,machine_form_and_window_only,
3974873040,2022-09-01,2022-09-01,Ingersoll Rand Inc,Wwood Technical Ltd,0001699150,,,,announcement_only,2022-08-02,2022-10-01,3,8-K,,,not_checked,machine_form_and_window_only,
3980998020,2022-09-26,2022-09-26,PNC Finl Services Group Inc,Linga rOS Inc,0000713676,,,Priv.,announcement_only,2022-08-27,2022-10-26,3,8-K,,,not_checked,machine_form_and_window_only,
3993897040,2022-04-28,2022-04-28,EQT AB,PT Graha Teknologi Nusantara,0000033213,,,,announcement_only,2022-03-29,2022-05-28,3,8-K,,,not_checked,machine_form_and_window_only,
4008543020,2022-10-11,2022-10-11,Meta Platforms Inc,Camouflaj,0001326801,,,Priv.,announcement_only,2022-09-11,2022-11-10,3,8-K,,,not_checked,machine_form_and_window_only,
4008937040,2022-11-30,2022-11-30,Bentley Systems Inc,Vetasi Ltd,0001031308,,,,announcement_only,2022-10-31,2022-12-30,3,8-K,,,not_checked,machine_form_and_window_only,
3737501020,2021-05-06,2021-06-01,Bill.com Holdings Inc,DivvyPay Inc,0001786352,,"2,045.497",Priv.,announcement_only,2021-04-06,2021-07-01,2,8-K,,,not_checked,machine_form_and_window_only,
3657899020,2020-11-09,2020-12-07,Adobe Inc,Workfront Inc,0000796343,,"1,500.00",Priv.,announcement_only,2020-10-10,2021-01-06,2,8-K,,,not_checked,machine_form_and_window_only,
3840879020,2021-12-03,2021-12-27,Fortive Corp,ProVation Medical Inc,0001659166,,"1,425.00",Sub.,announcement_only,2021-11-03,2022-01-26,2,8-K,,,not_checked,machine_form_and_window_only,
3701808020,2021-02-23,2021-03-31,Autodesk Inc,Innovyze Inc,0000769397,,"1,000.00",Sub.,announcement_only,2021-01-24,2021-04-30,2,8-K,,,not_checked,machine_form_and_window_only,
3730015020,2021-04-19,2021-06-09,Mastercard Inc,Ekata Inc,0001141391,,850.00,Sub.,announcement_only,2021-03-20,2021-07-09,2,8-K,,,not_checked,machine_form_and_window_only,
3570928040,2020-05-04,2020-05-04,Intel Corp,Moovit App Global Ltd,0000050863,,840.00,,announcement_only,2020-04-04,2020-06-03,2,8-K,,,not_checked,machine_form_and_window_only,
3506645020,2020-01-23,2020-02-13,Moody's Corp,Regulatory DataCorp Inc,0001059556,,700.00,Sub.,announcement_only,2019-12-24,2020-03-14,2,8-K,,,not_checked,machine_form_and_window_only,
3881454020,2022-02-28,2022-04-04,AppLovin Corp,Wurl Inc,0001751008,,430.00,Priv.,announcement_only,2022-01-29,2022-05-04,2,8-K,,,not_checked,machine_form_and_window_only,
3640237020,2020-09-24,2020-11-02,Curtiss-Wright Corp,Pacific Star Communications,0000026324,,400.00,Priv.,announcement_only,2020-08-25,2020-12-02,2,8-K,,,not_checked,machine_form_and_window_only,
3750827040,2021-06-02,2021-06-02,Take-Two Interactive Software,Nordeus Ltd,0000946581,,378.006,,announcement_only,2021-05-03,2021-07-02,2,8-K,,,not_checked,machine_form_and_window_only,
3778220020,2021-07-19,2021-07-19,Rapid7 Inc,Intsights Cyber Intelligence,0001560327,,335.00,Priv.,announcement_only,2021-06-19,2021-08-18,2,8-K,,,not_checked,machine_form_and_window_only,
3654264020,2020-10-29,2020-11-19,Parsons Corp,Braxton Science & Technology,0000275880,,300.00,Sub.,announcement_only,2020-09-29,2020-12-19,2,8-K,,,not_checked,machine_form_and_window_only,
3731910020,2021-04-21,2021-05-03,Affirm Holdings Inc,Returnly Technologies Inc,0001820953,,300.00,Priv.,announcement_only,2021-03-22,2021-06-02,2,8-K,,,not_checked,machine_form_and_window_only,
3839570020,2021-10-19,2021-10-19,Qorvo Inc,United Silicon Carbide Inc,0001604778,,258.40,Sub.,announcement_only,2021-09-19,2021-11-18,2,8-K,,,not_checked,machine_form_and_window_only,
3885274020,2022-02-23,2022-04-01,Cloudflare Inc,Area 1 Security Inc,0001477333,,162.00,Priv.,announcement_only,2022-01-24,2022-05-01,2,8-K; 8-K/A,,,not_checked,machine_form_and_window_only,
3647183040,2020-10-02,2020-10-02,Blackline Inc,Rimilia Hldngs Ltd,0001666134,,150.001,,announcement_only,2020-09-02,2020-11-01,2,8-K,,,not_checked,machine_form_and_window_only,
3865024020,2021-12-31,2021-12-31,American Financial Group Inc,Verikai Inc,0001042046,,120.00,Priv.,announcement_only,2021-12-01,2022-01-30,2,8-K,,,not_checked,machine_form_and_window_only,
3857489020,2022-01-03,2022-01-03,Repay Holdings Corp,Payix Inc,0001720592,,115.00,Priv.,announcement_only,2021-12-04,2022-02-02,2,8-K,,,not_checked,machine_form_and_window_only,
3894944020,2022-03-28,2022-04-25,Sarcos Tech & Robotics Corp,RE2 Inc,0001050446,,100.00,Priv.,announcement_only,2022-02-26,2022-05-25,2,8-K,,,not_checked,machine_form_and_window_only,
3902111040,2022-04-11,2022-04-11,Sonos Inc,Mayht Technologies BV,0001314727,,100.00,,announcement_only,2022-03-12,2022-05-11,2,8-K,,,not_checked,machine_form_and_window_only,
3633382020,2020-09-09,2020-09-09,MaxLinear Inc,NanoSemi Inc,0001288469,,96.831,Priv.,announcement_only,2020-08-10,2020-10-09,2,8-K/A; 8-K,,,not_checked,machine_form_and_window_only,
3640188020,2020-09-23,2020-09-30,CrowdStrike Holdings Inc,Preempt Security Inc,0001535527,,96.00,Priv.,announcement_only,2020-08-24,2020-10-30,2,8-K,,,not_checked,machine_form_and_window_only,
3513625020,2020-02-10,2020-02-28,Digital Turbine Inc,Mobile Posse Inc,0000317788,,66.00,Priv.,announcement_only,2020-01-11,2020-03-29,2,8-K,,,not_checked,machine_form_and_window_only,
3771703020,2021-07-13,2021-07-13,ACV Auctions Inc,Max Digital LLC,0001637873,,60.00,Sub.,announcement_only,2021-06-13,2021-08-12,2,8-K,,,not_checked,machine_form_and_window_only,
3590103020,2020-06-16,2020-06-16,Kratos Defense & Security Soln,ASC Signal Corp,0001069258,,35.00,Sub.,announcement_only,2020-05-17,2020-07-16,2,8-K,,,not_checked,machine_form_and_window_only,
3781744040,2021-07-27,2021-07-27,Shutterstock Inc,Datasine Ltd,0001549346,,35.00,,announcement_only,2021-06-27,2021-08-26,2,8-K,,,not_checked,machine_form_and_window_only,
3781813020,2021-07-27,2021-07-27,Shutterstock Inc,Pattern89 Inc,0001549346,,35.00,Priv.,announcement_only,2021-06-27,2021-08-26,2,8-K,,,not_checked,machine_form_and_window_only,
3864405020,2022-01-19,2022-03-01,Twilio Inc,Danal Inc,0001447669,,32.30,Sub.,announcement_only,2021-12-20,2022-03-31,2,8-K,,,not_checked,machine_form_and_window_only,
3644655020,2020-10-01,2020-10-01,Vishay Intertechnology Inc,Applied Thin-Film Prod,0000103730,,26.50,Priv.,announcement_only,2020-09-01,2020-10-31,2,8-K,,,not_checked,machine_form_and_window_only,
3882166020,2022-02-24,2022-02-24,Axon Enterprise Inc,Occam Video Solutions,0001069183,,26.00,Priv.,announcement_only,2022-01-25,2022-03-26,2,8-K,,,not_checked,machine_form_and_window_only,
3758409040,2021-06-14,2021-06-14,Mueller Water Products Inc,i2O Water Ltd,0001350593,,19.999,,announcement_only,2021-05-15,2021-07-14,2,8-K,,,not_checked,machine_form_and_window_only,
4008102020,2022-10-07,2022-10-11,Roblox Corp,Byfron Tech Llc,0001315098,,19.00,Priv.,announcement_only,2022-09-07,2022-11-10,2,8-K,,,not_checked,machine_form_and_window_only,
3730385040,2021-03-31,2021-03-31,Amazon.com Inc,Delvit Solutions Pvt Ltd,0001018724,,14.651,,announcement_only,2021-03-01,2021-04-30,2,8-K,,,not_checked,machine_form_and_window_only,
3522346020,2020-02-07,2020-02-07,TTEC Holdings Inc,Serendebyte Inc,0001013880,,9.00,Priv.,announcement_only,2020-01-08,2020-03-08,2,8-K,,,not_checked,machine_form_and_window_only,
3735276020,2021-04-27,2021-04-27,Snap Inc,Pixel8Earth Inc,0001564408,,7.60,Priv.,announcement_only,2021-03-28,2021-05-27,2,8-K,,,not_checked,machine_form_and_window_only,
3493731020,2020-02-24,2020-02-28,Lockheed Martin Corp,Vector Launch Inc-GalacticSky,0000936468,,4.25,Sub.,announcement_only,2020-01-25,2020-03-29,2,8-K,,,not_checked,machine_form_and_window_only,
3716630040,2021-03-23,2021-03-23,Boxlight Corp,Interactive Concepts Bvba,0001624512,,3.329,,announcement_only,2021-02-21,2021-04-22,2,8-K,,,not_checked,machine_form_and_window_only,
3782317040,2020-07-30,2020-07-30,nLIGHT Inc,OPI Photonics Srl,0001124796,,1.60,,announcement_only,2020-06-30,2020-08-29,2,8-K,,,not_checked,machine_form_and_window_only,
3510278020,2020-01-31,2020-01-31,ResMed Inc,Snapworx LLC,0000943819,,,Priv.,announcement_only,2020-01-01,2020-03-01,2,8-K,,,not_checked,machine_form_and_window_only,
3511812020,2020-01-27,2020-02-25,Dover Corp,Soft-Pak Inc,0000029905,,,Priv.,announcement_only,2019-12-28,2020-03-26,2,8-K,,,not_checked,machine_form_and_window_only,
3512096040,2020-01-17,2020-01-17,Global Payments Inc,Bleep UK PLC,0001123360,,,,announcement_only,2019-12-18,2020-02-16,2,8-K,,,not_checked,machine_form_and_window_only,
3516296020,2020-02-04,2020-02-04,Cboe Global Markets Inc,Hanweck Associates LLC,0001374310,,,Priv.,announcement_only,2020-01-05,2020-03-05,2,8-K,,,not_checked,machine_form_and_window_only,
3522213020,2020-02-10,2020-02-10,Intuitive Surgical Inc,Orpheus Medical Inc,0001035267,,,Priv.,announcement_only,2020-01-11,2020-03-11,2,8-K,,,not_checked,machine_form_and_window_only,
3532949020,2020-03-20,2020-03-20,EPAM Systems Inc,Deltix Inc,0001352010,,,Priv.,announcement_only,2020-02-19,2020-04-19,2,8-K,,,not_checked,machine_form_and_window_only,
3549503020,2020-04-06,2020-04-06,Paylocity Holding Corp,VidGrid Inc,0001591698,,,Priv.,announcement_only,2020-03-07,2020-05-06,2,8-K,,,not_checked,machine_form_and_window_only,
3550189020,2020-05-14,2020-05-14,Apple Inc,NextVR Inc,0000320193,,,Sub.,announcement_only,2020-04-14,2020-06-13,2,8-K,,,not_checked,machine_form_and_window_only,
3551064020,2020-03-23,2020-03-23,The New York Times Co,Listen In Audio Inc,0000071691,,,Priv.,announcement_only,2020-02-22,2020-04-22,2,8-K,,,not_checked,machine_form_and_window_only,
3576090020,2020-05-18,2020-05-18,UnitedHealth Group Inc,naviHealth Inc,0000731766,,,Sub.,announcement_only,2020-04-18,2020-06-17,2,8-K,,,not_checked,machine_form_and_window_only,
3580845040,2020-05-27,2020-05-27,Apple Inc,Inductiv Inc,0000320193,,,,announcement_only,2020-04-27,2020-06-26,2,8-K,,,not_checked,machine_form_and_window_only,
3581636020,2020-05-28,2020-05-28,Zscaler Inc,Edgewise Networks Inc,0001713683,,,Priv.,announcement_only,2020-04-28,2020-06-27,2,8-K,,,not_checked,machine_form_and_window_only,
3587327040,2020-06-10,2020-06-10,Synopsys Inc,Qualtera SAS,0000883241,,,,announcement_only,2020-05-11,2020-07-10,2,8-K,,,not_checked,machine_form_and_window_only,
3591497020,2020-06-17,2020-06-17,Merck & Co Inc,Quantified Ag,0000310158,,,Priv.,announcement_only,2020-05-18,2020-07-17,2,8-K,,,not_checked,machine_form_and_window_only,
3592060020,2020-06-15,2020-06-15,Roper Technologies Inc,Team TSI Corp,0000882835,,,Priv.,announcement_only,2020-05-16,2020-07-15,2,8-K,,,not_checked,machine_form_and_window_only,
3596376020,2020-06-30,2020-06-30,The Carlyle Group Inc,Unison Software Inc,0001527166,,,Priv.,announcement_only,2020-05-31,2020-07-30,2,8-K,,,not_checked,machine_form_and_window_only,
3612417020,2020-07-21,2020-07-21,Blackstone Group Inc,The Burgess Group LLC,0001393818,,,Priv.,announcement_only,2020-06-21,2020-08-20,2,8-K,,,not_checked,machine_form_and_window_only,
3613190020,2020-07-22,2020-08-17,Autodesk Inc,Pype Inc,0000769397,,,Priv.,announcement_only,2020-06-22,2020-09-16,2,8-K,,,not_checked,machine_form_and_window_only,
3616954040,2020-07-31,2020-07-31,Cisco Systems Inc,Modcam Ab,0000858877,,,,announcement_only,2020-07-01,2020-08-30,2,8-K,,,not_checked,machine_form_and_window_only,
3624936020,2020-08-17,2020-08-17,Assurant Inc,Asurvest Inc,0001267238,,,Priv.,announcement_only,2020-07-18,2020-09-16,2,8-K,,,not_checked,machine_form_and_window_only,
3627355020,2020-08-25,2020-09-17,Cognizant Technology Solutions,Tin Roof Group,0001058290,,,Sub.,announcement_only,2020-07-26,2020-10-17,2,8-K,,,not_checked,machine_form_and_window_only,
3629953020,2020-07-13,2020-07-13,Automatic Data Processing Inc,Benefitmall Inc,0000008670,,,Sub.,announcement_only,2020-06-13,2020-08-12,2,8-K,,,not_checked,machine_form_and_window_only,
3633464040,2020-09-01,2020-09-01,Dover Corp,XanTec Steuerungs- und EDV-Tec,0000029905,,,,announcement_only,2020-08-02,2020-10-01,2,8-K,,,not_checked,machine_form_and_window_only,
3639743020,2020-09-21,2020-09-21,RE/MAX Holdings Inc,Gadberry Group LLC,0001581091,,,Priv.,announcement_only,2020-08-22,2020-10-21,2,8-K,,,not_checked,machine_form_and_window_only,
3645605020,2020-10-07,2020-10-07,Honeywell International Inc,Rocky Research Inc,0000773840,,,Priv.,announcement_only,2020-09-07,2020-11-06,2,8-K,,,not_checked,machine_form_and_window_only,
3650013040,2020-10-19,2020-10-19,Visa Inc,Global Processing Svcs,0001403161,,,,announcement_only,2020-09-19,2020-11-18,2,8-K,,,not_checked,machine_form_and_window_only,
3651395020,2020-10-21,2020-10-21,Moody's Corp,Acquire Media Corp,0001059556,,,Sub.,announcement_only,2020-09-21,2020-11-20,2,8-K,,,not_checked,machine_form_and_window_only,
3653049020,2020-10-26,2020-10-26,LPL Financial Holdings Inc,Blaze Portfolio Systems LLC,0001397911,,,Priv.,announcement_only,2020-09-26,2020-11-25,2,8-K,,,not_checked,machine_form_and_window_only,
3665048020,2020-11-11,2020-11-11,Shutterstock Inc,Amper Music Inc-Certain Assets,0001549346,,,Sub.,announcement_only,2020-10-12,2020-12-11,2,8-K,,,not_checked,machine_form_and_window_only,
3667592020,2020-12-02,2020-12-28,FEDEX Corp,ShopRunner Inc,0001048911,,,Priv.,announcement_only,2020-11-02,2021-01-27,2,8-K,,,not_checked,machine_form_and_window_only,
3669524040,2020-11-27,2020-11-27,Nvidia Corp,Optigot AB,0001045810,,,,announcement_only,2020-10-28,2020-12-27,2,8-K,,,not_checked,machine_form_and_window_only,
3669728020,2020-11-18,2020-11-19,Oracle Corp,Nor1 Inc,0001341439,,,Priv.,announcement_only,2020-10-19,2020-12-19,2,8-K,,,not_checked,machine_form_and_window_only,
3674188040,2020-12-14,2020-12-14,Grid Dynamics Holdings Inc,Daxx Soft Bv,0001743725,,,,announcement_only,2020-11-14,2021-01-13,2,8-K,,,not_checked,machine_form_and_window_only,
3674492020,2020-12-14,2020-12-14,Alarm.com Holdings Inc,Shooter Detection Sys Llc,0001459200,,,Priv.,announcement_only,2020-11-14,2021-01-13,2,8-K,,,not_checked,machine_form_and_window_only,
3676927040,2020-12-21,2020-12-21,Cognizant Technology Solutions,Inawisdom Ltd,0001058290,,,,announcement_only,2020-11-21,2021-01-20,2,8-K,,,not_checked,machine_form_and_window_only,
3681669020,2020-12-29,2020-12-29,Cerberus Cyber Sentinel Corp,Alpine Sec LLC,0001777319,,,Priv.,announcement_only,2020-11-29,2021-01-28,2,8-K,,,not_checked,machine_form_and_window_only,
3684981020,2021-01-06,2021-01-06,Dover Corp,Innovative Control Systems Inc,0000029905,,,Sub.,announcement_only,2020-12-07,2021-02-05,2,8-K,,,not_checked,machine_form_and_window_only,
3685425040,2020-11-20,2020-11-20,Snap Inc,Voisey Ent Ltd,0001564408,,,,announcement_only,2020-10-21,2020-12-20,2,8-K,,,not_checked,machine_form_and_window_only,
3685524020,2021-01-04,2021-01-04,Moody's Corp,Catylist Inc,0001059556,,,Priv.,announcement_only,2020-12-05,2021-02-03,2,8-K,,,not_checked,machine_form_and_window_only,
3687852020,2021-01-15,2021-01-15,KKR & Co Inc,Seafax Inc,0001404912,,,Priv.,announcement_only,2020-12-16,2021-02-14,2,8-K,,,not_checked,machine_form_and_window_only,
3688677020,2021-01-19,2021-01-20,Cognizant Technology Solutions,Magenic Technologies Inc,0001058290,,,Priv.,announcement_only,2020-12-20,2021-02-19,2,8-K,,,not_checked,machine_form_and_window_only,
3698127020,2021-01-28,2021-01-28,Xerox Holdings Corp,CareAR Inc,0001770450,,,Priv.,announcement_only,2020-12-29,2021-02-27,2,8-K,,,not_checked,machine_form_and_window_only,
3699666040,2021-01-15,2021-01-15,Amazon.com Inc,Selz.Com Pty Ltd,0001018724,,,,announcement_only,2020-12-16,2021-02-14,2,8-K,,,not_checked,machine_form_and_window_only,
3701325040,2021-02-18,2021-04-01,Baker Hughes Co,ARMS Reliability Pty Ltd,0001701605,,,,announcement_only,2021-01-19,2021-05-01,2,8-K,,,not_checked,machine_form_and_window_only,
3701693040,2021-01-22,2021-01-22,Amazon.com Inc,Umbra Software Oy,0001018724,,,,announcement_only,2020-12-23,2021-02-21,2,8-K,,,not_checked,machine_form_and_window_only,
3702321040,2021-02-01,2021-02-01,Akamai Technologies Inc,Inverse Inc,0001086222,,,,announcement_only,2021-01-02,2021-03-03,2,8-K,,,not_checked,machine_form_and_window_only,
3702894020,2021-02-25,2021-02-25,CareDx Inc,TX Services LLC,0001217234,,,Priv.,announcement_only,2021-01-26,2021-03-27,2,8-K,,,not_checked,machine_form_and_window_only,
3705334040,2021-03-03,2021-03-18,EQT AB,Boxever Ltd,0000033213,,,,announcement_only,2021-02-01,2021-04-17,2,8-K,,,not_checked,machine_form_and_window_only,
3708541020,2021-03-02,2021-03-02,The Toro Co,Left Hand Robotics Inc,0000737758,,,Priv.,announcement_only,2021-01-31,2021-04-01,2,8-K,,,not_checked,machine_form_and_window_only,
3710118040,2021-03-08,2021-03-08,The Carlyle Group Inc,Disguise Systems Ltd,0001527166,,,,announcement_only,2021-02-06,2021-04-07,2,8-K,,,not_checked,machine_form_and_window_only,
3712768020,2021-03-16,2021-03-16,CDW Corp,Amplified IT LLC,0001402057,,,Priv.,announcement_only,2021-02-14,2021-04-15,2,8-K,,,not_checked,machine_form_and_window_only,
3716478020,2021-02-10,2021-02-10,Box Inc,Tervela Inc,0001372612,,,Priv.,announcement_only,2021-01-11,2021-03-12,2,8-K,,,not_checked,machine_form_and_window_only,
3719555040,2021-03-29,2021-03-29,AMETEK Inc,Crank Software Inc,0001037868,,,,announcement_only,2021-02-27,2021-04-28,2,8-K,,,not_checked,machine_form_and_window_only,
3719774040,2021-03-24,2021-03-24,Yum! Brands Inc,Tictuk Tech,0001041061,,,,announcement_only,2021-02-22,2021-04-23,2,8-K,,,not_checked,machine_form_and_window_only,
3720028040,2021-01-25,2021-01-25,Iron Mountain Inc,NxtGen Datacenter & Cloud,0001020569,,,,announcement_only,2020-12-26,2021-02-24,2,8-K,,,not_checked,machine_form_and_window_only,
3734031020,2021-04-27,2021-04-27,Camping World Holdings Inc,Nomad Reservations LLC,0001669779,,,Priv.,announcement_only,2021-03-28,2021-05-27,2,8-K,,,not_checked,machine_form_and_window_only,
3738694020,2021-04-15,2021-04-15,Cadence Design Systems Inc,Pointwise Inc,0000813672,,,Priv.,announcement_only,2021-03-16,2021-05-15,2,8-K,,,not_checked,machine_form_and_window_only,
3740212020,2021-05-06,2021-06-29,Walmart Inc,MeMD Inc,0000104169,,,Priv.,announcement_only,2021-04-06,2021-07-29,2,8-K,,,not_checked,machine_form_and_window_only,
3742939040,2021-05-11,2021-05-11,EPAM Systems Inc,Just-BI BV,0001352010,,,,announcement_only,2021-04-11,2021-06-10,2,8-K,,,not_checked,machine_form_and_window_only,
3744837020,2021-05-07,2021-05-07,PayPal Holdings Inc,Backspaces Inc,0001633917,,,Priv.,announcement_only,2021-04-07,2021-06-06,2,8-K,,,not_checked,machine_form_and_window_only,
3745183040,2021-05-25,2021-05-25,Keysight Technologies Inc,Quantum Benchmark Inc,0001601046,,,,announcement_only,2021-04-25,2021-06-24,2,8-K,,,not_checked,machine_form_and_window_only,
3745358020,2021-05-25,2021-05-25,Stewart Information Services,CLOUDVIRGA Inc,0000094344,,,Priv.,announcement_only,2021-04-25,2021-06-24,2,8-K,,,not_checked,machine_form_and_window_only,
3745671020,2021-05-25,2021-05-25,Garmin Ltd,AeroData Inc,0001121788,,,Priv.,announcement_only,2021-04-25,2021-06-24,2,8-K,,,not_checked,machine_form_and_window_only,
3747477020,2021-05-25,2021-05-25,KKR & Co Inc,Jarvis Solutions LLC,0001404912,,,Priv.,announcement_only,2021-04-25,2021-06-24,2,8-K,,,not_checked,machine_form_and_window_only,
3747479020,2021-05-24,2021-05-24,FiscalNote Holdings Inc,Fireside 21 LLC,0001823466,,,Priv.,announcement_only,2021-04-24,2021-06-23,2,8-K,,,not_checked,machine_form_and_window_only,
3748433040,2021-05-11,2021-05-11,Cisco Systems Inc,Sedona Systems,0000858877,,,,announcement_only,2021-04-11,2021-06-10,2,8-K,,,not_checked,machine_form_and_window_only,
3748584020,2021-06-01,2021-08-19,Accenture PLC,Novetta Solutions LLC,0001467373,,,Sub.,announcement_only,2021-05-02,2021-09-18,2,8-K,,,not_checked,machine_form_and_window_only,
3750338040,2021-06-02,2021-06-02,IDEXX Laboratories Inc,ezyVet Global Ltd,0000874716,,,,announcement_only,2021-05-03,2021-07-02,2,8-K,,,not_checked,machine_form_and_window_only,
3750594020,2021-06-02,2021-06-02,Microsoft Corp,ReFirm Labs Inc,0000789019,,,Priv.,announcement_only,2021-05-03,2021-07-02,2,8-K,,,not_checked,machine_form_and_window_only,
3750809020,2021-06-04,2021-07-02,Acuity Brands Inc,ams AG-Digital Sys Bus,0001144215,,,Sub.,announcement_only,2021-05-05,2021-08-01,2,8-K,,,not_checked,machine_form_and_window_only,
3751103040,2021-03-01,2021-04-07,EPAM Systems Inc,Polsource SA,0001352010,,,,announcement_only,2021-01-30,2021-05-07,2,8-K,,,not_checked,machine_form_and_window_only,
3756657040,2021-05-18,2021-05-18,Zebra Technologies Corp,Adaptive Vision Sp z o o,0000877212,,,,announcement_only,2021-04-18,2021-06-17,2,8-K,,,not_checked,machine_form_and_window_only,
3756963020,2021-06-15,2021-06-15,Cerberus Cyber Sentinel Corp,Ground Control IT Inc,0001777319,,,Priv.,announcement_only,2021-05-16,2021-07-15,2,8-K,,,not_checked,machine_form_and_window_only,
3759466020,2021-06-21,2021-06-21,Hewlett Packard Enterprise Co,Determined.ai Inc,0001645590,,,Priv.,announcement_only,2021-05-22,2021-07-21,2,8-K,,,not_checked,machine_form_and_window_only,
3760445040,2021-06-21,2021-06-21,Verizon Communications Inc,Senion AB,0000732712,,,,announcement_only,2021-05-22,2021-07-21,2,8-K,,,not_checked,machine_form_and_window_only,
3763192040,2021-06-03,2021-06-03,GoDaddy Inc,Noble Samurai Pty Ltd,0001609711,,,,announcement_only,2021-05-04,2021-07-03,2,8-K,,,not_checked,machine_form_and_window_only,
3763399020,2021-06-25,2021-06-25,Amazon.com Inc,Wickr Inc,0001018724,,,Priv.,announcement_only,2021-05-26,2021-07-25,2,8-K,,,not_checked,machine_form_and_window_only,
3765323020,2021-05-13,2021-05-13,Alphabet Inc,Provino Technologies Inc,0001652044,,,Priv.,announcement_only,2021-04-13,2021-06-12,2,8-K,,,not_checked,machine_form_and_window_only,
3766707040,2021-07-01,2021-07-01,Take-Two Interactive Software,Dynamixyz SAS,0000946581,,,,announcement_only,2021-06-01,2021-07-31,2,8-K,,,not_checked,machine_form_and_window_only,
3769973020,2021-07-07,2021-07-07,Fortinet Inc,Sken Ai,0001262039,,,Priv.,announcement_only,2021-06-07,2021-08-06,2,8-K,,,not_checked,machine_form_and_window_only,
3770605040,2021-07-07,2021-07-07,Bentley Systems Inc,Aarhusgeosoftware ApS,0001031308,,,,announcement_only,2021-06-07,2021-08-06,2,8-K,,,not_checked,machine_form_and_window_only,
3773710040,2021-05-26,2021-05-26,HubSpot Inc,Xentral Erp Software GmbH,0001404655,,,,announcement_only,2021-04-26,2021-06-25,2,8-K,,,not_checked,machine_form_and_window_only,
3776286020,2021-07-01,2021-07-01,FactSet Research Systems Inc,BTU Analytics LLC,0001013237,,,Priv.,announcement_only,2021-06-01,2021-07-31,2,8-K,,,not_checked,machine_form_and_window_only,
3776659020,2021-03-10,2021-03-10,Fortinet Inc,ShieldX Networks Inc,0001262039,,,Priv.,announcement_only,2021-02-08,2021-04-09,2,8-K,,,not_checked,machine_form_and_window_only,
3777395020,2021-07-21,2021-07-21,Microsoft Corp,CloudKnox Security Inc,0000789019,,,Priv.,announcement_only,2021-06-21,2021-08-20,2,8-K,,,not_checked,machine_form_and_window_only,
3779369020,2021-07-28,2021-07-28,Microsoft Corp,Suplari Inc,0000789019,,,Priv.,announcement_only,2021-06-28,2021-08-27,2,8-K,,,not_checked,machine_form_and_window_only,
3779928020,2021-07-26,2021-07-26,Dover Corp,CDS Visual Inc,0000029905,,,Priv.,announcement_only,2021-06-26,2021-08-25,2,8-K,,,not_checked,machine_form_and_window_only,
3780149020,2021-08-02,2021-08-02,Workiva Inc,Onecloud Inc,0001445305,,,Priv.,announcement_only,2021-07-03,2021-09-01,2,8-K,,,not_checked,machine_form_and_window_only,
3780480020,2021-07-29,2021-07-29,Chubb Ltd,General Workings Inc,0000896159,,,Sub.,announcement_only,2021-06-29,2021-08-28,2,8-K,,,not_checked,machine_form_and_window_only,
3780741020,2021-08-02,2021-08-02,CDW Corp,Focal Point Data Risk LLC,0001402057,,,Priv.,announcement_only,2021-07-03,2021-09-01,2,8-K,,,not_checked,machine_form_and_window_only,
3783812020,2021-08-03,2021-08-03,The Carlyle Group Inc,Prysm Collective LLC,0001527166,,,Priv.,announcement_only,2021-07-04,2021-09-02,2,8-K/A; 8-K,,,not_checked,machine_form_and_window_only,
3784579020,2021-07-14,2021-07-14,Unity Software Inc,Interactive Data Visualization,0001810806,,,Priv.,announcement_only,2021-06-14,2021-08-13,2,8-K,,,not_checked,machine_form_and_window_only,
3786399020,2021-08-17,2021-08-17,Cognizant Technology Solutions,Hunter Technical Resources Inc,0001058290,,,Priv.,announcement_only,2021-07-18,2021-09-16,2,8-K,,,not_checked,machine_form_and_window_only,
3787332040,2021-08-13,2021-08-13,Glimpse Group Inc,Augmented Reality Invests Pty,0001854445,,,,announcement_only,2021-07-14,2021-09-12,2,8-K,,,not_checked,machine_form_and_window_only,
3791026020,2021-07-20,2021-07-20,KKR & Co Inc,The Wellness Network,0001404912,,,Sub.,announcement_only,2021-06-20,2021-08-19,2,8-K,,,not_checked,machine_form_and_window_only,
3793946040,2021-09-01,2021-09-01,Standard Motor Products Inc,Stabil Operative Group GmbH,0000093389,,,,announcement_only,2021-08-02,2021-10-01,2,8-K,,,not_checked,machine_form_and_window_only,
3794182020,2021-09-02,2021-10-31,CIENA Corp,Vyatta Inc,0000936395,,,Sub.,announcement_only,2021-08-03,2021-11-30,2,8-K,,,not_checked,machine_form_and_window_only,
3794614020,2021-08-26,2021-08-26,Gap Inc,Drapr Inc,0000039911,,,Priv.,announcement_only,2021-07-27,2021-09-25,2,8-K,,,not_checked,machine_form_and_window_only,
3795751040,2021-01-31,2021-01-31,Newmark Group Inc,Knotel Office Svcs India Pvt,0001690680,,,,announcement_only,2021-01-01,2021-03-02,2,8-K,,,not_checked,machine_form_and_window_only,
3807652020,2021-07-19,2021-07-19,Snap Inc,Vertebrae Inc,0001564408,,,Priv.,announcement_only,2021-06-19,2021-08-18,2,8-K,,,not_checked,machine_form_and_window_only,
3808133020,2021-09-28,2021-09-28,Netflix Inc,Night School Studio LLC,0001065280,,,Priv.,announcement_only,2021-08-29,2021-10-28,2,8-K,,,not_checked,machine_form_and_window_only,
3809774040,2021-10-04,2021-10-04,Gap Inc,Context-Based 4 Casting Ltd,0000039911,,,,announcement_only,2021-09-04,2021-11-03,2,8-K,,,not_checked,machine_form_and_window_only,
3811283040,2021-09-16,2021-10-04,Carrier Global Corp,Brokerbay Inc,0001783180,,,,announcement_only,2021-08-17,2021-11-03,2,8-K,,,not_checked,machine_form_and_window_only,
3811547020,2021-10-04,2021-11-09,NetApp Inc,Cloudcheckr Inc,0001002047,,,Priv.,announcement_only,2021-09-04,2021-12-09,2,8-K,,,not_checked,machine_form_and_window_only,
3816211020,2021-10-18,2021-11-22,Fiserv Inc,BentoBox CMS Inc,0000798354,,,Priv.,announcement_only,2021-09-18,2021-12-22,2,8-K,,,not_checked,machine_form_and_window_only,
3822476020,2021-10-27,2021-10-27,LivePerson Inc,Voicebase Inc,0001102993,,,Priv.,announcement_only,2021-09-27,2021-11-26,2,8-K,,,not_checked,machine_form_and_window_only,
3822688020,2021-11-01,2021-11-01,Synopsys Inc,Concertio Inc,0000883241,,,Priv.,announcement_only,2021-10-02,2021-12-01,2,8-K,,,not_checked,machine_form_and_window_only,
3828764040,2021-10-27,2021-10-27,Bally's Corp,Degree 53 Ltd,0001747079,,,,announcement_only,2021-09-27,2021-11-26,2,8-K,,,not_checked,machine_form_and_window_only,
3843632040,2021-12-06,2021-12-06,Intel Corp,Screenovate Technologies Ltd,0000050863,,,,announcement_only,2021-11-06,2022-01-05,2,8-K,,,not_checked,machine_form_and_window_only,
3844317040,2021-11-09,2021-11-09,Intel Corp,RemoteMyApp Sp z o o,0000050863,,,,announcement_only,2021-10-10,2021-12-09,2,8-K,,,not_checked,machine_form_and_window_only,
3845728020,2021-12-01,2021-12-01,Baker Hughes Co,Veros Systems Inc,0001701605,,,Priv.,announcement_only,2021-11-01,2021-12-31,2,8-K,,,not_checked,machine_form_and_window_only,
3847758020,2021-11-18,2021-11-18,Roper Technologies Inc,Agency Zoom LLC,0000882835,,,Priv.,announcement_only,2021-10-19,2021-12-18,2,8-K,,,not_checked,machine_form_and_window_only,
3850202020,2021-11-17,2021-11-17,Autodesk Inc,LoUPE,0000769397,,,Priv.,announcement_only,2021-10-18,2021-12-17,2,8-K,,,not_checked,machine_form_and_window_only,
3851525020,2021-12-22,2022-02-01,The Carlyle Group Inc,Involta LLC,0001527166,,,Sub.,announcement_only,2021-11-22,2022-03-03,2,8-K,,,not_checked,machine_form_and_window_only,
3857389020,2022-01-04,2022-01-04,Merck & Co Inc,The Lynx Group LLC,0000310158,,,Priv.,announcement_only,2021-12-05,2022-02-03,2,8-K,,,not_checked,machine_form_and_window_only,
3863710020,2022-01-18,2022-01-18,DaVita Inc,MedSleuth LLC,0000927066,,,Priv.,announcement_only,2021-12-19,2022-02-17,2,8-K,,,not_checked,machine_form_and_window_only,
3864087040,2022-01-19,2022-01-19,Belden Inc,Macmon Secure GmbH,0000913142,,,,announcement_only,2021-12-20,2022-02-18,2,8-K,,,not_checked,machine_form_and_window_only,
3865938020,2022-01-11,2022-01-11,Xerox Holdings Corp,MagicLens LLC,0001770450,,,Priv.,announcement_only,2021-12-12,2022-02-10,2,8-K,,,not_checked,machine_form_and_window_only,
3869828040,2022-01-18,2022-01-18,Hilan Ltd,Niyuj Entrp Software,0001561032,,,,announcement_only,2021-12-19,2022-02-17,2,8-K,,,not_checked,machine_form_and_window_only,
3871201040,2022-02-01,2022-02-01,The Carlyle Group Inc,Direct Health Solutions Pty,0001527166,,,,announcement_only,2022-01-02,2022-03-03,2,8-K,,,not_checked,machine_form_and_window_only,
3871822020,2022-02-08,2022-02-08,Tyler Technologies Inc,US eDirect Inc,0000860731,,,Priv.,announcement_only,2022-01-09,2022-03-10,2,8-K,,,not_checked,machine_form_and_window_only,
3876076020,2022-02-14,2022-02-14,Fidelity Natl Info Svcs Inc,Payrix Solutions LLC,0001136893,,,Sub.,announcement_only,2022-01-15,2022-03-16,2,8-K,,,not_checked,machine_form_and_window_only,
3880639040,2022-02-28,2022-02-28,Magnite Inc,Carbon Ltd,0001595974,,,,announcement_only,2022-01-29,2022-03-30,2,8-K,,,not_checked,machine_form_and_window_only,
3882093020,2022-01-13,2022-01-13,Liberty Media Corp,Cloud Cover Media Inc,0001560385,,,Priv.,announcement_only,2021-12-14,2022-02-12,2,8-K,,,not_checked,machine_form_and_window_only,
3882622020,2022-02-03,2022-02-03,Dolby Laboratories Inc,Millicast Inc,0001308547,,,Priv.,announcement_only,2022-01-04,2022-03-05,2,8-K,,,not_checked,machine_form_and_window_only,
3883769020,2022-03-02,2022-03-02,Omnicom Group Inc,TA Digital Solutions Inc,0000029989,,,Priv.,announcement_only,2022-01-31,2022-04-01,2,8-K,,,not_checked,machine_form_and_window_only,
3885173040,2021-11-02,2021-11-02,Amazon.com Inc,Veeqo Ltd,0001018724,,,,announcement_only,2021-10-03,2021-12-02,2,8-K,,,not_checked,machine_form_and_window_only,
3886615040,2022-01-25,2022-01-25,EPAM Systems Inc,Enginiety Sp z o o,0001352010,,,,announcement_only,2021-12-26,2022-02-24,2,8-K,,,not_checked,machine_form_and_window_only,
3887636020,2022-03-08,2022-03-08,KKR & Co Inc,BSG Analytics LLC,0001404912,,,Priv.,announcement_only,2022-02-06,2022-04-07,2,8-K,,,not_checked,machine_form_and_window_only,
3894225020,2022-01-19,2022-01-19,Paylocity Holding Corp,Cloudsnap Inc,0001591698,,,Priv.,announcement_only,2021-12-20,2022-02-18,2,8-K,,,not_checked,machine_form_and_window_only,
3894282020,2022-03-08,2022-03-08,Consensus Cloud Solutions Inc,Summit Healthcare Services Inc,0001866633,,,Priv.,announcement_only,2022-02-06,2022-04-07,2,8-K; 8-K/A,,,not_checked,machine_form_and_window_only,
3900453020,2022-04-07,2022-04-07,Surgepays Inc,Torch Wireless Inc,0001392694,,,Priv.,announcement_only,2022-03-08,2022-05-07,2,8-K,,,not_checked,machine_form_and_window_only,
3901042020,2022-04-07,2022-05-24,NetApp Inc,Instaclustr US Holding Inc,0001002047,,,Priv.,announcement_only,2022-03-08,2022-06-23,2,8-K,,,not_checked,machine_form_and_window_only,
3902543020,2022-04-13,2022-04-13,Omega Healthcare Investors Inc,ApexonHealth LLC,0000888491,,,Sub.,announcement_only,2022-03-14,2022-05-13,2,8-K,,,not_checked,machine_form_and_window_only,
3911114040,2022-04-05,2022-04-05,Bruker Corp,Optimal Industrial,0001109354,,,,announcement_only,2022-03-06,2022-05-05,2,8-K,,,not_checked,machine_form_and_window_only,
3915633040,2022-05-02,2022-05-02,AGCO Corp,JCA Industries Inc,0000880266,,,,announcement_only,2022-04-02,2022-06-01,2,8-K,,,not_checked,machine_form_and_window_only,
3916848020,2022-04-11,2022-04-11,BigBear.ai Holdings Inc,ProModel Corp,0001836981,,,Sub.,announcement_only,2022-03-12,2022-05-11,2,8-K,,,not_checked,machine_form_and_window_only,
3919780020,2022-05-04,2022-05-04,Alphabet Inc,Raxium Inc,0001652044,,,Priv.,announcement_only,2022-04-04,2022-06-03,2,8-K,,,not_checked,machine_form_and_window_only,
3921874040,2022-05-16,2022-05-16,Alphabet Inc,Foreseeti AB,0001652044,,,,announcement_only,2022-04-16,2022-06-15,2,8-K,,,not_checked,machine_form_and_window_only,
3925675020,2022-04-19,2022-04-19,Charter Communications Inc,commZoom LLC,0001091667,,,Priv.,announcement_only,2022-03-20,2022-05-19,2,8-K,,,not_checked,machine_form_and_window_only,
3933791020,2022-06-01,2022-06-01,Insight Enterprises Inc,Hanu Software Solutions Inc,0000932696,,,Priv.,announcement_only,2022-05-02,2022-07-01,2,8-K,,,not_checked,machine_form_and_window_only,
3936000020,2022-06-13,2022-06-13,Apollo Global Management Inc,IOTAS Inc,0001858681,,,Priv.,announcement_only,2022-05-14,2022-07-13,2,8-K,,,not_checked,machine_form_and_window_only,
3939412020,2022-05-02,2022-05-02,ZoomInfo Technologies Inc,Comparably Inc,0001794515,,,Priv.,announcement_only,2022-04-02,2022-06-01,2,8-K,,,not_checked,machine_form_and_window_only,
3948068040,2022-07-11,2022-07-15,Cadence Design Systems Inc,Future Facilities Ltd,0000813672,,,,announcement_only,2022-06-11,2022-08-14,2,8-K,,,not_checked,machine_form_and_window_only,
3953904020,2022-05-18,2022-05-18,Verisk Analytics Inc,Pruvan Inc,0001442145,,,Priv.,announcement_only,2022-04-18,2022-06-17,2,8-K,,,not_checked,machine_form_and_window_only,
3956161020,2022-07-07,2022-07-07,Tetra Tech Inc,Integration Grp Of America,0000831641,,,Priv.,announcement_only,2022-06-07,2022-08-06,2,8-K,,,not_checked,machine_form_and_window_only,
3957178040,2022-08-01,2022-08-01,ResMed Inc,Mementor De GmbH,0000943819,,,,announcement_only,2022-07-02,2022-08-31,2,8-K; 8-K/A,,,not_checked,machine_form_and_window_only,
3957647020,2022-08-01,2022-08-01,Arista Networks Inc,Pluribus Networks Inc,0001596532,,,Priv.,announcement_only,2022-07-02,2022-08-31,2,8-K,,,not_checked,machine_form_and_window_only,
3965206020,2022-08-14,2022-08-14,IQVIA Hldg Inc,Pharmaspectra LLC,0001478242,,,Sub.,announcement_only,2022-07-15,2022-09-13,2,8-K,,,not_checked,machine_form_and_window_only,
3965607020,2022-08-23,2022-08-23,SS&C Technologies Holdings Inc,Tier1crm Inc-Bus & Related,0001402436,,,Sub.,announcement_only,2022-07-24,2022-09-22,2,8-K,,,not_checked,machine_form_and_window_only,
3968763020,2022-08-02,2022-08-02,Morgan Stanley,InspectionLogic Corp,0000895421,,,Priv.,announcement_only,2022-07-03,2022-09-01,2,8-K,,,not_checked,machine_form_and_window_only,
3968780020,2022-08-02,2022-08-02,Morgan Stanley,Guideware Systems LLC,0000895421,,,Priv.,announcement_only,2022-07-03,2022-09-01,2,8-K,,,not_checked,machine_form_and_window_only,
3971222040,2022-06-16,2022-06-16,Keysight Technologies Inc,Nordsys GmbH,0001601046,,,,announcement_only,2022-05-17,2022-07-16,2,8-K,,,not_checked,machine_form_and_window_only,
3972360020,2022-09-01,2022-09-01,HEICO Corp,Ironwood Electns Inc,0000046619,,,Priv.,announcement_only,2022-08-02,2022-10-01,2,8-K,,,not_checked,machine_form_and_window_only,
3974103020,2022-08-24,2022-08-24,Wells Fargo & Co,Ciox Health Llc-Data Curation,0000072971,,,Sub.,announcement_only,2022-07-25,2022-09-23,2,8-K,,,not_checked,machine_form_and_window_only,
3974553020,2022-09-14,2022-09-14,Trimble Inc,B2W Software Inc,0000864749,,,Priv.,announcement_only,2022-08-15,2022-10-14,2,8-K,,,not_checked,machine_form_and_window_only,
3985260040,2022-10-03,2022-10-31,Rockwell Automation Inc,CUBIC Modulsystem A/S,0001024478,,,,announcement_only,2022-09-03,2022-11-30,2,8-K,,,not_checked,machine_form_and_window_only,
3985666020,2022-10-04,2022-11-09,Apollo Global Management Inc,BlueCrew Inc,0001858681,,,Sub.,announcement_only,2022-09-04,2022-12-09,2,8-K,,,not_checked,machine_form_and_window_only,
3997763040,2022-11-03,2022-11-03,Euronet Worldwide Inc,Sikhona Foreign Exchange,0001029199,,,,announcement_only,2022-10-04,2022-12-03,2,8-K,,,not_checked,machine_form_and_window_only,
3999459020,2022-11-10,2022-11-10,908 Devices Inc,Trace Analytics Inc,0001555279,,,Sub.,announcement_only,2022-10-11,2022-12-10,2,8-K,,,not_checked,machine_form_and_window_only,
4003128040,2022-04-12,2022-04-12,Jabil Inc,YouTransactor SAS,0000898293,,,,announcement_only,2022-03-13,2022-05-12,2,8-K,,,not_checked,machine_form_and_window_only,
4006246020,2022-09-01,2022-09-01,3i Group PLC,RedWeek Inc,0001371489,,,Priv.,announcement_only,2022-08-02,2022-10-01,2,8-K,,,not_checked,machine_form_and_window_only,
3541393020,2020-03-31,2020-04-21,Palo Alto Networks Inc,CloudGenix Inc,0001327567,,420.00,Priv.,announcement_only,2020-03-01,2020-05-21,1,8-K,,,not_checked,machine_form_and_window_only,
3595005040,2020-06-25,2020-06-25,Keysight Technologies Inc,Eggplant Ltd,0001601046,,330.00,,announcement_only,2020-05-26,2020-07-25,1,8-K,,,not_checked,machine_form_and_window_only,
3626212020,2020-08-24,2020-09-17,Palo Alto Networks Inc,Crypsis Group Holdings LLC,0001327567,,265.00,Priv.,announcement_only,2020-07-25,2020-10-17,1,8-K,,,not_checked,machine_form_and_window_only,
3677728020,2020-12-10,2021-01-14,Leidos Holdings Inc,1901 Group LLC,0001336920,,215.00,Priv.,announcement_only,2020-11-10,2021-02-13,1,8-K,,,not_checked,machine_form_and_window_only,
3633969020,2020-09-11,2020-09-11,Verisk Analytics Inc,Franco Signor LLC,0001442145,,160.00,Priv.,announcement_only,2020-08-12,2020-10-11,1,8-K,,,not_checked,machine_form_and_window_only,
3795969020,2021-09-07,2021-09-07,Shutterstock Inc,Picmonkey Inc,0001549346,,110.00,Priv.,announcement_only,2021-08-08,2021-10-07,1,8-K,,,not_checked,machine_form_and_window_only,
3987558020,2022-10-03,2022-10-03,Ingersoll Rand Inc,Dosatron International LLC,0001699150,,105.00,Priv.,announcement_only,2022-09-03,2022-11-02,1,8-K,,,not_checked,machine_form_and_window_only,
3508388040,2020-01-09,2020-01-09,Iron Mountain Inc,OSG Records Management Center,0001020569,,98.436,,announcement_only,2019-12-10,2020-02-08,1,8-K,,,not_checked,machine_form_and_window_only,
3803096020,2021-08-02,2021-08-02,Okta Inc,Townsend Street Labs Inc,0001660134,,89.00,Priv.,announcement_only,2021-07-03,2021-09-01,1,8-K,,,not_checked,machine_form_and_window_only,
3995361020,2022-10-01,2022-10-01,i3 Verticals Inc,Celtic Systems,0001728688,,85.00,Priv.,announcement_only,2022-09-01,2022-10-31,1,8-K,,,not_checked,machine_form_and_window_only,
3679159020,2020-12-18,2020-12-18,Moog Inc,Genesys Aerosystems Group Inc,0000067887,,77.70,Priv.,announcement_only,2020-11-18,2021-01-17,1,8-K,,,not_checked,machine_form_and_window_only,
3765530020,2021-04-01,2021-04-01,Q2 Holdings Inc,ClickSWITCH Holdings Inc,0001410384,,65.00,Priv.,announcement_only,2021-03-02,2021-05-01,1,8-K,,,not_checked,machine_form_and_window_only,
3832271020,2021-11-10,2021-11-10,Legalzoom.Com Inc,Earth Class Mail Inc,0001286139,,63.00,Priv.,announcement_only,2021-10-11,2021-12-10,1,8-K,,,not_checked,machine_form_and_window_only,
3693913040,2021-01-31,2021-01-31,Rapid7 Inc,Alcide.io Ltd,0001560327,,50.00,,announcement_only,2021-01-01,2021-03-02,1,8-K,,,not_checked,machine_form_and_window_only,
3985026040,2022-10-05,2022-10-05,SPS Commerce Inc,InterTrade Systems Inc,0001092699,,48.701,,announcement_only,2022-09-05,2022-11-04,1,8-K,,,not_checked,machine_form_and_window_only,
3682172020,2020-10-19,2020-10-19,Hubbell Inc,AccelTex Solutions Inc,0000048898,,45.00,Priv.,announcement_only,2020-09-19,2020-11-18,1,8-K,,,not_checked,machine_form_and_window_only,
3787882040,2021-08-04,2021-08-04,Appian Corp,Lana Labs GmbH,0001441683,,36.689,,announcement_only,2021-07-05,2021-09-03,1,8-K,,,not_checked,machine_form_and_window_only,
3642757020,2020-09-28,2020-09-28,Snap-On Inc,AutoCrib Inc,0000091440,,36.00,Priv.,announcement_only,2020-08-29,2020-10-28,1,8-K,,,not_checked,machine_form_and_window_only,
3691919040,2021-01-26,2021-01-26,Enphase Energy Inc,Sofdesk Inc,0001463101,,35.488,,announcement_only,2020-12-27,2021-02-25,1,8-K,,,not_checked,machine_form_and_window_only,
3860029040,2022-01-07,2022-01-07,Upland Software Inc,Objectif Lune Inc,0001505155,,34.30,,announcement_only,2021-12-08,2022-02-06,1,8-K,,,not_checked,machine_form_and_window_only,
3882338020,2022-02-24,2022-02-24,Upland Software Inc,BA-Insight Inc,0001505155,,34.00,Priv.,announcement_only,2022-01-25,2022-03-26,1,8-K,,,not_checked,machine_form_and_window_only,
3689946020,2021-01-20,2021-01-20,Upland Software Inc,Second Street Media Inc,0001505155,,30.40,Priv.,announcement_only,2020-12-21,2021-02-19,1,8-K,,,not_checked,machine_form_and_window_only,
3784470020,2021-08-02,2021-08-02,Perdoceo Education Corp,DigitalCrafts LLC,0001046568,,18.75,Priv.,announcement_only,2021-07-03,2021-09-01,1,8-K,,,not_checked,machine_form_and_window_only,
3960299040,2022-08-09,2022-08-09,908 Devices Inc,Trace Analytics GmbH,0001555279,,17.30,,announcement_only,2022-07-10,2022-09-08,1,8-K,,,not_checked,machine_form_and_window_only,
3823832020,2021-11-03,2021-11-03,SPS Commerce Inc,Genius Cntrl,0001092699,,17.00,Priv.,announcement_only,2021-10-04,2021-12-03,1,8-K,,,not_checked,machine_form_and_window_only,
3518313020,2020-02-05,2020-02-05,NetScout Systems Inc,Gigavation Inc,0001078075,,8.00,Priv.,announcement_only,2020-01-06,2020-03-06,1,8-K,,,not_checked,machine_form_and_window_only,
3853316020,2021-12-10,2021-12-10,Healthcare Triangle Inc,DevCool Inc,0001839285,,7.645,Priv.,announcement_only,2021-11-10,2022-01-09,1,8-K,,,not_checked,machine_form_and_window_only,
3864065020,2022-01-14,2022-01-14,Schrodinger Inc,XTAL BioStructures Inc,0001490978,,6.00,Priv.,announcement_only,2021-12-15,2022-02-13,1,8-K,,,not_checked,machine_form_and_window_only,
3683006020,2020-12-11,2020-12-11,Gibraltar Industries Inc,Sunfig Corp,0000912562,,3.75,Priv.,announcement_only,2020-11-11,2021-01-10,1,8-K,,,not_checked,machine_form_and_window_only,
3752684020,2021-06-08,2021-06-08,Red Light Holland Corp,Radix Motion Inc,0001526520,,3.485,Priv.,announcement_only,2021-05-09,2021-07-08,1,8-K,,,not_checked,machine_form_and_window_only,
3982568020,2022-09-27,2022-09-27,Transcat Inc,E2b Calibration LLC,0000099302,,3.15,Sub.,announcement_only,2022-08-28,2022-10-27,1,8-K,,,not_checked,machine_form_and_window_only,
3689328020,2021-01-19,2021-01-19,HealthStream Inc,ProcessDATA Ltd,0001095565,,2.00,Priv.,announcement_only,2020-12-20,2021-02-18,1,8-K,,,not_checked,machine_form_and_window_only,
3502196020,2020-01-07,2020-01-07,Cloudflare Inc,S2 Systems Corp,0001477333,,,Priv.,announcement_only,2019-12-08,2020-02-06,1,8-K,,,not_checked,machine_form_and_window_only,
3502663020,2020-01-10,2020-01-10,HCA Healthcare Inc,Valify Inc,0000860730,,,Priv.,announcement_only,2019-12-11,2020-02-09,1,8-K,,,not_checked,machine_form_and_window_only,
3507840020,2020-01-09,2020-01-09,Synopsys Inc,Tinfoil Security Inc,0000883241,,,Priv.,announcement_only,2019-12-10,2020-02-08,1,8-K,,,not_checked,machine_form_and_window_only,
3518757020,2020-02-25,2020-02-25,TETRA Technologies Inc,Segue Technologies Inc,0000844965,,,Priv.,announcement_only,2020-01-26,2020-03-26,1,8-K,,,not_checked,machine_form_and_window_only,
3520131020,2020-02-13,2020-02-13,Arista Networks Inc,Big Switch Networks Inc,0001596532,,,Priv.,announcement_only,2020-01-14,2020-03-14,1,8-K,,,not_checked,machine_form_and_window_only,
3523724020,2020-02-02,2020-02-02,Lazard Ltd,MedData LLC,0001311370,,,Sub.,announcement_only,2020-01-03,2020-03-03,1,8-K,,,not_checked,machine_form_and_window_only,
3524280020,2020-01-15,2020-01-15,Apple Inc,Xnor.Ai Inc,0000320193,,,Priv.,announcement_only,2019-12-16,2020-02-14,1,8-K,,,not_checked,machine_form_and_window_only,
3524775020,2020-03-09,2020-03-09,Nasdaq Inc,Solovis Inc,0001120193,,,Priv.,announcement_only,2020-02-08,2020-04-08,1,8-K,,,not_checked,machine_form_and_window_only,
3528570040,2020-02-19,2020-02-19,Alphabet Inc,Cornerstone Technology BV,0001652044,,,,announcement_only,2020-01-20,2020-03-20,1,8-K,,,not_checked,machine_form_and_window_only,
3529191020,2020-02-21,2020-02-21,Amazon.com Inc,DataRow,0001018724,,,Priv.,announcement_only,2020-01-22,2020-03-22,1,8-K,,,not_checked,machine_form_and_window_only,
3541434020,2020-03-31,2020-03-31,Apple Inc,Dark Sky Co LLC,0000320193,,,Priv.,announcement_only,2020-03-01,2020-04-30,1,8-K,,,not_checked,machine_form_and_window_only,
3563075040,2020-04-03,2020-04-03,Apple Inc,Voysis Ltd,0000320193,,,,announcement_only,2020-03-04,2020-05-03,1,8-K,,,not_checked,machine_form_and_window_only,
3572179020,2020-05-06,2020-05-06,Franklin Resources Inc,AdvisorEngine Inc,0000038777,,,Priv.,announcement_only,2020-04-06,2020-06-05,1,8-K,,,not_checked,machine_form_and_window_only,
3582122020,2020-05-28,2020-05-28,The OLB Group Inc,Double Beam Inc,0001314196,,,Sub.,announcement_only,2020-04-28,2020-06-27,1,8-K,,,not_checked,machine_form_and_window_only,
3587468040,2020-06-04,2020-06-04,Oracle Corp,Pixology Ltd,0001341439,,,,announcement_only,2020-05-05,2020-07-04,1,8-K,,,not_checked,machine_form_and_window_only,
3590950040,2020-06-17,2020-06-17,Illumina Inc,Bluebee Holding BV,0001110803,,,,announcement_only,2020-05-18,2020-07-17,1,8-K,,,not_checked,machine_form_and_window_only,
3599525020,2020-07-07,2020-07-07,Lindsay Corp,Net Irrigate LLC,0000836157,,,Priv.,announcement_only,2020-06-07,2020-08-06,1,8-K,,,not_checked,machine_form_and_window_only,
3602020020,2020-07-08,2020-07-08,OSI Systems Inc,BoxView LLC,0001039065,,,Priv.,announcement_only,2020-06-08,2020-08-07,1,8-K,,,not_checked,machine_form_and_window_only,
3610038040,2020-07-14,2020-07-14,Danaher Corp,Aquatic Informatics Inc,0000313616,,,,announcement_only,2020-06-14,2020-08-13,1,8-K,,,not_checked,machine_form_and_window_only,
3620097020,2020-08-06,2020-08-06,Bright Horizons Family,Sittercity Inc,0001437578,,,Priv.,announcement_only,2020-07-07,2020-09-05,1,8-K,,,not_checked,machine_form_and_window_only,
3625571020,2020-08-06,2020-08-06,Datadog Inc,Undefined Labs Inc,0001561550,,,Priv.,announcement_only,2020-07-07,2020-09-05,1,8-K,,,not_checked,machine_form_and_window_only,
3625589040,2020-08-18,2020-08-18,HEICO Corp,Connect Tech Inc,0000046619,,,,announcement_only,2020-07-19,2020-09-17,1,8-K,,,not_checked,machine_form_and_window_only,
3626808040,2020-08-12,2020-08-12,Cadence Design Systems Inc,inspectAR Augmented Interfaces,0000813672,,,,announcement_only,2020-07-13,2020-09-11,1,8-K,,,not_checked,machine_form_and_window_only,
3627792020,2020-08-12,2020-08-12,HEICO Corp,Transformational Security LLC,0000046619,,,Priv.,announcement_only,2020-07-13,2020-09-11,1,8-K,,,not_checked,machine_form_and_window_only,
3627795020,2020-08-12,2020-08-12,HEICO Corp,Intelligent Devices Inc,0000046619,,,Priv.,announcement_only,2020-07-13,2020-09-11,1,8-K,,,not_checked,machine_form_and_window_only,
3633498040,2020-09-09,2020-09-22,Dell Technologies Inc,Delve Security,0001571996,,,,announcement_only,2020-08-10,2020-10-22,1,8-K,,,not_checked,machine_form_and_window_only,
3637275020,2020-09-14,2020-09-14,Trimble Inc,MidStates VRS LLC,0000864749,,,Sub.,announcement_only,2020-08-15,2020-10-14,1,8-K,,,not_checked,machine_form_and_window_only,
3640292040,2020-09-02,2020-09-02,EPAM Systems Inc,Ricston Ltd,0001352010,,,,announcement_only,2020-08-03,2020-10-02,1,8-K,,,not_checked,machine_form_and_window_only,
3641138040,2020-07-14,2020-07-14,Illumina Inc,Enancio SAS,0001110803,,,,announcement_only,2020-06-14,2020-08-13,1,8-K,,,not_checked,machine_form_and_window_only,
3642297020,2020-09-28,2020-10-07,Arista Networks Inc,Awake Security Inc,0001596532,,,Priv.,announcement_only,2020-08-29,2020-11-06,1,8-K,,,not_checked,machine_form_and_window_only,
3643583020,2020-09-29,2020-09-29,OSI Systems Inc,Nucsafe Inc,0001039065,,,Priv.,announcement_only,2020-08-30,2020-10-29,1,8-K,,,not_checked,machine_form_and_window_only,
3644639040,2020-10-02,2020-10-02,Rockwell Automation Inc,CYBERSEC CULTURE & AWARENESS,0001024478,,,,announcement_only,2020-09-02,2020-11-01,1,8-K,,,not_checked,machine_form_and_window_only,
3644775020,2020-10-05,2020-10-05,Genpact Ltd,Something Digital Inc,0001398659,,,Sub.,announcement_only,2020-09-05,2020-11-04,1,8-K,,,not_checked,machine_form_and_window_only,
3652161020,2020-10-22,2020-11-03,Cognizant Technology Solutions,Bright Wolf Inc,0001058290,,,Priv.,announcement_only,2020-09-22,2020-12-03,1,8-K,,,not_checked,machine_form_and_window_only,
3653125040,2020-10-27,2020-10-27,Akamai Technologies Inc,Asavie Technologies Ltd,0001086222,,,,announcement_only,2020-09-27,2020-11-26,1,8-K,,,not_checked,machine_form_and_window_only,
3660853020,2020-10-29,2020-11-18,Five9 Inc,Inference Solutions Inc,0001288847,,,Priv.,announcement_only,2020-09-29,2020-12-18,1,8-K,,,not_checked,machine_form_and_window_only,
3661793040,2020-11-12,2020-11-12,SPX Corp,Sensors & Software Inc,0000088205,,,,announcement_only,2020-10-13,2020-12-12,1,8-K,,,not_checked,machine_form_and_window_only,
3662371020,2020-10-06,2020-10-06,The Carlyle Group Inc,Sass Labs Inc,0001527166,,,Priv.,announcement_only,2020-09-06,2020-11-05,1,8-K,,,not_checked,machine_form_and_window_only,
3663600040,2020-11-11,2020-11-11,Synopsys Inc,Moortec Semiconductor Ltd,0000883241,,,,announcement_only,2020-10-12,2020-12-11,1,8-K,,,not_checked,machine_form_and_window_only,
3663743020,2020-10-13,2020-10-13,KKR & Co Inc,ComAround Inc,0001404912,,,Priv.,announcement_only,2020-09-13,2020-11-12,1,8-K,,,not_checked,machine_form_and_window_only,
3668527020,2020-10-29,2020-10-29,The Carlyle Group Inc,Nuvem Consulting Inc,0001527166,,,Priv.,announcement_only,2020-09-29,2020-11-28,1,8-K,,,not_checked,machine_form_and_window_only,
3671946020,2020-12-08,2020-12-08,Fortinet Inc,Panopta LLC,0001262039,,,Priv.,announcement_only,2020-11-08,2021-01-07,1,8-K,,,not_checked,machine_form_and_window_only,
3674820020,2020-12-03,2020-12-03,Stewart Information Services,NotaryCam Inc,0000094344,,,Priv.,announcement_only,2020-11-03,2021-01-02,1,8-K,,,not_checked,machine_form_and_window_only,
3677944020,2020-12-08,2020-12-08,NextEra Energy Inc,eIQ Mobility Inc,0000753308,,,Priv.,announcement_only,2020-11-08,2021-01-07,1,8-K,,,not_checked,machine_form_and_window_only,
3680361040,2020-12-08,2020-12-08,Alphabet Inc,Tada Science Inc,0001652044,,,,announcement_only,2020-11-08,2021-01-07,1,8-K,,,not_checked,machine_form_and_window_only,
3680566020,2020-12-02,2020-12-14,Alphabet Inc,Actifio Inc,0001652044,,,Priv.,announcement_only,2020-11-02,2021-01-13,1,8-K,,,not_checked,machine_form_and_window_only,
3680647020,2020-12-24,2020-12-24,Alphabet Inc,StratoZone LLC,0001652044,,,Priv.,announcement_only,2020-11-24,2021-01-23,1,8-K,,,not_checked,machine_form_and_window_only,
3683855020,2020-12-30,2020-12-30,CTS Corp,Sensor Scientific Inc,0000026058,,,Priv.,announcement_only,2020-11-30,2021-01-29,1,8-K,,,not_checked,machine_form_and_window_only,
3685195020,2020-12-23,2020-12-23,The Carlyle Group Inc,Two Six Labs LLC,0001527166,,,Priv.,announcement_only,2020-11-23,2021-01-22,1,8-K,,,not_checked,machine_form_and_window_only,
3685356020,2021-01-07,2021-01-07,Airgain Inc,NimbeLink Corp,0001272842,,,Priv.,announcement_only,2020-12-08,2021-02-06,1,8-K,,,not_checked,machine_form_and_window_only,
3685389020,2020-12-11,2020-12-11,Alphabet Inc,Neverware Inc,0001652044,,,Priv.,announcement_only,2020-11-11,2021-01-10,1,8-K,,,not_checked,machine_form_and_window_only,
3685411020,2020-01-18,2020-01-18,Nvidia Corp,Parabricks LLC,0001045810,,,Priv.,announcement_only,2019-12-19,2020-02-17,1,8-K,,,not_checked,machine_form_and_window_only,
3685449020,2021-01-08,2021-01-08,Advanced Energy Industries Inc,Versatile Power Inc,0000927003,,,Priv.,announcement_only,2020-12-09,2021-02-07,1,8-K,,,not_checked,machine_form_and_window_only,
3687062020,2021-01-07,2021-02-02,Huron Consulting Group Inc,Unico Solution Inc,0001289848,,,Priv.,announcement_only,2020-12-08,2021-03-04,1,8-K,,,not_checked,machine_form_and_window_only,
3689587020,2020-09-30,2020-09-30,The Carlyle Group Inc,Visionary RCM Inc,0001527166,,,Priv.,announcement_only,2020-08-31,2020-10-30,1,8-K,,,not_checked,machine_form_and_window_only,
3689588020,2020-09-30,2020-09-30,The Carlyle Group Inc,T-System Inc,0001527166,,,Sub.,announcement_only,2020-08-31,2020-10-30,1,8-K,,,not_checked,machine_form_and_window_only,
3696224020,2021-01-11,2021-01-11,Pegasystems Inc,Qurious.io Inc,0001013857,,,Priv.,announcement_only,2020-12-12,2021-02-10,1,8-K,,,not_checked,machine_form_and_window_only,
3703862020,2021-02-17,2021-02-17,Lazard Ltd,RevClaims LLC,0001311370,,,Priv.,announcement_only,2021-01-18,2021-03-19,1,8-K,,,not_checked,machine_form_and_window_only,
3704154020,2021-02-10,2021-03-19,Moody's Corp,Cortera Inc,0001059556,,,Sub.,announcement_only,2021-01-11,2021-04-18,1,8-K,,,not_checked,machine_form_and_window_only,
3705936040,2021-02-07,2021-02-07,Snowflake Inc,Polidea Sp z o o,0001640147,,,,announcement_only,2021-01-08,2021-03-09,1,8-K,,,not_checked,machine_form_and_window_only,
3715172020,2020-11-02,2020-11-02,Peloton Interactive Inc,Peerfit Inc.,0001639825,,,Priv.,announcement_only,2020-10-03,2020-12-02,1,8-K,,,not_checked,machine_form_and_window_only,
3718864020,2020-10-31,2020-10-31,IQVIA Hldg Inc,Clinical Solutions Group Inc,0001478242,,,Priv.,announcement_only,2020-10-01,2020-11-30,1,8-K,,,not_checked,machine_form_and_window_only,
3719586020,2021-02-11,2021-02-11,Datadog Inc,Timber Inc,0001561550,,,Priv.,announcement_only,2021-01-12,2021-03-13,1,8-K,,,not_checked,machine_form_and_window_only,
3721242020,2021-03-09,2021-03-31,ResMed Inc,Citus Health Inc,0000943819,,,Priv.,announcement_only,2021-02-07,2021-04-30,1,8-K,,,not_checked,machine_form_and_window_only,
3735979040,2021-04-29,2021-04-29,Bentley Systems Inc,Vista Data Vision BV,0001031308,,,,announcement_only,2021-03-30,2021-05-29,1,8-K,,,not_checked,machine_form_and_window_only,
3744838020,2021-05-18,2021-05-18,Acuity Brands Inc,Rockpile Ventures,0001144215,,,Priv.,announcement_only,2021-04-18,2021-06-17,1,8-K,,,not_checked,machine_form_and_window_only,
3754207020,2021-05-19,2021-05-19,Blackstone Group Inc,Tresensa Technologies Inc,0001393818,,,Priv.,announcement_only,2021-04-19,2021-06-18,1,8-K,,,not_checked,machine_form_and_window_only,
3759874020,2021-06-10,2021-06-10,Henry Schein Inc,Eassist Global Solutions Inc,0001000228,,,Sub.,announcement_only,2021-05-11,2021-07-10,1,8-K,,,not_checked,machine_form_and_window_only,
3762158040,2021-06-22,2021-06-22,Unity Software Inc,Metaverse Tech France SAS,0001810806,,,,announcement_only,2021-05-23,2021-07-22,1,8-K,,,not_checked,machine_form_and_window_only,
3763319020,2021-06-25,2021-06-25,Walker & Dunlop Inc,Tapcap Co,0001497770,,,Priv.,announcement_only,2021-05-26,2021-07-25,1,8-K,,,not_checked,machine_form_and_window_only,
3763679020,2021-06-22,2021-06-22,NetApp Inc,Data Mechanics Inc,0001002047,,,Priv.,announcement_only,2021-05-23,2021-07-22,1,8-K,,,not_checked,machine_form_and_window_only,
3766139020,2021-05-24,2021-05-24,IBM Corp,Catalogic Software-Copy Data,0000051143,,,Sub.,announcement_only,2021-04-24,2021-06-23,1,8-K,,,not_checked,machine_form_and_window_only,
3769251020,2021-07-08,2021-07-08,EverCommerce Inc,Med Design Tech LLC,0001853145,,,Priv.,announcement_only,2021-06-08,2021-08-07,1,8-K,,,not_checked,machine_form_and_window_only,
3775339040,2021-07-20,2021-07-20,LivePerson Inc,e-bot7 GmbH,0001102993,,,,announcement_only,2021-06-20,2021-08-19,1,8-K,,,not_checked,machine_form_and_window_only,
3780870040,2021-08-03,2021-08-03,SPX Corp,ECS,0000088205,,,,announcement_only,2021-07-04,2021-09-02,1,8-K,,,not_checked,machine_form_and_window_only,
3783082040,2021-08-04,2021-08-04,FiscalNote Holdings Inc,Equilibrium World Pte Ltd,0001823466,,,,announcement_only,2021-07-05,2021-09-03,1,8-K,,,not_checked,machine_form_and_window_only,
3786598020,2021-08-16,2021-08-16,Roblox Corp,Guilded Inc,0001315098,,,Priv.,announcement_only,2021-07-17,2021-09-15,1,8-K,,,not_checked,machine_form_and_window_only,
3789324020,2021-08-12,2021-08-12,Unity Software Inc,OTO Systems Inc,0001810806,,,Priv.,announcement_only,2021-07-13,2021-09-11,1,8-K,,,not_checked,machine_form_and_window_only,
3789515020,2021-08-24,2021-08-24,The Carlyle Group Inc,Trusted Concepts Inc,0001527166,,,Priv.,announcement_only,2021-07-25,2021-09-23,1,8-K,,,not_checked,machine_form_and_window_only,
3790422040,2021-08-03,2021-08-03,Zedge Holdings Inc,Emojipedia Pty Ltd,0001667313,,,,announcement_only,2021-07-04,2021-09-02,1,8-K,,,not_checked,machine_form_and_window_only,
3790869040,2021-08-09,2021-08-09,Qualys INC,Kandor Soft Labs Pvt Ltd,0001107843,,,,announcement_only,2021-07-10,2021-09-08,1,8-K,,,not_checked,machine_form_and_window_only,
3791700040,2021-08-10,2021-08-10,EPAM Systems Inc,S4N SAS,0001352010,,,,announcement_only,2021-07-11,2021-09-09,1,8-K,,,not_checked,machine_form_and_window_only,
3793856020,2021-09-01,2021-09-01,Berkshire Hathaway Inc,Paragon Innovations Inc,0001067983,,,Priv.,announcement_only,2021-08-02,2021-10-01,1,8-K,,,not_checked,machine_form_and_window_only,
3796482020,2021-08-11,2021-08-11,Roblox Corp,Bash Video,0001315098,,,Priv.,announcement_only,2021-07-12,2021-09-10,1,8-K,,,not_checked,machine_form_and_window_only,
3799371040,2021-09-14,2021-09-15,Dynatrace Inc,Spectx OU,0001773383,,,,announcement_only,2021-08-15,2021-10-15,1,8-K,,,not_checked,machine_form_and_window_only,
3799558020,2021-07-01,2021-07-01,KLA Corp,Anchor Semiconductor Inc,0000319201,,,Priv.,announcement_only,2021-06-01,2021-07-31,1,8-K,,,not_checked,machine_form_and_window_only,
3799772020,2021-09-14,2021-09-14,WM Technology Inc,MembersRSVP LLC,0001779474,,,Priv.,announcement_only,2021-08-15,2021-10-14,1,8-K,,,not_checked,machine_form_and_window_only,
3802329020,2021-09-20,2021-09-20,Brunswick Corp,SemahTronix LLC,0000014930,,,Priv.,announcement_only,2021-08-21,2021-10-20,1,8-K,,,not_checked,machine_form_and_window_only,
3806304020,2021-09-27,2021-09-27,Honeywell International Inc,Performix Inc,0000773840,,,Sub.,announcement_only,2021-08-28,2021-10-27,1,8-K,,,not_checked,machine_form_and_window_only,
3816373040,2021-10-19,2021-10-19,Carrier Global Corp,Cavius ApS,0001783180,,,,announcement_only,2021-09-19,2021-11-18,1,8-K,,,not_checked,machine_form_and_window_only,
3818888020,2021-10-22,2021-10-22,Microsoft Corp,Clear Software LLC,0000789019,,,Priv.,announcement_only,2021-09-22,2021-11-21,1,8-K,,,not_checked,machine_form_and_window_only,
3823418040,2021-11-03,2021-11-03,The Carlyle Group Inc,CSS AG,0001527166,,,,announcement_only,2021-10-04,2021-12-03,1,8-K,,,not_checked,machine_form_and_window_only,
3824054040,2021-11-04,2021-11-04,Datadog Inc,Ozcode Ltd,0001561550,,,,announcement_only,2021-10-05,2021-12-04,1,8-K,,,not_checked,machine_form_and_window_only,
3827580040,2021-10-29,2021-10-29,Microsoft Corp,Two Hat Security Ltd,0000789019,,,,announcement_only,2021-09-29,2021-11-28,1,8-K,,,not_checked,machine_form_and_window_only,
3832615040,2021-11-09,2021-11-09,Take-Two Interactive Software,Platygobian Sl,0000946581,,,,announcement_only,2021-10-10,2021-12-09,1,8-K,,,not_checked,machine_form_and_window_only,
3844344020,2021-10-07,2021-10-07,Microsoft Corp,Ally Technologies Inc,0000789019,,,Priv.,announcement_only,2021-09-07,2021-11-06,1,8-K,,,not_checked,machine_form_and_window_only,
3844522020,2021-12-08,2021-12-08,Cloudflare Inc,Sweeps Ai Inc,0001477333,,,Priv.,announcement_only,2021-11-08,2022-01-07,1,8-K,,,not_checked,machine_form_and_window_only,
3844841040,2021-10-28,2021-10-28,Johnson Controls International,Provincial Sprinkler Co Ltd,0000833444,,,,announcement_only,2021-09-28,2021-11-27,1,8-K,,,not_checked,machine_form_and_window_only,
3845153020,2021-11-24,2021-11-24,Coinbase Global Inc,Breadwinner AG,0001679788,,,Priv.,announcement_only,2021-10-25,2021-12-24,1,8-K,,,not_checked,machine_form_and_window_only,
3852541040,2021-12-21,2021-12-21,Intuit Inc,Imvision Software Tech Ltd,0000896878,,,,announcement_only,2021-11-21,2022-01-20,1,8-K,,,not_checked,machine_form_and_window_only,
3852923040,2021-12-06,2021-12-06,Pinterest Inc,Blbw Ltd,0001506293,,,,announcement_only,2021-11-06,2022-01-05,1,8-K,,,not_checked,machine_form_and_window_only,
3856215020,2021-12-30,2021-12-30,Graphene & Solar Tech Ltd,Air-To-Water LLC,0001497649,,,Priv.,announcement_only,2021-11-30,2022-01-29,1,8-K,,,not_checked,machine_form_and_window_only,
3859156020,2022-01-06,2022-01-06,Jones Lang LaSalle Inc,Hank Inc,0001037976,,,Priv.,announcement_only,2021-12-07,2022-02-05,1,8-K,,,not_checked,machine_form_and_window_only,
3863386020,2022-01-05,2022-01-05,Magnite Inc,Nth Party Ltd,0001595974,,,Priv.,announcement_only,2021-12-06,2022-02-04,1,8-K,,,not_checked,machine_form_and_window_only,
3864985040,2022-01-19,2022-01-19,Uber Technologies Inc,Car Next Door Australia Pty,0001543151,,,,announcement_only,2021-12-20,2022-02-18,1,8-K,,,not_checked,machine_form_and_window_only,
3870225020,2022-01-19,2022-01-19,AudioEye Inc,Square ADA LLC,0001362190,,,Priv.,announcement_only,2021-12-20,2022-02-18,1,8-K,,,not_checked,machine_form_and_window_only,
3871506020,2022-01-31,2022-01-31,Sonos Inc,T2 Software Inc,0001314727,,,Priv.,announcement_only,2022-01-01,2022-03-02,1,8-K,,,not_checked,machine_form_and_window_only,
3872938020,2022-02-10,2022-02-10,Datadog Inc,CoScreen Inc,0001561550,,,Priv.,announcement_only,2022-01-11,2022-03-12,1,8-K,,,not_checked,machine_form_and_window_only,
3873560020,2022-02-10,2022-02-10,Cloudflare Inc,Vectrix Security Inc,0001477333,,,Priv.,announcement_only,2022-01-11,2022-03-12,1,8-K,,,not_checked,machine_form_and_window_only,
3882689040,2022-01-24,2022-01-24,Unity Software Inc,Ziva Dynamics Inc,0001810806,,,,announcement_only,2021-12-25,2022-02-23,1,8-K,,,not_checked,machine_form_and_window_only,
3885052040,2022-02-03,2022-02-03,Autodesk Inc,Prodsmart Informatica Lda,0000769397,,,,announcement_only,2022-01-04,2022-03-05,1,8-K,,,not_checked,machine_form_and_window_only,
3887999040,2022-02-01,2022-02-01,Commvault Systems Inc,Trap Data Sec Ltd,0001169561,,,,announcement_only,2022-01-02,2022-03-03,1,8-K,,,not_checked,machine_form_and_window_only,
3891046020,2022-02-18,2022-02-18,Definitive Healthcare Corp,Analytical Wizards Inc,0001861795,,,Priv.,announcement_only,2022-01-19,2022-03-20,1,8-K,,,not_checked,machine_form_and_window_only,
3892403040,2022-03-23,2022-03-23,Snap Inc,Nextmind SAS,0001564408,,,,announcement_only,2022-02-21,2022-04-22,1,8-K,,,not_checked,machine_form_and_window_only,
3894745020,2022-03-24,2022-03-24,Netflix Inc,Boss Fight Entertainment Inc,0001065280,,,Priv.,announcement_only,2022-02-22,2022-04-23,1,8-K,,,not_checked,machine_form_and_window_only,
3896691020,2022-03-29,2022-03-29,Information Services Group Inc,Agreemint,0001371489,,,Priv.,announcement_only,2022-02-27,2022-04-28,1,8-K,,,not_checked,machine_form_and_window_only,
3897255040,2022-03-29,2022-03-29,Microsoft Corp,Paddle Inc,0000789019,,,,announcement_only,2022-02-27,2022-04-28,1,8-K,,,not_checked,machine_form_and_window_only,
3897919020,2022-03-30,2022-03-30,Fastly Inc,Fanout LLC,0001517413,,,Priv.,announcement_only,2022-02-28,2022-04-29,1,8-K,,,not_checked,machine_form_and_window_only,
3897991040,2022-03-31,2022-03-31,Microsoft Corp,Minit jsa,0000789019,,,,announcement_only,2022-03-01,2022-04-30,1,8-K,,,not_checked,machine_form_and_window_only,
3899639020,2022-04-05,2022-04-05,Axon Enterprise Inc,Foundry 45 LLC,0001069183,,,Priv.,announcement_only,2022-03-06,2022-05-05,1,8-K,,,not_checked,machine_form_and_window_only,
3900805020,2022-04-07,2022-04-07,Bentley Systems Inc,ADINA R & D Inc,0001031308,,,Priv.,announcement_only,2022-03-08,2022-05-07,1,8-K,,,not_checked,machine_form_and_window_only,
3916578040,2022-05-04,2022-05-04,Nvidia Corp,Animatico AG,0001045810,,,,announcement_only,2022-04-04,2022-06-03,1,8-K,,,not_checked,machine_form_and_window_only,
3919710020,2022-04-22,2022-04-22,Alphabet Inc,Vicarious FPC Inc,0001652044,,,Priv.,announcement_only,2022-03-23,2022-05-22,1,8-K,,,not_checked,machine_form_and_window_only,
3928373040,2022-05-27,2022-05-27,Accenture PLC,Kabel Sistemas de Informacion,0001467373,,,,announcement_only,2022-04-27,2022-06-26,1,8-K,,,not_checked,machine_form_and_window_only,
3929134020,2022-05-11,2022-05-11,Health Catalyst Inc,ARMUS Corp,0001636422,,,Priv.,announcement_only,2022-04-11,2022-06-10,1,8-K,,,not_checked,machine_form_and_window_only,
3929542020,2022-03-29,2022-03-29,Arista Networks Inc,Untangle Inc,0001596532,,,Sub.,announcement_only,2022-02-27,2022-04-28,1,8-K,,,not_checked,machine_form_and_window_only,
3935551040,2022-06-16,2022-06-16,Applied Materials Inc,Picosun Oy,0000006951,,,,announcement_only,2022-05-17,2022-07-16,1,8-K,,,not_checked,machine_form_and_window_only,
3938452040,2022-06-22,2022-06-22,eBay Inc,Known Origin Labs Ltd,0001065088,,,,announcement_only,2022-05-23,2022-07-22,1,8-K,,,not_checked,machine_form_and_window_only,
3939427020,2022-04-05,2022-04-05,Roblox Corp,Hamul Inc,0001315098,,,Priv.,announcement_only,2022-03-06,2022-05-05,1,8-K,,,not_checked,machine_form_and_window_only,
3949890040,2022-06-13,2022-06-13,Concentrix Corp,Keepappy Ltd,0001803599,,,,announcement_only,2022-05-14,2022-07-13,1,8-K,,,not_checked,machine_form_and_window_only,
3950285020,2022-07-16,2022-07-16,ePlus Inc,Future Com Ltd,0001022408,,,Priv.,announcement_only,2022-06-16,2022-08-15,1,8-K,,,not_checked,machine_form_and_window_only,
3954396040,2022-07-26,2022-07-26,Jones Lang LaSalle Inc,Envio Systems GmbH,0001037976,,,,announcement_only,2022-06-26,2022-08-25,1,8-K,,,not_checked,machine_form_and_window_only,
3959000040,2022-08-04,2022-08-04,Datadog Inc,Seekret Software Security Ltd,0001561550,,,,announcement_only,2022-07-05,2022-09-03,1,8-K,,,not_checked,machine_form_and_window_only,
3961112040,2022-08-09,2022-08-09,PAR Technology Corp,Menu Technologies AG,0000708821,,,,announcement_only,2022-07-10,2022-09-08,1,8-K,,,not_checked,machine_form_and_window_only,
3964536020,2022-07-07,2022-07-07,Cardinal Health Inc,ScalaMed Inc,0000721371,,,Priv.,announcement_only,2022-06-07,2022-08-06,1,8-K,,,not_checked,machine_form_and_window_only,
3971327020,2022-09-06,2022-09-06,TriNet Group Inc,Clarus R+D Solutions LLC,0000937098,,,Priv.,announcement_only,2022-08-07,2022-10-06,1,8-K,,,not_checked,machine_form_and_window_only,
3974112020,2022-06-17,2022-06-17,Zscaler Inc,Shiftright Inc,0001713683,,,Priv.,announcement_only,2022-05-18,2022-07-17,1,8-K,,,not_checked,machine_form_and_window_only,
3984748020,2022-10-04,2022-10-04,Qualys INC,Blue Hexagon Inc,0001107843,,,Priv.,announcement_only,2022-09-04,2022-11-03,1,8-K,,,not_checked,machine_form_and_window_only,
3987675020,2022-10-03,2022-10-03,Danaher Corp,Stocastic LLC,0000313616,,,Priv.,announcement_only,2022-09-03,2022-11-02,1,8-K,,,not_checked,machine_form_and_window_only,
3988751020,2022-10-14,2022-10-14,AES Corp,Computer Concepts Inc,0000874761,,,Priv.,announcement_only,2022-09-14,2022-11-13,1,8-K,,,not_checked,machine_form_and_window_only,
3990481040,2022-10-17,2022-10-17,Preformed Line Products Co,Delta Conectores SA de CV,0000080035,,,,announcement_only,2022-09-17,2022-11-16,1,8-K,,,not_checked,machine_form_and_window_only,
3992840040,2022-10-17,2022-10-17,Legalzoom.Com Inc,Revv,0001286139,,,,announcement_only,2022-09-17,2022-11-16,1,8-K,,,not_checked,machine_form_and_window_only,
3994008040,2022-10-01,2022-10-01,Emerson Electric Co,Metran Industrial Group AO,0000032604,,,,announcement_only,2022-09-01,2022-10-31,1,8-K,,,not_checked,machine_form_and_window_only,
3994277020,2022-10-11,2022-10-11,Alphabet Inc,BrightBytes Inc,0001652044,,,Priv.,announcement_only,2022-09-11,2022-11-10,1,8-K,,,not_checked,machine_form_and_window_only,
3995953020,2022-11-01,2022-11-01,Vuzix Corp,Moviynt Inc,0001463972,,,Priv.,announcement_only,2022-10-02,2022-12-01,1,8-K,,,not_checked,machine_form_and_window_only,
3996473020,2022-11-03,2022-11-03,Datadog Inc,Cloudcraft Inc,0001561550,,,Priv.,announcement_only,2022-10-04,2022-12-03,1,8-K,,,not_checked,machine_form_and_window_only,
3734548020,2021-05-03,2021-09-01,Apollo Global Management Inc,Oath Inc,0001858681,,"5,000.00",Sub.,no_transaction_filing,2021-04-03,2021-10-01,3,S-4; S-4/A,,,not_checked,machine_form_and_window_only,
3720329020,2021-03-31,2021-07-14,Hitachi Ltd,Globallogic Worldwide Hldg,0000047710,,"9,600.00",Priv.,no_transaction_filing,2021-03-01,2021-08-13,0,,,,,machine_form_and_window_only,no configured form in the event window
3666151020,2020-12-07,2021-01-19,Aurora Innovation Inc,Apparate USA LLC,0001828108,,"4,000.00",Sub.,no_transaction_filing,2020-11-07,2021-02-18,0,,,,,machine_form_and_window_only,no configured form in the event window
3868541020,2022-01-31,2022-07-15,Sony Group Corp,Bungie Inc,0000313838,,"3,700.00",Priv.,no_transaction_filing,2022-01-01,2022-08-14,0,,,,,machine_form_and_window_only,no configured form in the event window
3663411020,2020-11-23,2021-07-01,Apex Technology Acquisition,AvePoint Inc,0002079253,,"1,746.643",Priv.,no_transaction_filing,2020-10-24,2021-07-31,0,,,,,machine_form_and_window_only,no configured form in the event window
3831632020,2021-11-16,2022-01-07,nCino Inc,SimpleNexus LLC,0001902733,,"1,138.304",Priv.,no_transaction_filing,2021-10-17,2022-02-06,0,,,,,machine_form_and_window_only,no configured form in the event window
3752742020,2021-06-10,2021-10-28,Spartacus Acq Corp,NextNav LLC,0002097364,,747.00,Priv.,no_transaction_filing,2021-05-11,2021-11-27,0,,,,,machine_form_and_window_only,no configured form in the event window
3616097020,2020-07-30,2020-12-23,PropTech Acquisition Corp,Porch.Com Inc,0002099095,,525.25,Priv.,no_transaction_filing,2020-06-30,2021-01-22,0,,,,,machine_form_and_window_only,no configured form in the event window
3677895020,2020-12-23,2021-04-06,Elbit Systems Ltd,Sparton Corp,0001027664,,380.00,Sub.,no_transaction_filing,2020-11-23,2021-05-06,0,,,,,machine_form_and_window_only,no configured form in the event window
3824154020,2021-10-19,2021-10-19,Maplebear Inc,Caper AI,0001579091,,350.00,Priv.,no_transaction_filing,2021-09-19,2021-11-18,0,,,,,machine_form_and_window_only,no configured form in the event window
3613327040,2020-07-23,2020-08-11,Amdocs Ltd,Openet Telecom Sales Ltd,0001062579,,180.00,,no_transaction_filing,2020-06-23,2020-09-10,0,,,,,machine_form_and_window_only,no configured form in the event window
3835880020,2021-11-22,2022-01-06,Life360 Inc,Tile Inc,0001581760,,170.00,Priv.,no_transaction_filing,2021-10-23,2022-02-05,0,,,,,machine_form_and_window_only,no configured form in the event window
3708203040,2021-03-08,2021-03-08,Snap-On Inc,Dealer-FX Group Inc,0000091440,,158.04,,no_transaction_filing,2021-02-06,2021-04-07,0,,,,,machine_form_and_window_only,no configured form in the event window
3679420020,2020-12-10,2020-12-23,TechTarget Inc,BrightTALK Ltd,0002018064,,150.00,Priv.,no_transaction_filing,2020-11-10,2021-01-22,0,,,,,machine_form_and_window_only,no configured form in the event window
3712058020,2021-03-10,2021-03-10,Via Transportation Inc,Remix Software Inc,0001603015,,100.00,Priv.,no_transaction_filing,2021-02-08,2021-04-09,0,,,,,machine_form_and_window_only,no configured form in the event window
3820296020,2021-10-27,2021-10-27,Porch Group Inc,Floify LLC,0002099095,,86.50,Sub.,no_transaction_filing,2021-09-27,2021-11-26,0,,,,,machine_form_and_window_only,no configured form in the event window
3740784040,2021-03-15,2021-03-15,Amdocs Ltd,Sourced Group Worldwide Inc,0001062579,,60.14,,no_transaction_filing,2021-02-13,2021-04-14,0,,,,,machine_form_and_window_only,no configured form in the event window
3733734020,2021-04-26,2021-09-01,Life360 Inc,Jio Inc,0001581760,,54.50,Priv.,no_transaction_filing,2021-03-27,2021-10-01,0,,,,,machine_form_and_window_only,no configured form in the event window
3706503020,2021-02-18,2021-02-22,Sailpoint Technologies,Intello Inc,0002030781,,43.00,Priv.,no_transaction_filing,2021-01-19,2021-03-24,0,,,,,machine_form_and_window_only,no configured form in the event window
3592028020,2020-06-10,2020-07-24,SoftBank Group Corp,Finjan Holdings Inc,0001065521,,42.94,Public,no_transaction_filing,2020-05-11,2020-08-23,0,,,,,machine_form_and_window_only,no configured form in the event window
3599130020,2020-07-07,2020-07-07,DocuSign Inc,Liveoak Technologies Inc,0001261333,,38.00,Priv.,no_transaction_filing,2020-06-07,2020-08-06,0,,,,,machine_form_and_window_only,no configured form in the event window
3835766020,2021-11-23,2021-11-23,tinyBuild Inc,Versus Evil LLC,0001820378,,31.30,Priv.,no_transaction_filing,2021-10-24,2021-12-23,0,,,,,machine_form_and_window_only,no configured form in the event window
3723515020,2021-04-01,2021-04-01,i3 Verticals Inc,Undisclosed US Software Cos(2),0001728688,,17.40,Priv.,no_transaction_filing,2021-03-02,2021-05-01,0,,,,,machine_form_and_window_only,no configured form in the event window
3815780040,2021-09-15,2021-09-15,tinyBuild Inc,Bad Pixel OOO,0001820378,,17.29,,no_transaction_filing,2021-08-16,2021-10-15,0,,,,,machine_form_and_window_only,no configured form in the event window
3970184020,2022-07-22,2022-07-22,Ooma Inc,Junction Networks Inc,0001327688,,9.75,Sub.,no_transaction_filing,2022-06-22,2022-08-21,0,,,,,machine_form_and_window_only,no configured form in the event window
3529115020,2020-02-18,2020-02-18,TechTarget Inc,Data Science Central LLC,0002018064,,7.50,Priv.,no_transaction_filing,2020-01-19,2020-03-19,0,,,,,machine_form_and_window_only,no configured form in the event window
3967488040,2022-08-26,2022-08-26,tinyBuild Inc,Konfa Games,0001820378,,7.239,,no_transaction_filing,2022-07-27,2022-09-25,0,,,,,machine_form_and_window_only,no configured form in the event window
3568160020,2020-03-20,2020-05-13,Blockchain Holdings Ltd,WiSilica Inc-TRACEsafe,0001506289,,5.73,Sub.,no_transaction_filing,2020-02-19,2020-06-12,0,,,,,machine_form_and_window_only,no configured form in the event window
3969728020,2022-08-09,2022-09-26,Plurilock Security Inc,Atrion Commun Resources-Assets,0001848782,,3.70,Sub.,no_transaction_filing,2022-07-10,2022-10-26,0,,,,,machine_form_and_window_only,no configured form in the event window
3872036020,2022-01-31,2022-01-31,Everything Blockchain Inc,ATrade Desktop Software Inc,0001730869,,1.00,Priv.,no_transaction_filing,2022-01-01,2022-03-02,0,,,,,machine_form_and_window_only,no configured form in the event window
3499112040,2020-01-07,2020-01-07,Appian Corp,Novayre Solutions SL,0001441683,,,,no_transaction_filing,2019-12-08,2020-02-06,0,,,,,machine_form_and_window_only,no configured form in the event window
3504681020,2020-01-13,2020-01-13,Definitive Healthcare Corp,PatientFinder,0001861795,,,Priv.,no_transaction_filing,2019-12-14,2020-02-12,0,,,,,machine_form_and_window_only,no configured form in the event window
3508418020,2020-01-22,2020-03-26,Hitachi Ltd,Waterline Data Science Inc,0000047710,,,Priv.,no_transaction_filing,2019-12-23,2020-04-25,0,,,,,machine_form_and_window_only,no configured form in the event window
3517562020,2020-02-21,2020-02-21,Wipro Ltd,Rational Interaction Inc,0001123799,,,Priv.,no_transaction_filing,2020-01-22,2020-03-22,0,,,,,machine_form_and_window_only,no configured form in the event window
3520002020,2020-02-13,2020-02-13,Flywire Corp,Simplificare Inc,0001580560,,,Priv.,no_transaction_filing,2020-01-14,2020-03-14,0,,,,,machine_form_and_window_only,no configured form in the event window
3520089020,2020-02-27,2020-02-27,Freshworks Inc,Answeriq Inc,0001544522,,,Priv.,no_transaction_filing,2020-01-28,2020-03-28,0,,,,,machine_form_and_window_only,no configured form in the event window
3523260040,2020-03-05,2020-03-05,WPP PLC,Sandtable Ltd,0000806968,,,,no_transaction_filing,2020-02-04,2020-04-04,0,,,,,machine_form_and_window_only,no configured form in the event window
3525419040,2020-03-11,2020-03-11,Bentley Systems Inc,Business Collaborator Ltd,0001031308,,,,no_transaction_filing,2020-02-10,2020-04-10,0,,,,,machine_form_and_window_only,no configured form in the event window
3528644020,2020-03-10,2020-03-10,Hitachi Ltd,Containership Inc-Assets,0000047710,,,Sub.,no_transaction_filing,2020-02-09,2020-04-09,0,,,,,machine_form_and_window_only,no configured form in the event window
3529395020,2020-03-09,2020-03-09,Amplitude Inc,ClearBrain Inc,0001866692,,,Priv.,no_transaction_filing,2020-02-08,2020-04-08,0,,,,,machine_form_and_window_only,no configured form in the event window
3533201040,2020-03-12,2020-03-12,RELX PLC,Apply Financial Ltd,0000929869,,,,no_transaction_filing,2020-02-11,2020-04-11,0,,,,,machine_form_and_window_only,no configured form in the event window
3575641020,2020-05-14,2020-05-14,AppLovin Corp,Machine Zone Inc,0001751008,,,Priv.,no_transaction_filing,2020-04-14,2020-06-13,0,,,,,machine_form_and_window_only,no configured form in the event window
3577106020,2020-05-19,2020-05-19,Omada Health Inc,Physera Inc,0001611115,,,Priv.,no_transaction_filing,2020-04-19,2020-06-18,0,,,,,machine_form_and_window_only,no configured form in the event window
3581039020,2020-05-26,2020-05-26,ServiceTitan Inc,Pointman LLC,0001638826,,,Priv.,no_transaction_filing,2020-04-26,2020-06-25,0,,,,,machine_form_and_window_only,no configured form in the event window
3583823020,2020-06-03,2020-06-03,Bentley Systems Inc,NoteVault Inc,0001031308,,,Priv.,no_transaction_filing,2020-05-04,2020-07-03,0,,,,,machine_form_and_window_only,no configured form in the event window
3586512020,2020-06-04,2020-06-04,Amdocs Ltd,Big Nerd Ranch LLC,0001062579,,,Priv.,no_transaction_filing,2020-05-05,2020-07-04,0,,,,,machine_form_and_window_only,no configured form in the event window
3588913020,2020-06-10,2020-06-10,The Carlyle Group Inc,WaveStrike LLC,0001527166,,,Priv.,no_transaction_filing,2020-05-11,2020-07-10,0,,,,,machine_form_and_window_only,no configured form in the event window
3593402020,2020-06-24,2020-06-24,Apple Inc,Fleetsmith Inc,0000320193,,,Priv.,no_transaction_filing,2020-05-25,2020-07-24,0,,,,,machine_form_and_window_only,no configured form in the event window
3601357040,2020-07-10,2020-07-10,Freshworks Inc,Infiverve Tech Pte Ltd,0001544522,,,,no_transaction_filing,2020-06-10,2020-08-09,0,,,,,machine_form_and_window_only,no configured form in the event window
3601921020,2020-07-09,2020-07-09,Information Services Group Inc,Neuralify LLC,0001371489,,,Priv.,no_transaction_filing,2020-06-09,2020-08-08,0,,,,,machine_form_and_window_only,no configured form in the event window
3610465040,2020-07-20,2020-07-20,Snowflake Inc,CryptoNumerics Inc,0001640147,,,,no_transaction_filing,2020-06-20,2020-08-19,0,,,,,machine_form_and_window_only,no configured form in the event window
3612993020,2020-07-01,2020-07-01,CDW Corp,InfoGroup Northwest Inc,0001402057,,,Priv.,no_transaction_filing,2020-06-01,2020-07-31,0,,,,,machine_form_and_window_only,no configured form in the event window
3616134020,2020-07-28,2020-07-28,Recursion Pharmaceuticals Inc,Vium Inc,0001601830,,,Priv.,no_transaction_filing,2020-06-28,2020-08-27,0,,,,,machine_form_and_window_only,no configured form in the event window
3620168020,2020-08-03,2020-08-03,Apollo Global Management Inc,Junction Networks Inc,0001858681,,,Priv.,no_transaction_filing,2020-07-04,2020-09-02,0,,,,,machine_form_and_window_only,no configured form in the event window
3621008020,2020-07-17,2020-07-17,Nutrien Ltd,Agbridge,0001725964,,,Priv.,no_transaction_filing,2020-06-17,2020-08-16,0,,,,,machine_form_and_window_only,no configured form in the event window
3626229020,2020-08-25,2020-08-25,PureTech Health plc,NeuroLex Labs Inc,0001782999,,,Priv.,no_transaction_filing,2020-07-26,2020-09-24,0,,,,,machine_form_and_window_only,no configured form in the event window
3628503020,2020-08-31,2020-08-31,Motorola Solutions Inc,Callyo 2009 Corp,0002099681,,,Priv.,no_transaction_filing,2020-08-01,2020-09-30,0,,,,,machine_form_and_window_only,no configured form in the event window
3628838040,2020-08-31,2020-09-30,Apollo Global Management Inc,Innovix Distribution Ltd,0001858681,,,,no_transaction_filing,2020-08-01,2020-10-30,0,,,,,machine_form_and_window_only,no configured form in the event window
3635562020,2020-09-11,2020-09-11,Apollo Global Management Inc,Syn-Apps LLC,0001858681,,,Priv.,no_transaction_filing,2020-08-12,2020-10-11,0,,,,,machine_form_and_window_only,no configured form in the event window
3642035020,2020-09-28,2020-09-28,The Carlyle Group Inc,Globanet Consulting Services,0001527166,,,Priv.,no_transaction_filing,2020-08-29,2020-10-28,0,,,,,machine_form_and_window_only,no configured form in the event window
3642950020,2021-01-08,2021-01-08,Roku Inc,Quibi Holdings LLC,0001428439,,,Priv.,no_transaction_filing,2020-12-09,2021-02-07,0,,,,,machine_form_and_window_only,no configured form in the event window
3643424020,2020-09-29,2020-10-13,Dell Technologies Inc,SaltStack Inc,0001571996,,,Priv.,no_transaction_filing,2020-08-30,2020-11-12,0,,,,,machine_form_and_window_only,no configured form in the event window
3648957020,2020-10-15,2020-10-15,Fluence Energy Inc,AMS-AI Driven Software Bus,0001868941,,,Sub.,no_transaction_filing,2020-09-15,2020-11-14,0,,,,,machine_form_and_window_only,no configured form in the event window
3650905040,2020-10-01,2020-11-30,Arteris Inc,Magillem Design Svcs SA-Assets,0001667011,,,,no_transaction_filing,2020-09-01,2020-12-30,0,,,,,machine_form_and_window_only,no configured form in the event window
3654669020,2020-10-14,2020-10-14,Pluralsight Inc,DevelopIntelligence LLC,0002026053,,,Priv.,no_transaction_filing,2020-09-14,2020-11-13,0,,,,,machine_form_and_window_only,no configured form in the event window
3655554020,2020-10-30,2020-10-30,NerdWallet Inc,Fundera Inc,0001625278,,,Priv.,no_transaction_filing,2020-09-30,2020-11-29,0,,,,,machine_form_and_window_only,no configured form in the event window
3659960020,2020-10-27,2020-10-27,ServiceTitan Inc,Servant Systems Inc,0001638826,,,Priv.,no_transaction_filing,2020-09-27,2020-11-26,0,,,,,machine_form_and_window_only,no configured form in the event window
3662037040,2020-10-29,2020-10-29,Definitive Healthcare Corp,Monocl AB,0001861795,,,,no_transaction_filing,2020-09-29,2020-11-28,0,,,,,machine_form_and_window_only,no configured form in the event window
3662998020,2020-10-27,2020-10-27,Procore Technologies Inc,Esticom Inc,0001611052,,,Priv.,no_transaction_filing,2020-09-27,2020-11-26,0,,,,,machine_form_and_window_only,no configured form in the event window
3667980040,2020-11-11,2020-11-11,Apollo Global Management Inc,Bright Skies GmbH,0001858681,,,,no_transaction_filing,2020-10-12,2020-12-11,0,,,,,machine_form_and_window_only,no configured form in the event window
3672591020,2020-12-02,2020-12-02,Ares Management Corp,Smith Hamilton Inc,0001176948,,,Priv.,no_transaction_filing,2020-11-02,2021-01-01,0,,,,,machine_form_and_window_only,no configured form in the event window
3673501040,2020-12-14,2020-12-14,Honeywell International Inc,Sine Group Pty Ltd,0000773840,,,,no_transaction_filing,2020-11-14,2021-01-13,0,,,,,machine_form_and_window_only,no configured form in the event window
3679907020,2020-12-21,2020-12-21,RingCentral Inc,Seernet Technologies LLC,0001384905,,,Priv.,no_transaction_filing,2020-11-21,2021-01-20,0,,,,,machine_form_and_window_only,no configured form in the event window
3680972040,2020-12-15,2020-12-15,Unity Software Inc,Restar Ltd,0001810806,,,,no_transaction_filing,2020-11-15,2021-01-14,0,,,,,machine_form_and_window_only,no configured form in the event window
3681914020,2020-04-30,2020-04-30,Motorola Solutions Inc,Delta Risk LLC,0002099681,,,Priv.,no_transaction_filing,2020-03-31,2020-05-30,0,,,,,machine_form_and_window_only,no configured form in the event window
3684989020,2020-12-31,2020-12-31,ePlus Inc,System Management Planning Inc,0001022408,,,Priv.,no_transaction_filing,2020-12-01,2021-01-30,0,,,,,machine_form_and_window_only,no configured form in the event window
3685391020,2021-01-05,2021-01-05,Genpact Ltd,Enquero Inc,0001398659,,,Priv.,no_transaction_filing,2020-12-06,2021-02-04,0,,,,,machine_form_and_window_only,no configured form in the event window
3685429020,2020-02-25,2020-02-25,Procore Technologies Inc,Avata Intelligence,0001611052,,,Priv.,no_transaction_filing,2020-01-26,2020-03-26,0,,,,,machine_form_and_window_only,no configured form in the event window
3687319020,2021-01-12,2021-01-12,AbSci Corp,Denovium Inc,0001672688,,,Priv.,no_transaction_filing,2020-12-13,2021-02-11,0,,,,,machine_form_and_window_only,no configured form in the event window
3688901020,2021-01-12,2021-01-12,Pluralsight Inc,Apolloversity Inc,0002026053,,,Priv.,no_transaction_filing,2020-12-13,2021-02-11,0,,,,,machine_form_and_window_only,no configured form in the event window
3689207020,2021-01-07,2021-01-07,Coinbase Global Inc,Routefire Inc,0001679788,,,Priv.,no_transaction_filing,2020-12-08,2021-02-06,0,,,,,machine_form_and_window_only,no configured form in the event window
3695427020,2021-02-02,2021-02-02,ServiceTitan Inc,ServicePro.Net Inc,0001638826,,,Priv.,no_transaction_filing,2021-01-03,2021-03-04,0,,,,,machine_form_and_window_only,no configured form in the event window
3696761020,2021-02-09,2021-02-09,SentinelOne Inc,Scalyr Inc,0001583708,,,Priv.,no_transaction_filing,2021-01-10,2021-03-11,0,,,,,machine_form_and_window_only,no configured form in the event window
3697404020,2021-02-08,2021-02-08,Nike Inc,Datalogue Inc,0000320187,,,Priv.,no_transaction_filing,2021-01-09,2021-03-10,0,,,,,machine_form_and_window_only,no configured form in the event window
3699459020,2021-02-17,2021-02-17,RELX PLC,Accuity Inc,0000929869,,,Sub.,no_transaction_filing,2021-01-18,2021-03-19,0,,,,,machine_form_and_window_only,no configured form in the event window
3699824020,2021-01-28,2021-01-28,Ameritek Ventures,Bozki Inc,0001530185,,,Priv.,no_transaction_filing,2020-12-29,2021-02-27,0,,,,,machine_form_and_window_only,no configured form in the event window
3708879040,2021-03-02,2021-03-02,Blackstone Group Inc,Gamerefinery Oy,0001393818,,,,no_transaction_filing,2021-01-31,2021-04-01,0,,,,,machine_form_and_window_only,no configured form in the event window
3711202020,2021-03-12,2021-03-15,Sailpoint Technologies,ERP Maestro Inc,0002030781,,,Priv.,no_transaction_filing,2021-02-10,2021-04-14,0,,,,,machine_form_and_window_only,no configured form in the event window
3714427040,2021-03-18,2021-03-18,T Stamp Inc,Pixelpin Ltd,0001718939,,,,no_transaction_filing,2021-02-16,2021-04-17,0,,,,,machine_form_and_window_only,no configured form in the event window
3714658040,2021-03-03,2021-03-03,WPP PLC,NN4M Ltd,0000806968,,,,no_transaction_filing,2021-02-01,2021-04-02,0,,,,,machine_form_and_window_only,no configured form in the event window
3716163020,2021-03-23,2021-03-23,UiPath Inc,Cloud Elements Inc,0001734722,,,Priv.,no_transaction_filing,2021-02-21,2021-04-22,0,,,,,machine_form_and_window_only,no configured form in the event window
3719727020,2021-03-29,2021-03-29,Amdocs Ltd,ADK Group Inc,0001062579,,,Priv.,no_transaction_filing,2021-02-27,2021-04-28,0,,,,,machine_form_and_window_only,no configured form in the event window
3729187040,2021-04-05,2021-04-05,DraftKings Inc,Blue Ribbon Software Ltd,0001883685,,,,no_transaction_filing,2021-03-06,2021-05-05,0,,,,,machine_form_and_window_only,no configured form in the event window
3734259040,2021-04-15,2021-04-19,Zscaler Inc,Trustdome Ltd,0001713683,,,,no_transaction_filing,2021-03-16,2021-05-19,0,,,,,machine_form_and_window_only,no configured form in the event window
3753220020,2021-06-03,2021-06-25,Seco SpA,Oro Networks LLC,0001642896,,,Priv.,no_transaction_filing,2021-05-04,2021-07-25,0,,,,,machine_form_and_window_only,no configured form in the event window
3760993020,2021-06-23,2021-06-23,Hitachi Ltd,Io-Tahoe LLC,0000047710,,,Sub.,no_transaction_filing,2021-05-24,2021-07-23,0,,,,,machine_form_and_window_only,no configured form in the event window
3761001020,2021-06-08,2021-06-08,Toast Inc,Xtra Chef Inc,0001650164,,,Priv.,no_transaction_filing,2021-05-09,2021-07-08,0,,,,,machine_form_and_window_only,no configured form in the event window
3763824040,2021-06-22,2021-06-22,Iron Mountain Inc,Archivex,0001020569,,,,no_transaction_filing,2021-05-23,2021-07-22,0,,,,,machine_form_and_window_only,no configured form in the event window
3765957020,2021-05-12,2021-05-12,Amplitude Inc,Iteratively Inc,0001866692,,,Priv.,no_transaction_filing,2021-04-12,2021-06-11,0,,,,,machine_form_and_window_only,no configured form in the event window
3766673040,2021-07-01,2021-07-01,Sony Group Corp,Nixxes Software BV,0000313838,,,,no_transaction_filing,2021-06-01,2021-07-31,0,,,,,machine_form_and_window_only,no configured form in the event window
3784759040,2021-07-29,2021-07-29,Accenture PLC,Openmind S.R.L,0001467373,,,,no_transaction_filing,2021-06-29,2021-08-28,0,,,,,machine_form_and_window_only,no configured form in the event window
3784778040,2021-08-02,2021-08-02,RELX PLC,Gapsquare Ltd,0000929869,,,,no_transaction_filing,2021-07-03,2021-09-01,0,,,,,machine_form_and_window_only,no configured form in the event window
3785329020,2021-08-13,2021-08-13,Apollo Global Management Inc,Hubb Inc,0001858681,,,Priv.,no_transaction_filing,2021-07-14,2021-09-12,0,,,,,machine_form_and_window_only,no configured form in the event window
3794946040,2021-09-06,2021-09-06,Gentex Corp,Guardian Optical Tech Ltd,0000355811,,,,no_transaction_filing,2021-08-07,2021-10-06,0,,,,,machine_form_and_window_only,no configured form in the event window
3795626020,2021-09-07,2021-09-07,DigitalOcean Holdings Inc,Nimbella Corp,0001582961,,,Priv.,no_transaction_filing,2021-08-08,2021-10-07,0,,,,,machine_form_and_window_only,no configured form in the event window
3796809040,2021-09-07,2021-09-07,Verisk Analytics Inc,Contact State Ltd,0001442145,,,,no_transaction_filing,2021-08-08,2021-10-07,0,,,,,machine_form_and_window_only,no configured form in the event window
3797360040,2021-09-07,2021-09-07,Microsoft Corp,Clipchamp Pty Ltd,0000789019,,,,no_transaction_filing,2021-08-08,2021-10-07,0,,,,,machine_form_and_window_only,no configured form in the event window
3797535040,2021-09-01,2021-09-01,Fortinet Inc,Alaxala Networks Corp,0001262039,,,,no_transaction_filing,2021-08-02,2021-10-01,0,,,,,machine_form_and_window_only,no configured form in the event window
3797710020,2021-09-09,2021-09-09,Tyler Technologies Inc,Arx Fit Inc,0000860731,,,Priv.,no_transaction_filing,2021-08-10,2021-10-09,0,,,,,machine_form_and_window_only,no configured form in the event window
3797869020,2021-08-16,2021-08-16,Castellum Inc,Specialty Systems Inc,0001877939,,,Priv.,no_transaction_filing,2021-07-17,2021-09-15,0,,,,,machine_form_and_window_only,no configured form in the event window
3798522040,2021-09-13,2021-09-13,JFrog Ltd,Upswift Inc,0001800667,,,,no_transaction_filing,2021-08-14,2021-10-13,0,,,,,machine_form_and_window_only,no configured form in the event window
3798633020,2021-09-13,2021-09-13,Walt Disney Co,Tmz.Com Inc,0001744489,,,Priv.,no_transaction_filing,2021-08-14,2021-10-13,0,,,,,machine_form_and_window_only,no configured form in the event window
3800238020,2021-09-15,2021-09-15,Dover Corp,The Espy Corp,0000029905,,,Priv.,no_transaction_filing,2021-08-16,2021-10-15,0,,,,,machine_form_and_window_only,no configured form in the event window
3801550020,2021-08-31,2021-08-31,FiscalNote Holdings Inc,Curate Solutions Inc,0001823466,,,Priv.,no_transaction_filing,2021-08-01,2021-09-30,0,,,,,machine_form_and_window_only,no configured form in the event window
3805149020,2021-09-20,2021-09-20,Brown & Brown Inc,AGIS Network Inc,0000079282,,,Priv.,no_transaction_filing,2021-08-21,2021-10-20,0,,,,,machine_form_and_window_only,no configured form in the event window
3805514020,2021-07-20,2021-07-20,SAP SE,Usermind Inc,0001000184,,,Priv.,no_transaction_filing,2021-06-20,2021-08-19,0,,,,,machine_form_and_window_only,no configured form in the event window
3806626020,2021-09-24,2021-09-24,Vertex Inc,LCR-Dixon Corp,0001806837,,,Priv.,no_transaction_filing,2021-08-25,2021-10-24,0,,,,,machine_form_and_window_only,no configured form in the event window
3806824040,2021-09-14,2021-09-14,UBS Group AG,Datum Datacentres Ltd,0001610520,,,,no_transaction_filing,2021-08-15,2021-10-14,0,,,,,machine_form_and_window_only,no configured form in the event window
3807560040,2021-08-10,2021-08-10,DraftKings Inc,Scarcity Labs Inc,0001883685,,,,no_transaction_filing,2021-07-11,2021-09-09,0,,,,,machine_form_and_window_only,no configured form in the event window
3808405020,2020-12-31,2020-12-31,Cardinal Health Inc,Nuvera Medical Inc,0000721371,,,Sub.,no_transaction_filing,2020-12-01,2021-01-30,0,,,,,machine_form_and_window_only,no configured form in the event window
3809754020,2021-07-16,2021-10-01,CGI Inc,ARRAY Holding Co Inc,0001061574,,,Priv.,no_transaction_filing,2021-06-16,2021-10-31,0,,,,,machine_form_and_window_only,no configured form in the event window
3811770040,2021-10-07,2021-10-07,Maplebear Inc,CaterXpress Pty Ltd,0001579091,,,,no_transaction_filing,2021-09-07,2021-11-06,0,,,,,machine_form_and_window_only,no configured form in the event window
3814329040,2021-09-17,2021-09-17,Hinge Health Inc,wrnch Inc,0001673743,,,,no_transaction_filing,2021-08-18,2021-10-17,0,,,,,machine_form_and_window_only,no configured form in the event window
3816624020,2021-10-18,2021-10-18,Keysight Technologies Inc,SCALABLE Network Technologies,0001601046,,,Priv.,no_transaction_filing,2021-09-18,2021-11-17,0,,,,,machine_form_and_window_only,no configured form in the event window
3817640040,2021-10-20,2021-10-20,Vonage Holdings Corp,Kotak Network Pte Ltd,0002007855,,,,no_transaction_filing,2021-09-20,2021-11-19,0,,,,,machine_form_and_window_only,no configured form in the event window
3818057020,2021-10-18,2021-10-18,Akoustis Technologies Inc,RFM Integrated Device Inc,0002035832,,,Sub.,no_transaction_filing,2021-09-18,2021-11-17,0,,,,,machine_form_and_window_only,no configured form in the event window
3830693020,2021-11-02,2021-11-02,Motorola Solutions Inc,Envysion Inc,0002099681,,,Priv.,no_transaction_filing,2021-10-03,2021-12-02,0,,,,,machine_form_and_window_only,no configured form in the event window
3832166040,2021-11-15,2022-01-03,Digimarc Corp,EVRYTHNG Ltd,0002119322,,,,no_transaction_filing,2021-10-16,2022-02-02,0,,,,,machine_form_and_window_only,no configured form in the event window
3841820040,2021-11-30,2021-11-30,Amdocs Ltd,Devopsgroup Ltd,0001062579,,,,no_transaction_filing,2021-10-31,2021-12-30,0,,,,,machine_form_and_window_only,no configured form in the event window
3842701020,2021-12-07,2021-12-09,Cognizant Technology Solutions,Devbridge Group LLC,0001058290,,,Sub.,no_transaction_filing,2021-11-07,2022-01-08,0,,,,,machine_form_and_window_only,no configured form in the event window
3849962020,2021-12-07,2021-12-07,Exxon Mobil Corp,Materia Inc,0002115436,,,Priv.,no_transaction_filing,2021-11-07,2022-01-06,0,,,,,machine_form_and_window_only,no configured form in the event window
3850108020,2021-12-21,2021-12-21,Enphase Energy Inc,365 Pronto Inc,0001463101,,,Priv.,no_transaction_filing,2021-11-21,2022-01-20,0,,,,,machine_form_and_window_only,no configured form in the event window
3851488020,2021-08-31,2021-08-31,Alphabet Inc,RobotWits LLC,0001652044,,,Priv.,no_transaction_filing,2021-08-01,2021-09-30,0,,,,,machine_form_and_window_only,no configured form in the event window
3851528040,2021-12-13,2021-12-13,Donnelley Financial Solutions,Guardum Hldg Ltd,0001669811,,,,no_transaction_filing,2021-11-13,2022-01-12,0,,,,,machine_form_and_window_only,no configured form in the event window
3852355020,2021-10-08,2021-10-08,Nvidia Corp,Oski Technology Inc,0001045810,,,Priv.,no_transaction_filing,2021-09-08,2021-11-07,0,,,,,machine_form_and_window_only,no configured form in the event window
3853673020,2021-12-21,2021-12-21,Roper Technologies Inc,Constr Journal Inc,0000882835,,,Priv.,no_transaction_filing,2021-11-21,2022-01-20,0,,,,,machine_form_and_window_only,no configured form in the event window
3855229040,2021-12-14,2021-12-14,EPAM Systems Inc,Optiva Media SL,0001352010,,,,no_transaction_filing,2021-11-14,2022-01-13,0,,,,,machine_form_and_window_only,no configured form in the event window
3857592040,2022-01-03,2022-03-14,Xcelerate Inc,AfiyaSasa Africa LLC,0001138586,,,,no_transaction_filing,2021-12-04,2022-04-13,0,,,,,machine_form_and_window_only,no configured form in the event window
3859466020,2022-01-04,2022-01-04,Clear Secure Inc,Whyline Inc,0001856314,,,Priv.,no_transaction_filing,2021-12-05,2022-02-03,0,,,,,machine_form_and_window_only,no configured form in the event window
3863277020,2022-01-13,2022-01-13,Ethos Technologies Inc,Tomorrow Ideas Inc,0001788451,,,Priv.,no_transaction_filing,2021-12-14,2022-02-12,0,,,,,machine_form_and_window_only,no configured form in the event window
3864678020,2022-01-12,2022-01-12,DigitalBridge Group Inc,QOS Networks,0001679688,,,Sub.,no_transaction_filing,2021-12-13,2022-02-11,0,,,,,machine_form_and_window_only,no configured form in the event window
3868718020,2022-01-05,2022-01-05,CBRE Group Inc,Building Information Systems,0001138118,,,Priv.,no_transaction_filing,2021-12-06,2022-02-04,0,,,,,machine_form_and_window_only,no configured form in the event window
3870516020,2021-12-13,2021-12-13,LiveRamp Holdings Inc,Rakam Inc,0000733269,,,Priv.,no_transaction_filing,2021-11-13,2022-01-12,0,,,,,machine_form_and_window_only,no configured form in the event window
3880016040,2022-02-24,2022-02-24,Entrata Inc,Entrata India Pvt Ltd,0002028464,,,,no_transaction_filing,2022-01-25,2022-03-26,0,,,,,machine_form_and_window_only,no configured form in the event window
3881057040,2022-02-28,2022-02-28,Microsoft Corp,Oribi Ltd,0000789019,,,,no_transaction_filing,2022-01-29,2022-03-30,0,,,,,machine_form_and_window_only,no configured form in the event window
3884063040,2022-03-03,2022-03-03,Motorola Solutions Inc,Ava Security Ltd,0002099681,,,,no_transaction_filing,2022-02-01,2022-04-02,0,,,,,machine_form_and_window_only,no configured form in the event window
3897198020,2022-03-28,2022-03-28,Nippon Telegraph & Telephone,Vectorform Llc,0000769594,,,Priv.,no_transaction_filing,2022-02-26,2022-04-27,0,,,,,machine_form_and_window_only,no configured form in the event window
3899199020,2021-12-04,2021-12-04,Meta Platforms Inc,BlinkAI Technologies Inc,0001326801,,,Priv.,no_transaction_filing,2021-11-04,2022-01-03,0,,,,,machine_form_and_window_only,no configured form in the event window
3910904040,2022-04-19,2022-04-19,Motorola Solutions Inc,Calipsa Ltd,0002099681,,,,no_transaction_filing,2022-03-20,2022-05-19,0,,,,,machine_form_and_window_only,no configured form in the event window
3920948040,2022-05-03,2022-05-03,RELX PLC,Behaviosec Inc,0000929869,,,,no_transaction_filing,2022-04-03,2022-06-02,0,,,,,machine_form_and_window_only,no configured form in the event window
3927427020,2022-05-09,2022-05-09,RELX PLC,Parley Pro Inc,0000929869,,,Priv.,no_transaction_filing,2022-04-09,2022-06-08,0,,,,,machine_form_and_window_only,no configured form in the event window
3930556020,2022-06-01,2022-06-01,RELX PLC,Flyreel Inc,0000929869,,,Priv.,no_transaction_filing,2022-05-02,2022-07-01,0,,,,,machine_form_and_window_only,no configured form in the event window
3942232020,2022-06-01,2022-06-01,Netskope Inc,WootCloud Inc,0002063196,,,Priv.,no_transaction_filing,2022-05-02,2022-07-01,0,,,,,machine_form_and_window_only,no configured form in the event window
3943397020,2022-06-13,2022-06-13,IntApp Inc,BillStream LLC,0001565687,,,Priv.,no_transaction_filing,2022-05-14,2022-07-13,0,,,,,machine_form_and_window_only,no configured form in the event window
3945892040,2022-07-06,2022-07-06,N-able Inc,Spinpanel BV,0001834488,,,,no_transaction_filing,2022-06-06,2022-08-05,0,,,,,machine_form_and_window_only,no configured form in the event window
3957442020,2022-07-07,2022-07-07,Toast Inc,Sling Inc,0001650164,,,Priv.,no_transaction_filing,2022-06-07,2022-08-06,0,,,,,machine_form_and_window_only,no configured form in the event window
3961991020,2022-08-02,2022-08-02,Netskope Inc,Infiot Inc,0002063196,,,Priv.,no_transaction_filing,2022-07-03,2022-09-01,0,,,,,machine_form_and_window_only,no configured form in the event window
3968337040,2022-08-01,2022-08-01,Uipath Inc,Reinfer Ltd,0001734722,,,,no_transaction_filing,2022-07-02,2022-08-31,0,,,,,machine_form_and_window_only,no configured form in the event window
3969450020,2022-09-01,2022-09-01,Maplebear Inc,Eversight Inc,0001579091,,,Priv.,no_transaction_filing,2022-08-02,2022-10-01,0,,,,,machine_form_and_window_only,no configured form in the event window
3973038020,2022-09-07,2022-09-07,Maplebear Inc,Rosie Applications Inc,0001579091,,,Priv.,no_transaction_filing,2022-08-08,2022-10-07,0,,,,,machine_form_and_window_only,no configured form in the event window
3975796020,2022-09-01,2022-09-01,Ryder System Inc,Baton Technologies Inc,0000085961,,,Priv.,no_transaction_filing,2022-08-02,2022-10-01,0,,,,,machine_form_and_window_only,no configured form in the event window
3984946040,2022-10-03,2022-10-03,Q2 Holdings Inc,Sensibill Inc,0001410384,,,,no_transaction_filing,2022-09-03,2022-11-02,0,,,,,machine_form_and_window_only,no configured form in the event window
3987770040,2022-10-10,2022-10-10,AvePoint Inc,Essential Co Ltd,0001777921,,,,no_transaction_filing,2022-09-10,2022-11-09,0,,,,,machine_form_and_window_only,no configured form in the event window
3998426020,2022-11-07,2022-11-07,Klaviyo Inc,Napkin Technologies Inc,0001835830,,,Priv.,no_transaction_filing,2022-10-08,2022-12-07,0,,,,,machine_form_and_window_only,no configured form in the event window
3999460020,2022-11-09,2022-11-09,Mitsui Chemicals Inc,Coburn Technologies Inc,0001446420,,,Priv.,no_transaction_filing,2022-10-10,2022-12-09,0,,,,,machine_form_and_window_only,no configured form in the event window
4009069020,2022-12-05,2022-12-05,Ares Management Corp,Beckwith Electn Engineering,0001176948,,,Priv.,no_transaction_filing,2022-11-05,2023-01-04,0,,,,,machine_form_and_window_only,no configured form in the event window
