deal_id,document_id,accession_number,form,document_type,family,url,status,content_sha256,char_count,error,transaction_relevance_status
2935321020,doc_014bccab0c22544e,0001193125-16-736802,8-K,GRAPHIC,current_report_body,https://www.sec.gov/Archives/edgar/data/40533/000119312516736802/g253233g78n12.jpg,retrieved,db1b2873b9670ab3d1d55a12e7cd2260f8bb73f6deaf5b5064091f66976ee028,3705,,excluded_no_target_link
2935321020,doc_0888d1d152e928a9,0001193125-16-670064,8-K,EX-99.1,press_release_exhibit,https://www.sec.gov/Archives/edgar/data/40533/000119312516670064/d225988dex991.htm,retrieved,a03ef1bd256fcba096a19ce6f48dfdf90b0fc3d726c3004cbb972b3b1142f15d,1795,,excluded_no_target_link
2935321020,doc_15d506e2ec8af35f,0000040533-16-000052,8-K,GRAPHIC,current_report_body,https://www.sec.gov/Archives/edgar/data/40533/000004053316000052/gd12312015_chart-02267.jpg,retrieved,cd172c3e10af66aeba0daf71e877a2c1927e5595488783e38202ee9c220bccf8,63937,,excluded_no_target_link
2935321020,doc_1ddb90adc4ee293b,0001193125-16-510380,DEF 14A,GRAPHIC,proxy_statement,https://www.sec.gov/Archives/edgar/data/40533/000119312516510380/g133543g04q82.jpg,retrieved,4448b9cb02da94b59ca95fb19aaffa1faa39f1eae45356ecdfc7423b400a2bdb,141864,,excluded_no_target_link
2935321020,doc_23545f4b72fd462f,0001193125-16-736802,8-K,,current_report_body,https://www.sec.gov/Archives/edgar/data/40533/000119312516736802/0001193125-16-736802.txt,retrieved,232dd9577cae86b08477a8d839c5b5cf9a324e2fc43c87efdc6985256367406c,8938,,excluded_no_target_link
2935321020,doc_26d05080a9dc283c,0000040533-17-000002,8-K,8-K,current_report_body,https://www.sec.gov/Archives/edgar/data/40533/000004053317000002/gd-201612318k.htm,retrieved,b72c3bbb4a86d5000ff4e4460737552485b6258541a487057aaf092c72f5c15b,2425,,excluded_no_target_link
2935321020,doc_3120381ab7c8182f,0000040533-16-000079,8-K,,current_report_body,https://www.sec.gov/Archives/edgar/data/40533/000004053316000079/0000040533-16-000079.txt,retrieved,b698e25180ba12663ee12c6280ace3b29382d84707b353d070b4a40977ffaa66,24982,,excluded_no_target_link
2935321020,doc_39e60eafc592996a,0000040533-16-000079,8-K,EX-99.1,press_release_exhibit,https://www.sec.gov/Archives/edgar/data/40533/000004053316000079/gd20160703exhibit991.htm,retrieved,a7dd9d412a0ecd32ccb9b96314e158adaf9f2ffc6587b35ebfbe4d9bbe408851,18889,,excluded_no_target_link
2935321020,doc_4067f84d8bade31d,0000040533-16-000063,8-K,GRAPHIC,current_report_body,https://www.sec.gov/Archives/edgar/data/40533/000004053316000063/gdlogoa04.gif,retrieved,07924eb524710153629b5a0aafeb96f2608dc159af83861cb09b821537b04efa,2787,,excluded_no_target_link
2935321020,doc_41f0c093f8b93fc6,0000040533-16-000052,8-K,,current_report_body,https://www.sec.gov/Archives/edgar/data/40533/000004053316000052/0000040533-16-000052.txt,retrieved,b75cf4b60469a4c56d6f64ea57ee68b549d98d309f0a055dc531f6b7bfc6a5eb,296476,,excluded_no_target_link
2935321020,doc_422e5cf813b4dbd8,0000040533-16-000079,8-K,8-K,current_report_body,https://www.sec.gov/Archives/edgar/data/40533/000004053316000079/gd-201607038k.htm,retrieved,e0df108a7a9c2de10ed0c2c65680f4260a8b460508956b6b716afe38a2dcf69b,2390,,excluded_no_target_link
2935321020,doc_438b67942240ce6b,0001193125-16-680735,8-K,EX-4.2,current_report_body,https://www.sec.gov/Archives/edgar/data/40533/000119312516680735/d242257dex42.htm,retrieved,bea69aa52ba78161742053d535701c730259499e459371ed81388fb36f0ff409,52821,,excluded_no_target_link
2935321020,doc_448c96efdc60aee3,0001193125-16-680735,8-K,8-K,current_report_body,https://www.sec.gov/Archives/edgar/data/40533/000119312516680735/d242257d8k.htm,retrieved,fe931afdd680dabfec5a1cd3775adbe180835e7f3994c8497fe120246b141f5b,3990,,excluded_no_target_link
2935321020,doc_455c4d9b9e8a1164,0000040533-16-000079,8-K,GRAPHIC,current_report_body,https://www.sec.gov/Archives/edgar/data/40533/000004053316000079/gdlogoa05.gif,retrieved,07924eb524710153629b5a0aafeb96f2608dc159af83861cb09b821537b04efa,2787,,excluded_no_target_link
2935321020,doc_4aaefacd813f7aa7,0000040533-16-000063,8-K,,current_report_body,https://www.sec.gov/Archives/edgar/data/40533/000004053316000063/0000040533-16-000063.txt,retrieved,b2d0ab652817206906a4755472ebd37c969d1658dd9b01dec9664e5363f95c25,22406,,excluded_no_target_link
2935321020,doc_54f2a50bcb34f847,0001193125-16-736802,8-K,8-K,current_report_body,https://www.sec.gov/Archives/edgar/data/40533/000119312516736802/d253233d8k.htm,retrieved,cb6b69c6a7003549f8f0d142281adbc59de425c4c66691b65ddf3866a3929519,3724,,excluded_no_target_link
2935321020,doc_557a11f522204566,0000040533-17-000002,8-K,EX-99.1,press_release_exhibit,https://www.sec.gov/Archives/edgar/data/40533/000004053317000002/gd12312016exhibit991.htm,retrieved,fbadda8486fb755865c3fc333f481a8983728f76b1835e45ecb7eac7b4296620,31852,,excluded_no_target_link
2935321020,doc_5b46ba70fcd81ac5,0000040533-17-000002,8-K,GRAPHIC,current_report_body,https://www.sec.gov/Archives/edgar/data/40533/000004053317000002/gddocimage.gif,retrieved,07924eb524710153629b5a0aafeb96f2608dc159af83861cb09b821537b04efa,2787,,excluded_no_target_link
2935321020,doc_5cbd2691f6f06429,0000040533-16-000063,8-K,8-K,current_report_body,https://www.sec.gov/Archives/edgar/data/40533/000004053316000063/gd-201604038k.htm,retrieved,62faf9c5c2e4332d4f635e53aad376f9f204f9e0af4c7f79231e7df07a2c2629,2392,,excluded_no_target_link
2935321020,doc_60bb5f836c1edeb8,0001193125-17-006634,8-K,GRAPHIC,current_report_body,https://www.sec.gov/Archives/edgar/data/40533/000119312517006634/g309868g0110091326045.jpg,retrieved,40bc88106e817d46babb65b9aa7f48637129f53a42b1990cc014bbf451b0e0ab,3900,,excluded_no_target_link
2935321020,doc_67bc531833dbe7ef,0001193125-16-510380,DEF 14A,GRAPHIC,proxy_statement,https://www.sec.gov/Archives/edgar/data/40533/000119312516510380/g133543g02h63.jpg,retrieved,972273ca217629516827110614e49d08e7261329e252d227ceba85286a1555f2,1756,,excluded_no_target_link
2935321020,doc_6ccb4e44bb5371a7,0000040533-16-000088,8-K,8-K,current_report_body,https://www.sec.gov/Archives/edgar/data/40533/000004053316000088/gd-201610028k.htm,retrieved,8fb687801dd7358a6a017eb8105da9d49e18cb6f7ea605db578d4f81e1bd4537,2417,,excluded_no_target_link
2935321020,doc_6ee35ce73553dbfe,0001193125-16-680735,8-K,EX-4.1,current_report_body,https://www.sec.gov/Archives/edgar/data/40533/000119312516680735/d242257dex41.htm,retrieved,cf4af01bce48a740bf77c3ac25c23b1d72f46b0e0eb9f67c4713d2a9c58f6609,122677,,excluded_no_target_link
2935321020,doc_6f1e43d846e87366,0001193125-16-510380,DEF 14A,,proxy_statement,https://www.sec.gov/Archives/edgar/data/40533/000119312516510380/0001193125-16-510380.txt,retrieved,e22ae7a9578de60c1b3abb663eca9d335175980c23dc812eaf29f44f9ef773f1,1855836,,excluded_no_target_link
2935321020,doc_724e742d84dfc92a,0000040533-16-000088,8-K,,current_report_body,https://www.sec.gov/Archives/edgar/data/40533/000004053316000088/0000040533-16-000088.txt,retrieved,3e1ca2969316d3508e9287a75f77257144102667a79ec64cc86cb5f181214e59,26421,,excluded_no_target_link
2935321020,doc_750c2216958b69ed,0001193125-16-670064,8-K,,current_report_body,https://www.sec.gov/Archives/edgar/data/40533/000119312516670064/0001193125-16-670064.txt,retrieved,b9bfec42adbaae9c64eb517ef7acecf07d47f3774c5ae93e5672cf259b91c4b8,21591,,excluded_no_target_link
2935321020,doc_7568f4b5afdffb87,0001193125-16-510380,DEF 14A,DEF 14A,proxy_statement,https://www.sec.gov/Archives/edgar/data/40533/000119312516510380/d133543ddef14a.htm,retrieved,01313bc840bdda1e5d74d5af23d7d85271dd3930aa232c6894ed04281b3ba9db,284793,,excluded_no_target_link
2935321020,doc_96a96bd5033f8bcb,0000040533-16-000088,8-K,EX-99.1,press_release_exhibit,https://www.sec.gov/Archives/edgar/data/40533/000004053316000088/gd20161002exhibit991.htm,retrieved,02584ca24cfc93d9fc30ffd035737ebee3853044f39305dcc05f699a41481dba,20301,,excluded_no_target_link
2935321020,doc_a23abdbf10c24d56,0001193125-16-670064,8-K,GRAPHIC,current_report_body,https://www.sec.gov/Archives/edgar/data/40533/000119312516670064/g225988g69c84.jpg,retrieved,90210603ec5be79387c51c2a22db020ddc6c4a990270efcdf42a9affbb0045eb,5800,,excluded_no_target_link
2935321020,doc_a2cafeef416d7b65,0000040533-16-000063,8-K,EX-99.1,press_release_exhibit,https://www.sec.gov/Archives/edgar/data/40533/000004053316000063/gd20160403exhibit991.htm,retrieved,ac047326c35f1f93b8449147cbfca9efaf434d7de1f6c096d696052bbaa3a20d,16311,,excluded_no_target_link
2935321020,doc_a556c4abd048151e,0001193125-16-581800,8-K,GRAPHIC,current_report_body,https://www.sec.gov/Archives/edgar/data/40533/000119312516581800/g186033g0506102237221.jpg,retrieved,ad3e4aeff3e17357d034e5d44efb0acb33e5267a90a44575bf6b2b563575b9b9,3908,,excluded_no_target_link
2935321020,doc_a81c8f4ae758d620,0000040533-16-000052,8-K,GRAPHIC,current_report_body,https://www.sec.gov/Archives/edgar/data/40533/000004053316000052/gd12312015_chart-06534.jpg,retrieved,5d911ce45638d4f4dcb13f2968271ced178b1636066482ba6a2f8a778db86e67,27744,,excluded_no_target_link
2935321020,doc_ab1bf0f1a2600764,0001193125-16-581800,8-K,,current_report_body,https://www.sec.gov/Archives/edgar/data/40533/000119312516581800/0001193125-16-581800.txt,retrieved,9f4cd2c461a203a80b50079dcc152df5855ebe7d382bec9331ec7515b9bd6fc8,11957,,excluded_no_target_link
2935321020,doc_ace4dfa1cf3b076c,0001193125-17-006634,8-K,8-K,current_report_body,https://www.sec.gov/Archives/edgar/data/40533/000119312517006634/d309868d8k.htm,retrieved,3e7b866e95ef547e470abf4794e3b130bc54ef3481c352a6716a47a10bcbccc3,2640,,excluded_no_target_link
2935321020,doc_ad2905009f3d9680,0001193125-16-680735,8-K,,current_report_body,https://www.sec.gov/Archives/edgar/data/40533/000119312516680735/0001193125-16-680735.txt,retrieved,e255d2cbb66d5403831a5e4369815e4a0316cf3a73a83eb8c02c173f7c8fd3fb,189241,,excluded_no_target_link
2935321020,doc_b1e8c9b57e436c34,0001193125-16-670064,8-K,GRAPHIC,current_report_body,https://www.sec.gov/Archives/edgar/data/40533/000119312516670064/g225988g46m49.jpg,retrieved,c9fdc6a5d723e2fbc47c1be4cd83675a2d11b542f987f6df28e82f5b4a6729c2,5391,,excluded_no_target_link
2935321020,doc_baf4456a6126d623,0001193125-16-510380,DEF 14A,GRAPHIC,proxy_statement,https://www.sec.gov/Archives/edgar/data/40533/000119312516510380/g133543g00s36.jpg,retrieved,722e9b18791e0871aff49fa820cbff5307002f4f24ef2d4c27581ad34d7398d5,27575,,excluded_no_target_link
2935321020,doc_cca82180ad7b30d3,0001193125-16-581800,8-K,8-K,current_report_body,https://www.sec.gov/Archives/edgar/data/40533/000119312516581800/d186033d8k.htm,retrieved,0d5abf97f2d49929d1f978fba7d82aa5b886f9b611fe8d259822d5c3f9cd1280,6252,,excluded_no_target_link
2935321020,doc_d639432071ea9f30,0000040533-17-000002,8-K,,current_report_body,https://www.sec.gov/Archives/edgar/data/40533/000004053317000002/0000040533-17-000002.txt,retrieved,12a51b8eea5e8c0578efa37d80c697db0539ba3700550cdf8015fc3552954649,37981,,excluded_no_target_link
2935321020,doc_d77a2afc5de39f44,0001193125-17-006634,8-K,,current_report_body,https://www.sec.gov/Archives/edgar/data/40533/000119312517006634/0001193125-17-006634.txt,retrieved,031090ada12567d9770a9e2a7774f5ce172de903ff821dd9e78efb5647614812,8737,,excluded_no_target_link
2935321020,doc_e2ca88478367d970,0001193125-16-510380,DEF 14A,GRAPHIC,proxy_statement,https://www.sec.gov/Archives/edgar/data/40533/000119312516510380/g133543g00e27.jpg,retrieved,105ff52c462e39556a9b3a955fe9b3ba63e92f5e8ef7e0a91306b424e45a1e6e,1797,,excluded_no_target_link
2935321020,doc_e6eb23ec1c8c2fc8,0001193125-16-680735,8-K,GRAPHIC,current_report_body,https://www.sec.gov/Archives/edgar/data/40533/000119312516680735/g242257snap1.jpg,retrieved,87d5b0178f18377fc5672cd887cc397dc3b020804c63a84e3ca73ec94b388fc6,7399,,excluded_no_target_link
2935321020,doc_ebd5da395cd916aa,0000040533-16-000052,8-K,8-K,current_report_body,https://www.sec.gov/Archives/edgar/data/40533/000004053316000052/gd-201512318k.htm,retrieved,cb1f10d1e76afb183a134cd85df4ea59d0b07ec4d750fa0a4d555269feb932ca,2420,,excluded_no_target_link
2935321020,doc_ed8f65223e8830c4,0000040533-16-000052,8-K,GRAPHIC,current_report_body,https://www.sec.gov/Archives/edgar/data/40533/000004053316000052/gd12312015_chart-05283.jpg,retrieved,b09a65ee198c71ca2bdcce325330342434552c79c101bdbaa7d386a922eeac51,25520,,excluded_no_target_link
2935321020,doc_f2b3fbd226f1e602,0000040533-16-000052,8-K,EX-99.1,press_release_exhibit,https://www.sec.gov/Archives/edgar/data/40533/000004053316000052/gd12312015exhibit991.htm,retrieved,2ace8f7c656dbf0c39b9689fc9096d031f00a6596f72247c7f01f839cadf0d98,22319,,excluded_no_target_link
2935321020,doc_f6f05cf5e3265240,0000040533-16-000088,8-K,GRAPHIC,current_report_body,https://www.sec.gov/Archives/edgar/data/40533/000004053316000088/gdlogoa05.gif,retrieved,07924eb524710153629b5a0aafeb96f2608dc159af83861cb09b821537b04efa,2787,,excluded_no_target_link
2935321020,doc_fc50eb14c4448959,0001193125-16-670064,8-K,8-K,current_report_body,https://www.sec.gov/Archives/edgar/data/40533/000119312516670064/d225988d8k.htm,retrieved,efced592788793aaa99f28d9d5767b12e1188dfb04cc505ff1847213b2b8a4a1,3418,,excluded_no_target_link
3045947020,doc_07e9bf301731eaa1,0000950123-17-006317,8-K,EX-99,press_release_exhibit,https://www.sec.gov/Archives/edgar/data/12927/000095012317006317/a201706jun308kpressrelease.htm,retrieved,aeb0699ffed554cc4f72fe7fb709fafab2bea3f3ef175e9b237d88e9c378346d,31570,,excluded_no_target_link
3045947020,doc_0eab8668ad3dd502,0001193125-17-046619,8-K,GRAPHIC,current_report_body,https://www.sec.gov/Archives/edgar/data/12927/000119312517046619/g349747g0215105413492.jpg,retrieved,c0374eff5ba0829529019fc422c24725d71fbe942fbeb93d6d306c347c2c81f4,3086,,excluded_no_target_link
3045947020,doc_0fe1e92282caa2d0,0001193125-17-046619,8-K,,current_report_body,https://www.sec.gov/Archives/edgar/data/12927/000119312517046619/0001193125-17-046619.txt,retrieved,cd838077f6168718838ab9b851b1c30466e39e5c70b2d364924081698b86ac0b,121820,,excluded_no_target_link
3045947020,doc_2a79eb91ace297e9,0000012927-17-000066,8-K,,current_report_body,https://www.sec.gov/Archives/edgar/data/12927/000001292717000066/0000012927-17-000066.txt,retrieved,854a2e295220ebbc50d5a6814c09e5254453286c09703176d735603c0eb6133d,125395,,excluded_no_target_link
3045947020,doc_2d899830df26e3ae,0000950123-17-003588,8-K,EX-99,press_release_exhibit,https://www.sec.gov/Archives/edgar/data/12927/000095012317003588/a201703mar318kpressrelease.htm,retrieved,c86b95fe02d60a452c0b4d5a735e91c6db9b55d71e710c8256688bd51d9debed,27773,,excluded_no_target_link
3045947020,doc_31f6b900d241f686,0000012927-16-000159,8-K,EX-10.1,employment_or_plan,https://www.sec.gov/Archives/edgar/data/12927/000001292716000159/a364dayagmt.htm,retrieved,f617b238dd8eaff5b89b89c246ccd007370406d1636faf43f9a9dead857d1b3e,210607,,excluded_no_target_link
3045947020,doc_36317eb4f35a89da,0000012927-17-000066,8-K,EX-99.1,press_release_exhibit,https://www.sec.gov/Archives/edgar/data/12927/000001292717000066/a2017aug10exhibit991.htm,retrieved,22a76c08808b8121654bfe530cac4992f729a11091994a4f2baa85418f27d310,1741,,excluded_no_target_link
3045947020,doc_394fdaed8b2b9a91,0000012927-17-000066,8-K,GRAPHIC,current_report_body,https://www.sec.gov/Archives/edgar/data/12927/000001292717000066/boeingblackstandard150b.jpg,retrieved,13b49b4f4ac6bc9ee5e5a1c94f48c3bdd8448a9fb483a35dd9eca8c8959059ac,5327,,excluded_no_target_link
3045947020,doc_3e4687f2b70dde81,0000950123-17-000426,8-K,EX-99.1,press_release_exhibit,https://www.sec.gov/Archives/edgar/data/12927/000095012317000426/a201612dec318kpressrelease.htm,retrieved,e2897bfa6ab051386e98a3a1b599f160b88981fddde463fdf86b9af2cd699f38,31659,,excluded_no_target_link
3045947020,doc_45b10725cec31efb,0000012927-16-000159,8-K,EX-10.2,employment_or_plan,https://www.sec.gov/Archives/edgar/data/12927/000001292716000159/a5yearamendment.htm,retrieved,094537e265fc195d1f850c9afb0747d6a48329a0ef4f3015a3d394a5620c0bcd,22271,,excluded_no_target_link
3045947020,doc_56254879bf5cde2a,0001193125-17-087206,DEF 14A,GRAPHIC,proxy_statement,https://www.sec.gov/Archives/edgar/data/12927/000119312517087206/g477603collins_4.jpg,retrieved,a740e36fc2b9bf10540707307e0eca656f7db35becfa2c7c33e2a974246c9f8c,54241,,excluded_no_target_link
3045947020,doc_587e763f70ccb7cd,0000012927-16-000170,8-K,GRAPHIC,current_report_body,https://www.sec.gov/Archives/edgar/data/12927/000001292716000170/boeingblacksmall300.jpg,retrieved,a38b310f792ef167157f0e5b49dceeecefbf1c52550e48abfec863619420ffc7,558141,,excluded_no_target_link
3045947020,doc_5934808efacf3fe2,0000012927-16-000170,8-K,,current_report_body,https://www.sec.gov/Archives/edgar/data/12927/000001292716000170/0000012927-16-000170.txt,retrieved,2fdb227f2f998695965179c61c50095052af380063efd9975d97e0d57a40285e,803422,,excluded_no_target_link
3045947020,doc_629b90ae01531d43,0001193125-17-046619,8-K,8-K,current_report_body,https://www.sec.gov/Archives/edgar/data/12927/000119312517046619/d349747d8k.htm,retrieved,b8a5f863f65853eb99e296b9c102fe615e73f422a36d2563e86c438226efcd6a,6421,,excluded_no_target_link
3045947020,doc_6372042c0d98119f,0001193125-17-087206,DEF 14A,GRAPHIC,proxy_statement,https://www.sec.gov/Archives/edgar/data/12927/000119312517087206/g477603calhoun_4.jpg,retrieved,be527aef793ac26bcc4f7f8a5fc6637ddf6fe19208a802803a47528450d0b879,59675,,excluded_no_target_link
3045947020,doc_65ef3c7d781163eb,0001193125-17-087206,DEF 14A,DEF 14A,proxy_statement,https://www.sec.gov/Archives/edgar/data/12927/000119312517087206/d477603ddef14a.htm,retrieved,35de64c7b7aa3e888634c5c4e5cf233126bc6e0a3b3a5df6a831a23a5883ae79,296649,,excluded_no_target_link
3045947020,doc_6928cba49e394cdd,0001193125-17-087206,DEF 14A,GRAPHIC,proxy_statement,https://www.sec.gov/Archives/edgar/data/12927/000119312517087206/g477603bradway_4.jpg,retrieved,16d783611c0cd713661023e5d0e3310143e4e66fc052cf6e484d7366e8fbb59e,23628,,excluded_no_target_link
3045947020,doc_82a742d9a0e32929,0000012927-17-000040,8-K,8-K,current_report_body,https://www.sec.gov/Archives/edgar/data/12927/000001292717000040/a201706jun258-kdocument.htm,retrieved,4a0b233bb55dcc8f78abba9b8815bf972f22a996e47892a64018c0e565b25410,3944,,excluded_no_target_link
3045947020,doc_89fd8bdb40a40b45,0000012927-16-000165,8-K,EX-99.1,press_release_exhibit,https://www.sec.gov/Archives/edgar/data/12927/000001292716000165/a201611nov21exhibit991.htm,retrieved,14ba6a3104e14992937e6a837ef08741d6c075882c2009f88f87ade3e4b302ed,7638,,excluded_no_target_link
3045947020,doc_961956b3e9c43e6f,0000012927-17-000054,8-K,8-K,current_report_body,https://www.sec.gov/Archives/edgar/data/12927/000001292717000054/a201708aug18-kdocument.htm,retrieved,c7feea198fe7a10d5699302deb4c3c09b6ebf899b713b968c815161d17dac099,2805,,excluded_no_target_link
3045947020,doc_9b194abf6b6cc7b6,0000012927-17-000028,8-K,8-K,current_report_body,https://www.sec.gov/Archives/edgar/data/12927/000001292717000028/a201705may18-kdocument.htm,retrieved,cb76bda9a181325a3a34e651c8a46e49e451a10d2a4137f9d3cb5e6fec6eec5e,4619,,excluded_no_target_link
3045947020,doc_a33cbcf6f5617857,0000012927-17-000066,8-K,8-K,current_report_body,https://www.sec.gov/Archives/edgar/data/12927/000001292717000066/a2017aug108-kdocument.htm,retrieved,a6fe11391648a2fff5df8c18593a36a6fbec8ce5bf644ba5cce91bbf3be3fede,3837,,excluded_no_target_link
3045947020,doc_a865bb67a99c6584,0000950123-17-003588,8-K,8-K,current_report_body,https://www.sec.gov/Archives/edgar/data/12927/000095012317003588/a201703mar318-k.htm,retrieved,c88a8492fb693fc280f8467bb82b96c2b86b8bcfbb99ee06766faffbb94cee0a,3072,,excluded_no_target_link
3045947020,doc_b840da6626b7f898,0000012927-16-000165,8-K,GRAPHIC,current_report_body,https://www.sec.gov/Archives/edgar/data/12927/000001292716000165/boeingblacksmall300.jpg,retrieved,a38b310f792ef167157f0e5b49dceeecefbf1c52550e48abfec863619420ffc7,558141,,excluded_no_target_link
3045947020,doc_b84c28858b5c3bf8,0000012927-17-000028,8-K,,current_report_body,https://www.sec.gov/Archives/edgar/data/12927/000001292717000028/0000012927-17-000028.txt,retrieved,a2b6505f62461204220bb9a0ea514a293cd91e589dbeef8e880b2359fdc28ef9,5657,,excluded_no_target_link
3045947020,doc_b97957a5480e98f7,0001193125-17-087206,DEF 14A,,proxy_statement,https://www.sec.gov/Archives/edgar/data/12927/000119312517087206/0001193125-17-087206.txt,retrieved,ab4ddc5b535c94c9aed6764a3bf8f700d7ed0aa375cbbc75593f642e6a83bb04,2751468,,excluded_no_target_link
3045947020,doc_bec66af516070773,0000012927-16-000159,8-K,8-K,current_report_body,https://www.sec.gov/Archives/edgar/data/12927/000001292716000159/a201611nov28-kcreditagreem.htm,retrieved,3779f8d8b1055c2f40e8020ca5ba674679b5f9ac2e8c848c53180b4b5d37e232,6185,,excluded_no_target_link
3045947020,doc_c1191a21aae537cf,0001193125-17-046619,8-K,GRAPHIC,current_report_body,https://www.sec.gov/Archives/edgar/data/12927/000119312517046619/g349747g38n67.jpg,retrieved,b2acaf417b71780f10d593584ba12e3ada0a094f4354af130d3c6869bc70854d,2571,,excluded_no_target_link
3045947020,doc_c44621d8a18fc7bb,0000950123-17-006317,8-K,GRAPHIC,current_report_body,https://www.sec.gov/Archives/edgar/data/12927/000095012317006317/boeingblacksmall300a03.jpg,retrieved,a38b310f792ef167157f0e5b49dceeecefbf1c52550e48abfec863619420ffc7,558141,,excluded_no_target_link
3045947020,doc_d14c42f25f009acf,0000950123-17-006317,8-K,8-K,current_report_body,https://www.sec.gov/Archives/edgar/data/12927/000095012317006317/a201706jun308-k.htm,retrieved,5845fe09f52097cb1449b02961df3a53616ad525896ed652a127ee6c6d13117e,3065,,excluded_no_target_link
3045947020,doc_d3db29e380969e86,0000012927-16-000165,8-K,,current_report_body,https://www.sec.gov/Archives/edgar/data/12927/000001292716000165/0000012927-16-000165.txt,retrieved,b23577b4192be81f9c976a9707034ab7d5c7e34bfe8249e1b70eeddfc1acedc2,807957,,excluded_no_target_link
3045947020,doc_d5c1ab9796efb1ca,0000012927-16-000170,8-K,8-K,current_report_body,https://www.sec.gov/Archives/edgar/data/12927/000001292716000170/a201612dec128kdocument.htm,retrieved,ad25b35546a64ee632dd53bc0121c1fadef202ab0e0016b454e50008b1ad8caa,2150,,excluded_no_target_link
3045947020,doc_d5e657f03aedafe5,0000950123-17-000426,8-K,8-K,current_report_body,https://www.sec.gov/Archives/edgar/data/12927/000095012317000426/a201612dec318-k.htm,retrieved,373bda05f0cccc0e5b9733db6621065dea936d6f04388bfc2b9c4755ee55bfef,2546,,excluded_no_target_link
3045947020,doc_d6046381e2c39554,0000012927-17-000040,8-K,,current_report_body,https://www.sec.gov/Archives/edgar/data/12927/000001292717000040/0000012927-17-000040.txt,retrieved,0b7cfab935dfce64725de304780cef6476fb369bd4ab4723d24169a06712cbf3,810937,,excluded_no_target_link
3045947020,doc_d663d3ee70733aae,0000012927-17-000066,8-K,EX-3.2,current_report_body,https://www.sec.gov/Archives/edgar/data/12927/000001292717000066/a2017aug10exhibit32by-laws.htm,retrieved,a30ee5e2b6787bd4663aeb8fe3c6016ecd10f5abca7bba0e6bda89d9c2012737,111704,,excluded_no_target_link
3045947020,doc_d789ad24f57a8e00,0000950123-17-000426,8-K,GRAPHIC,current_report_body,https://www.sec.gov/Archives/edgar/data/12927/000095012317000426/boeingblacksmall300.jpg,retrieved,a38b310f792ef167157f0e5b49dceeecefbf1c52550e48abfec863619420ffc7,558141,,excluded_no_target_link
3045947020,doc_d862eee58e12b58f,0000012927-16-000170,8-K,EX-99.1,press_release_exhibit,https://www.sec.gov/Archives/edgar/data/12927/000001292716000170/a201612dec12exhibit991.htm,retrieved,8a61f7870bc7346fa50c5030ac2201c01d12c106396f7a3836f2ce701dd61953,3682,,excluded_no_target_link
3045947020,doc_de0ba3bb705ebf1c,0000950123-17-003588,8-K,,current_report_body,https://www.sec.gov/Archives/edgar/data/12927/000095012317003588/0000950123-17-003588.txt,retrieved,a53bd72168fdfca888aa28702d94c9f5eddf36ab0f3553c654368ca3d12a81ac,828476,,excluded_no_target_link
3045947020,doc_de9344b179086a8f,0000012927-17-000040,8-K,GRAPHIC,current_report_body,https://www.sec.gov/Archives/edgar/data/12927/000001292717000040/boeingblacksmall300.jpg,retrieved,a38b310f792ef167157f0e5b49dceeecefbf1c52550e48abfec863619420ffc7,558141,,excluded_no_target_link
3045947020,doc_df5da249326d9b22,0000012927-16-000159,8-K,,current_report_body,https://www.sec.gov/Archives/edgar/data/12927/000001292716000159/0000012927-16-000159.txt,retrieved,47504d970033218d04f25afc2d3d558a90b05c5fcccba816b959552fda827df0,240281,,excluded_no_target_link
3045947020,doc_e0b1116131081318,0001193125-17-087206,DEF 14A,GRAPHIC,proxy_statement,https://www.sec.gov/Archives/edgar/data/12927/000119312517087206/g477603duberstein_4.jpg,retrieved,443b36fb8572c345124ee6302618a4c23a516eb65f0f639bd8374938d1060eba,57694,,excluded_no_target_link
3045947020,doc_e2f49f3604bbdb39,0000950123-17-006317,8-K,,current_report_body,https://www.sec.gov/Archives/edgar/data/12927/000095012317006317/0000950123-17-006317.txt,retrieved,34e63c13fe759a849204947e59bb4aea84078b6ba58b134ccc7d842674f24116,832272,,excluded_no_target_link
3045947020,doc_e97d94f60a1c1137,0000950123-17-000426,8-K,,current_report_body,https://www.sec.gov/Archives/edgar/data/12927/000095012317000426/0000950123-17-000426.txt,retrieved,3d6a0611970e5bebec02c87e08990dce2c64706af974f08f94b7bfebf5823ec8,831836,,excluded_no_target_link
3045947020,doc_eecd1f56eb8917b3,0000950123-17-003588,8-K,GRAPHIC,current_report_body,https://www.sec.gov/Archives/edgar/data/12927/000095012317003588/boeingblacksmall300.jpg,retrieved,a38b310f792ef167157f0e5b49dceeecefbf1c52550e48abfec863619420ffc7,558141,,excluded_no_target_link
3045947020,doc_f08bcb5295e3c9ff,0000012927-17-000040,8-K,EX-99.1,press_release_exhibit,https://www.sec.gov/Archives/edgar/data/12927/000001292717000040/a2017jun28exhibit991.htm,retrieved,20bb198414aa18ce53b4562c9c9ae41a91c1b8ca43eb57ae43a2e64cf5215aaf,2771,,excluded_no_target_link
3045947020,doc_f31d36237d58575a,0001193125-17-046619,8-K,EX-1.1,current_report_body,https://www.sec.gov/Archives/edgar/data/12927/000119312517046619/d349747dex11.htm,retrieved,e962d77233753fd8b6391e3b47dcc19246fff189e9c1b92e02c5f2a71ddbe2c0,102186,,excluded_no_target_link
3045947020,doc_f3e9dbb5ce46546d,0000012927-16-000165,8-K,8-K,current_report_body,https://www.sec.gov/Archives/edgar/data/12927/000001292716000165/a201611nov218-k.htm,retrieved,cce42312b6e5e6644514b1e50e1609f5f45d8025feab6aae8789207e0bcd9af3,2596,,excluded_no_target_link
3045947020,doc_fa9c0a28de751233,0000012927-17-000054,8-K,,current_report_body,https://www.sec.gov/Archives/edgar/data/12927/000001292717000054/0000012927-17-000054.txt,retrieved,28561207a1156d0615e0610cd57e2d2d1d4c17f34315b80aa2667bca4fda426c,3804,,excluded_no_target_link
3045947020,doc_fcef7a689cd07334,0001193125-17-046619,8-K,EX-5.1,current_report_body,https://www.sec.gov/Archives/edgar/data/12927/000119312517046619/d349747dex51.htm,retrieved,38c43da29bc6c91b700c70b51295b5869b73ddd9b1fffd286ebadf85554e9aeb,5649,,excluded_no_target_link
3045947020,doc_fecedb9906c5a1ff,0000012927-17-000040,8-K,EX-10.1,employment_or_plan,https://www.sec.gov/Archives/edgar/data/12927/000001292717000040/a10106junrsu.htm,retrieved,2d0e31257f986662f462f86922b69c9b790141c0eb72d1f600a796f4aa119bdf,6499,,excluded_no_target_link
3045947020,supp_c5e017351a01ca1c,,OFFICIAL-SOURCE,official_company_announcement,official_announcement,https://boeing.mediaroom.com/2016-12-06-Boeing-to-Acquire-Liquid-Robotics-to-Enhance-Autonomous-Seabed-to-Space-Information-Services,retrieved,944744c7c63a72d4b00d45232a1876f68b40934e8beef6ba6acfd78b05808cd2,10640,,target_linked
3078525020,doc_04bf16c29348b0e2,0001193125-17-214148,8-K,EX-99.1,press_release_exhibit,https://www.sec.gov/Archives/edgar/data/1652044/000119312517214148/d411078dex991.htm,retrieved,9bdce834e957148794a63d636e5e7ea269f13484bdbd5b1665e312dc5d75e177,2420,,excluded_no_target_link
3078525020,doc_0cc3eee680ee1564,0001193125-17-214148,8-K,GRAPHIC,current_report_body,https://www.sec.gov/Archives/edgar/data/1652044/000119312517214148/g4110781.jpg,retrieved,b60980b2c2dd706dcf659a0f7376efd4aa0479aa6d8996f355014caaa9c6f75c,61755,,excluded_no_target_link
3078525020,doc_10a1742f1106f7f2,0001652044-18-000004,8-K,,current_report_body,https://www.sec.gov/Archives/edgar/data/1652044/000165204418000004/0001652044-18-000004.txt,retrieved,59a507403cee91dd22f3f9a6ac271579f8a58cc4bc47ebd81aca1663b318e104,28761,,excluded_no_target_link
3078525020,doc_12b5ced6c6ec69bf,0001193125-17-214148,8-K,8-K,current_report_body,https://www.sec.gov/Archives/edgar/data/1652044/000119312517214148/d411078d8k.htm,retrieved,0649a07029b97db48816d94010a738019abf5edaa5ebc62cbf086aff34b4ffab,3498,,excluded_no_target_link
3078525020,doc_22c47ec84c17d032,0001193125-17-376656,8-K,,current_report_body,https://www.sec.gov/Archives/edgar/data/1652044/000119312517376656/0001193125-17-376656.txt,retrieved,4e6f554cec200a29bde0c4c72869dd758d357894cf820b4a4cb974ca2f312859,6717,,excluded_no_target_link
3078525020,doc_37933e76e8fce8fb,0001193125-17-376656,8-K,8-K,current_report_body,https://www.sec.gov/Archives/edgar/data/1652044/000119312517376656/d462143d8k.htm,retrieved,4bf6550f5a61771a41d64ff92b19de08a1fe0c9e4628e3cfc52d02c02d28fdb4,3369,,excluded_no_target_link
3078525020,doc_3b6d6c7ccbaa73b0,0001193125-17-376656,8-K,EX-99.1,press_release_exhibit,https://www.sec.gov/Archives/edgar/data/1652044/000119312517376656/d462143dex991.htm,retrieved,a2cafe8e3d579e903f60812a39203af3c902a8977caaaa9b6c86a72e43107df7,2191,,excluded_no_target_link
3078525020,doc_41e615cf1e9d15e2,0001652044-17-000024,8-K,EX-99.2,press_release_exhibit,https://www.sec.gov/Archives/edgar/data/1652044/000165204417000024/googexhibit992q22017.htm,retrieved,271b97fc4960c66a3620ed208fb1973b49f1fa9f26a9a6ba639dcc33a08e36f7,1639,,excluded_no_target_link
3078525020,doc_45dc1df7f7338c53,0001652044-17-000039,8-K,,current_report_body,https://www.sec.gov/Archives/edgar/data/1652044/000165204417000039/0001652044-17-000039.txt,retrieved,e0b3fec99f4d23294f0635dfecafb08178a1022afb9953a90c874277974b85fc,24234,,excluded_no_target_link
3078525020,doc_48355a68f815ac32,0001652044-18-000004,8-K,EX-99.1,press_release_exhibit,https://www.sec.gov/Archives/edgar/data/1652044/000165204418000004/googexhibit991q42017.htm,retrieved,7bcd99c568ad04ef96dd8c572aadf8f6d4980aae2f5d85d7b46449b779791f7f,23378,,excluded_no_target_link
3078525020,doc_4cd748dcd6346474,0001652044-17-000024,8-K,,current_report_body,https://www.sec.gov/Archives/edgar/data/1652044/000165204417000024/0001652044-17-000024.txt,retrieved,27129205edfe33a9aeb66a7c9b1880d46b38969a95bfb695823f76ab9e646b5a,33003,,excluded_no_target_link
3078525020,doc_53cae81e522f08ba,0001652044-17-000011,8-K,,current_report_body,https://www.sec.gov/Archives/edgar/data/1652044/000165204417000011/0001652044-17-000011.txt,retrieved,f91932159241d1672fb3b291e9e0b96c3dfba17a0030f93b7270252b6bb78173,32531,,excluded_no_target_link
3078525020,doc_5ee0d5460eb3f8bd,0001652044-18-000004,8-K,8-K,current_report_body,https://www.sec.gov/Archives/edgar/data/1652044/000165204418000004/goog8-kq42017.htm,retrieved,81390d3b51a2edb3ace20afc6b7fbc2fe70bdb53107b4286c49d454a319d619b,4215,,excluded_no_target_link
3078525020,doc_601899a994b2b349,0001652044-17-000039,8-K,8-K,current_report_body,https://www.sec.gov/Archives/edgar/data/1652044/000165204417000039/goog8-kq32017.htm,retrieved,3fc8c56e42d584176f7dfbe295bec96fb485771c00929d518ff8f7bf87826dbf,3708,,excluded_no_target_link
3078525020,doc_657772db3707ad77,0001308179-17-000170,DEF 14A,GRAPHIC,proxy_statement,https://www.sec.gov/Archives/edgar/data/1652044/000130817917000170/check.jpg,retrieved,8fb3278043a2b946688e938ca19e5400bf4b0ca9265fa6d8a8c36ca4ae1bd354,1283,,excluded_no_target_link
3078525020,doc_7e99be6f310a0eed,0001652044-17-000011,8-K,EX-99.1,press_release_exhibit,https://www.sec.gov/Archives/edgar/data/1652044/000165204417000011/googexhibit991q12017.htm,retrieved,cc766082eb38df7b60a68e6546b627476f9b6750222f5ac54079536943672c5e,21368,,excluded_no_target_link
3078525020,doc_8ce75d44d63674c8,0001193125-17-200227,8-K,8-K,current_report_body,https://www.sec.gov/Archives/edgar/data/1652044/000119312517200227/d410268d8k.htm,retrieved,c4fde111ee719a224bc3f3b854f9eedd570bbf7b681cd4de817b22d1ed1424b8,9945,,excluded_no_target_link
3078525020,doc_8fdb419dc94a92ba,0001193125-17-200227,8-K,EX-10.01,employment_or_plan,https://www.sec.gov/Archives/edgar/data/1652044/000119312517200227/d410268dex1001.htm,retrieved,68631202b68a053380df9e8db30c7912cebed4a401776e9f3efcd0ccd6a5fec7,50718,,excluded_no_target_link
3078525020,doc_9371db75f6c9b109,0001652044-17-000039,8-K,EX-99.1,press_release_exhibit,https://www.sec.gov/Archives/edgar/data/1652044/000165204417000039/googexhibit991q32017.htm,retrieved,239434096af81233ea63876661a7dad878b07a98868381bc4b421b17d92c5740,19469,,excluded_no_target_link
3078525020,doc_a4f06dea19eab9ea,0001193125-17-200227,8-K,,current_report_body,https://www.sec.gov/Archives/edgar/data/1652044/000119312517200227/0001193125-17-200227.txt,retrieved,c00bd31cd33029e77ada931dc1f0d3ec9238fa77284381dec33989575cb457d1,61890,,excluded_no_target_link
3078525020,doc_a5cbc5fc6a42a86f,0001308179-17-000170,DEF 14A,DEF 14A,proxy_statement,https://www.sec.gov/Archives/edgar/data/1652044/000130817917000170/lgoog2017_def14a.htm,retrieved,38d7e6d3a1c5ca59c7853dcb21f9e9903270e8eed62b7131da2d80fe4a6ace61,338221,,excluded_no_target_link
3078525020,doc_add17fb55e67a9e8,0001308179-17-000170,DEF 14A,,proxy_statement,https://www.sec.gov/Archives/edgar/data/1652044/000130817917000170/0001308179-17-000170.txt,retrieved,38253292f197e16b608ef5e4199b3dfb6e3353e0e262730441a43a5262147ef4,2339938,,excluded_no_target_link
3078525020,doc_b8bf8f10f74c3237,0001652044-17-000024,8-K,8-K,current_report_body,https://www.sec.gov/Archives/edgar/data/1652044/000165204417000024/goog8-kq22017.htm,retrieved,19824bbc784b9521eef06556248b847622ed3131e323982c0d25dcb7d0ca7e16,4746,,excluded_no_target_link
3078525020,doc_c98934b9878372ae,0001652044-17-000011,8-K,8-K,current_report_body,https://www.sec.gov/Archives/edgar/data/1652044/000165204417000011/goog8-kq12017.htm,retrieved,9ce1e61a7ac8bd9b63aa38867f5290a3a0c33c2c144e95401d48f6d18da16827,10075,,excluded_no_target_link
3078525020,doc_ddfa7951674eb7bb,0001308179-17-000170,DEF 14A,GRAPHIC,proxy_statement,https://www.sec.gov/Archives/edgar/data/1652044/000130817917000170/lgoogx13x1.jpg,retrieved,683f98d95aa4413c70615e6ad2dd6ccca00fbd89864f4b81ec8a9e20513b017e,2314,,excluded_no_target_link
3078525020,doc_e2b6fe8967910970,0001193125-17-214148,8-K,,current_report_body,https://www.sec.gov/Archives/edgar/data/1652044/000119312517214148/0001193125-17-214148.txt,retrieved,c43058278fb0d106e4784bf260f6d63c2781210ba49deb0e9985ffcefb59ddc8,92666,,excluded_no_target_link
3078525020,doc_f107bf209865a65b,0001308179-17-000170,DEF 14A,GRAPHIC,proxy_statement,https://www.sec.gov/Archives/edgar/data/1652044/000130817917000170/check1.jpg,retrieved,ac7dabb1a869c6c736998a28bce72bbbe01650c0c057c9c108e5afc385470b49,1022,,excluded_no_target_link
3078525020,doc_fcd545825e834b24,0001652044-17-000024,8-K,EX-99.1,press_release_exhibit,https://www.sec.gov/Archives/edgar/data/1652044/000165204417000024/googexhibit991q22017.htm,retrieved,45484dc2c1f4f95a7e127ab40cac0425bdb55c6258f21441065c224b030f3e30,25396,,excluded_no_target_link
3078525020,doc_ff150b21728951f9,0001308179-17-000170,DEF 14A,GRAPHIC,proxy_statement,https://www.sec.gov/Archives/edgar/data/1652044/000130817917000170/check2.jpg,retrieved,47274e3fa83c7bffc1b60e877ec5623e396c2941f2f28a3cfd759424f844a9b6,994,,excluded_no_target_link
3078525020,supp_327ff1ecfdd9a623,,OFFICIAL-SOURCE,official_company_announcement,official_announcement,https://blog.google/innovation-and-ai/infrastructure-and-cloud/google-cloud/100-announcements-google-cloud-next-17/,retrieved,25cbb0418538c8843634cbbef7e3c4cf227e5b2ce2467e8975c89e8f34c02a94,45059,,target_linked
3108787020,doc_1ae6c3e3ff946544,0001564590-17-010246,8-K,8-K,current_report_body,https://www.sec.gov/Archives/edgar/data/1564408/000156459017010246/snap-8k_20170510.htm,retrieved,da955db855f710e57bcd32663f2be3108b2956e3b3dc20632ad0404925c9b5ef,3681,,excluded_no_target_link
3108787020,doc_39eebdbb6dd52424,0001564590-17-017244,8-K,EX-99.1,press_release_exhibit,https://www.sec.gov/Archives/edgar/data/1564408/000156459017017244/snap-ex991_7.htm,retrieved,479d70b9f92309336050b39d0cb29baecae8368d9b4e61134fd91766d381f35e,30076,,excluded_no_target_link
3108787020,doc_43787d3093a380c2,0001564590-17-022258,8-K,EX-99.1,press_release_exhibit,https://www.sec.gov/Archives/edgar/data/1564408/000156459017022258/snap-ex991_6.htm,retrieved,705bf8a66fcea07a2b68d229f457313600087d9f49759a821ec93b76e0696379,32163,,excluded_no_target_link
3108787020,doc_65b07e3ad993802e,0001564590-17-010246,8-K,,current_report_body,https://www.sec.gov/Archives/edgar/data/1564408/000156459017010246/0001564590-17-010246.txt,retrieved,5094b928200f85aa23d4efe775f1cbda6a81d5a6af82e14aba6d4a6f451b45fe,28258,,excluded_no_target_link
3108787020,doc_80204073694ef782,0001564590-17-017244,8-K,8-K,current_report_body,https://www.sec.gov/Archives/edgar/data/1564408/000156459017017244/snap-8k_20170810.htm,retrieved,8bc0dbd404290d82ea1f0adbf3b78600b8c5787dde669f220a3a5301ebc97b53,3702,,excluded_no_target_link
3108787020,doc_888f39ade671e867,0001564590-17-022258,8-K,8-K,current_report_body,https://www.sec.gov/Archives/edgar/data/1564408/000156459017022258/snap-8k_20171107.htm,retrieved,cf5b09f5e07d527492b8e0a26a8c769bc11e9b481c4096c4506dbcfc3c0f6b6e,3707,,excluded_no_target_link
3108787020,doc_c72290b84c87fd62,0001564590-17-010246,8-K,EX-99.1,press_release_exhibit,https://www.sec.gov/Archives/edgar/data/1564408/000156459017010246/snap-ex991_6.htm,retrieved,413bae97fa18a50409ea0855a2122b3f77f353e2d612baad271bb1c634ae0c4c,23467,,excluded_no_target_link
3108787020,doc_d2fd8420e627a63d,0001564590-17-017244,8-K,,current_report_body,https://www.sec.gov/Archives/edgar/data/1564408/000156459017017244/0001564590-17-017244.txt,retrieved,437deeaaa6b127a7a17da65cb5b9aa30fd793c88c5ee662d253d215edec74c56,34889,,excluded_no_target_link
3108787020,doc_dcf01f2d08d39606,0001564590-17-022258,8-K,,current_report_body,https://www.sec.gov/Archives/edgar/data/1564408/000156459017022258/0001564590-17-022258.txt,retrieved,9cb9ce7dde08aaf9377d3d53fb1c9affc63405e6524376e226b4d793183001f2,36981,,excluded_no_target_link
3115747040,doc_05e15d17a0fceae4,0000930413-17-002149,8-K,8-K,current_report_body,https://www.sec.gov/Archives/edgar/data/40545/000093041317002149/c88401_8k.htm,retrieved,7b622802a39200cf0ecfec44a40b6c8a73ae7bdd652d3682b68743a288e22423,6866,,excluded_no_target_link
3115747040,doc_0c7ae742fe39e9b2,0000947871-17-000435,425,425,prospectus_communication,https://www.sec.gov/Archives/edgar/data/40545/000094787117000435/ss45674_425.htm,retrieved,ec17cdcf6a893e8924506fa02d7c1728da6a83b93b794940f14d6269b2dbf070,13261,,excluded_no_target_link
3115747040,doc_22f38a3755cd1423,0000947871-17-000423,425,,prospectus_communication,https://www.sec.gov/Archives/edgar/data/40545/000094787117000423/0000947871-17-000423.txt,retrieved,9e18b137d71b883e9b4d40905e24340eee1d595a642c3dbab998ef5eee3a0eee,13897,,excluded_no_target_link
3115747040,doc_28349a310330453a,0000930413-17-002134,8-K,,current_report_body,https://www.sec.gov/Archives/edgar/data/40545/000093041317002134/0000930413-17-002134.txt,retrieved,92ecb81132be0f2a48682033332cd09ac742a724628e543331d9a98e30c38bd9,77391,,target_linked
3115747040,doc_2ced696cef049f02,0000947871-17-000436,425,,prospectus_communication,https://www.sec.gov/Archives/edgar/data/40545/000094787117000436/0000947871-17-000436.txt,retrieved,7dcb7c90374a5a5a5ca7d7c29a3940fae7dfa125282385aeb594c7a233948888,2213973,,excluded_no_target_link
3115747040,doc_307d10e367016ce7,0000947871-17-000398,425,425,prospectus_communication,https://www.sec.gov/Archives/edgar/data/40545/000094787117000398/ss43929_425.htm,retrieved,4ac1a0d582e7c629321ea240322baf5c4143b9f194c3dfbb97292fd97d3a310e,14932,,excluded_no_target_link
3115747040,doc_388eac499c70259b,0000947871-17-000385,425,,prospectus_communication,https://www.sec.gov/Archives/edgar/data/40545/000094787117000385/0000947871-17-000385.txt,retrieved,2ae88982aaf740c2a041e92ca2ee23e72737db6fc0ea4b5104ee29d246aae9be,110667,,excluded_no_target_link
3115747040,doc_3e49e254e9d101e2,0000947871-17-000399,425,425,prospectus_communication,https://www.sec.gov/Archives/edgar/data/40545/000094787117000399/ss44287_425.htm,retrieved,75ef82bba012f9fb8d43ce4a3f5a0c91941dad46bdfeba6696b720b51a78fa85,14172,,excluded_no_target_link
3115747040,doc_426144d5fa81e768,0000947871-17-000399,425,GRAPHIC,prospectus_communication,https://www.sec.gov/Archives/edgar/data/40545/000094787117000399/slide_3.jpg,retrieved,5c42fc0427eb3e41e29ff881dedfa95c92b5efe731e03e6bbf101efc26a7f9c0,290022,,excluded_no_target_link
3115747040,doc_42ed0a78fb38eb3d,0000947871-17-000436,425,GRAPHIC,prospectus_communication,https://www.sec.gov/Archives/edgar/data/40545/000094787117000436/slide_2.jpg,retrieved,1ae2265eb54cdff4e52f82495a1ea582771c344cc147cf512001d5947d2b9d47,404677,,excluded_no_target_link
3115747040,doc_45c45f6084ba2daf,0000947871-17-000399,425,GRAPHIC,prospectus_communication,https://www.sec.gov/Archives/edgar/data/40545/000094787117000399/slide_2.jpg,retrieved,f4e3f996aef8779291dd90ee0fe24f1fdf16d7525352814538d04a80a21a3c2e,301418,,excluded_no_target_link
3115747040,doc_476d4fb4b11d8323,0000947871-17-000422,425,,prospectus_communication,https://www.sec.gov/Archives/edgar/data/40545/000094787117000422/0000947871-17-000422.txt,retrieved,d8d7deb0bfeaa96a9c2b81e63e02d51add47f5b9cb93bc99ef3d8df63cb4f34d,13296,,excluded_no_target_link
3115747040,doc_498de66ad9803c0e,0000947871-17-000385,425,GRAPHIC,prospectus_communication,https://www.sec.gov/Archives/edgar/data/40545/000094787117000385/image01.jpg,retrieved,9b86a0d73a789e5d885d35924044c3bdefa240e66027289da87b526c732d7a59,59082,,excluded_no_target_link
3115747040,doc_5b3d4cc1e929f45b,0000947871-17-000386,425,425,prospectus_communication,https://www.sec.gov/Archives/edgar/data/40545/000094787117000386/ss43531_425.htm,retrieved,863dacd4135f036d181f526bbe80058576f7a73477148d7f4dc8a2b0f9430ff3,14594,,excluded_no_target_link
3115747040,doc_5e0225d4fe362cf2,0000947871-17-000398,425,,prospectus_communication,https://www.sec.gov/Archives/edgar/data/40545/000094787117000398/0000947871-17-000398.txt,retrieved,48d652c74902c8b696a603b05b824c72fe66c6cbe0aad1a08f3995cad5252b76,334655,,excluded_no_target_link
3115747040,doc_5e1b1115a09bf3c6,0000930413-17-002134,8-K,8-K,current_report_body,https://www.sec.gov/Archives/edgar/data/40545/000093041317002134/c88392_8k.htm,retrieved,35d8f8d2d48ff5c55a1701f20fbbc579f05cbd390cf229bcd98d30484e3862e4,6136,,excluded_no_target_link
3115747040,doc_6436458011f07bd2,0000947871-17-000435,425,,prospectus_communication,https://www.sec.gov/Archives/edgar/data/40545/000094787117000435/0000947871-17-000435.txt,retrieved,aadff277358ebccb9685064116c2aa8438215a9584537d205ca6c87de9c10033,42383,,excluded_no_target_link
3115747040,doc_74189c568f4134e0,0000930413-17-002149,8-K,EX-4.3,current_report_body,https://www.sec.gov/Archives/edgar/data/40545/000093041317002149/c88401_ex4-3.htm,retrieved,e4c37deee73f920e398ed26dd72e8c013f70c98d77e310f074029cf984db072b,31496,,excluded_no_target_link
3115747040,doc_801717b7422d8eac,0000930413-17-002134,8-K,EX-1.1,current_report_body,https://www.sec.gov/Archives/edgar/data/40545/000093041317002134/c88392_ex1-1.htm,retrieved,141f4fa6eaca59ee20c125cc0fccc62629e7c14c4c30c7af2004211fcc287b50,70243,,target_linked
3115747040,doc_80ea6265ccc79833,0000947871-17-000423,425,425,prospectus_communication,https://www.sec.gov/Archives/edgar/data/40545/000094787117000423/ss45021_425.htm,retrieved,468d385f7000bdaa34a8ef6473fd9962f39e1b7b1b3eab9cffb6918269f51302,12448,,excluded_no_target_link
3115747040,doc_84b236020f282cbf,0000947871-17-000424,425,425,prospectus_communication,https://www.sec.gov/Archives/edgar/data/40545/000094787117000424/ss45073_425.htm,retrieved,8bab7e0ac604b1e0765f352866214ad30c0b0d10f378597ccee24387774d9ba2,10253,,excluded_no_target_link
3115747040,doc_89dc13c1a0ca746d,0000930413-17-002149,8-K,EX-4.2,current_report_body,https://www.sec.gov/Archives/edgar/data/40545/000093041317002149/c88401_ex4-2.htm,retrieved,c135082b99b4240910a37ef54307ee79056c914f3f94bbc26a07c2fb263cd90f,170672,,excluded_no_target_link
3115747040,doc_89f744507d66b181,0000947871-17-000436,425,GRAPHIC,prospectus_communication,https://www.sec.gov/Archives/edgar/data/40545/000094787117000436/slide_3.jpg,retrieved,758dfe9b24e74acf4d524ba83bbfbf88d7bdf7152a9c5aa3ca5313c5add66a4a,326181,,excluded_no_target_link
3115747040,doc_92b19177a2e422a5,0000947871-17-000422,425,425,prospectus_communication,https://www.sec.gov/Archives/edgar/data/40545/000094787117000422/ss44940_425.htm,retrieved,ff295612c57d8402d0bb175b984d08fe5918761258744aab0554f362f5b12714,11847,,excluded_no_target_link
3115747040,doc_9872c6c2c1e0d73c,0000930413-17-002149,8-K,EX-4.5,current_report_body,https://www.sec.gov/Archives/edgar/data/40545/000093041317002149/c88401_ex4-5.htm,retrieved,09c26c2cf952e413565961cd994432a563eeafddf43cc924ec01c045f41d4497,31555,,excluded_no_target_link
3115747040,doc_b3dbc4e277dff4f5,0000947871-17-000435,425,GRAPHIC,prospectus_communication,https://www.sec.gov/Archives/edgar/data/40545/000094787117000435/image01.jpg,retrieved,ee2e258643df0a176d65d5dcac57445f858d3707295d1d0e00785ae7045f5dae,15199,,excluded_no_target_link
3115747040,doc_b407b0ba32ea43e6,0000947871-17-000399,425,,prospectus_communication,https://www.sec.gov/Archives/edgar/data/40545/000094787117000399/0000947871-17-000399.txt,retrieved,3d886a386635688e65bc7b16211c8ee9a3817e2a4b4bd0528b3efd79ce1c5554,1849085,,excluded_no_target_link
3115747040,doc_bc3d69830004eba8,0000947871-17-000436,425,425,prospectus_communication,https://www.sec.gov/Archives/edgar/data/40545/000094787117000436/ss45665_425.htm,retrieved,6bfa87e69bf5d3a8e950ee271de23bc0e9d21d5fa74d74147399e0cb60b5044e,16782,,excluded_no_target_link
3115747040,doc_be24f3a930e77334,0000947871-17-000425,425,,prospectus_communication,https://www.sec.gov/Archives/edgar/data/40545/000094787117000425/0000947871-17-000425.txt,retrieved,31c3df831b0c0deaa818dfd4b9252eb201406dc67af55c364b4434a9543a7a66,11803,,excluded_no_target_link
3115747040,doc_c4a3e3774e99b1aa,0000947871-17-000386,425,,prospectus_communication,https://www.sec.gov/Archives/edgar/data/40545/000094787117000386/0000947871-17-000386.txt,retrieved,4558cb4ca2adaaaef670f076ae3d302984e66eb2c7a77b7a7e7e2ff254bd0846,16043,,excluded_no_target_link
3115747040,doc_c5f4861eb5603617,0000947871-17-000436,425,GRAPHIC,prospectus_communication,https://www.sec.gov/Archives/edgar/data/40545/000094787117000436/slide_1.jpg,retrieved,859e00e74dc4bfa474cf37141728783b2e6c32b7fc83e1357620c961fbdfc94d,607547,,excluded_no_target_link
3115747040,doc_c642054fe6e18ec8,0000930413-17-002149,8-K,,current_report_body,https://www.sec.gov/Archives/edgar/data/40545/000093041317002149/0000930413-17-002149.txt,retrieved,bf5136c0234b810f33467de49c0679a44c486625e2bd51b289a575775dee97c8,460758,,excluded_no_target_link
3115747040,doc_c76667aa28938294,0000947871-17-000385,425,425,prospectus_communication,https://www.sec.gov/Archives/edgar/data/40545/000094787117000385/ss43510_425.htm,retrieved,5b5a393fd4872628d2319d0b05382440a89895166870815d816525cd4693ecd3,11375,,excluded_no_target_link
3115747040,doc_d18052e8e8a420f1,0000947871-17-000398,425,GRAPHIC,prospectus_communication,https://www.sec.gov/Archives/edgar/data/40545/000094787117000398/image01.jpg,retrieved,791312d0edcde72a0a0dba44227317ce3191b766170e3494f43088c4d7b19993,225946,,excluded_no_target_link
3115747040,doc_dd620485d07546ca,0000930413-17-002149,8-K,EX-4.4,current_report_body,https://www.sec.gov/Archives/edgar/data/40545/000093041317002149/c88401_ex4-4.htm,retrieved,ae8e95e0840f1ecc5f61749c66031b96e5a3f6ed9f5fbda06fdf8faf66ce36e5,31610,,excluded_no_target_link
3115747040,doc_deab1701313fff42,0000947871-17-000425,425,425,prospectus_communication,https://www.sec.gov/Archives/edgar/data/40545/000094787117000425/ss45250_425.htm,retrieved,290a67c21d54bd36cfc6d7be2a08e16b0b4d1ebec12ba853591a4973ba0edb6e,10354,,excluded_no_target_link
3115747040,doc_e07a0a59b2b636ed,0000947871-17-000424,425,GRAPHIC,prospectus_communication,https://www.sec.gov/Archives/edgar/data/40545/000094787117000424/slide_1.jpg,retrieved,0294abe4d97c91f35b09dd79ff2486fa80d61ee51708944ce946faabd72a1d2d,168985,,excluded_no_target_link
3115747040,doc_ee1d8e4906bc613b,0000947871-17-000399,425,GRAPHIC,prospectus_communication,https://www.sec.gov/Archives/edgar/data/40545/000094787117000399/slide_1.jpg,retrieved,aee3cac2a5181941a497d41baf1e6b02ffadc326ffa5a73a415dec2b95bc019f,403476,,excluded_no_target_link
3153170020,doc_0091f871839de446,0001193125-18-252459,8-K,8-K,current_report_body,https://www.sec.gov/Archives/edgar/data/1404655/000119312518252459/d552384d8k.htm,retrieved,cd7c3c190de78fab5b21f8cc5be474c8e401de4b784739d354e4602491750984,3285,,excluded_no_target_link
3153170020,doc_0a5c9a0eecbb37b0,0001193125-17-311796,8-K,,current_report_body,https://www.sec.gov/Archives/edgar/data/1404655/000119312517311796/0001193125-17-311796.txt,retrieved,a58cbd55d18001a758da15ac76484c34906b04087eb20052a701f3ceda6ebb3d,24449,,excluded_no_target_link
3153170020,doc_10d773e13a69e9df,0001193125-17-311796,8-K,EX-99.1,press_release_exhibit,https://www.sec.gov/Archives/edgar/data/1404655/000119312517311796/d458533dex991.htm,retrieved,2fce9cee2da9abb9125bc733a846c3b179b00b7f085230726392b9763e1bb27e,4244,,excluded_no_target_link
3153170020,doc_140db2408e9d25a6,0001193125-18-234967,8-K,GRAPHIC,current_report_body,https://www.sec.gov/Archives/edgar/data/1404655/000119312518234967/g598556g0801115446824.jpg,retrieved,83320047bc9d05923ed652b4dff00eb22981c965191feb0bcb9b39434c650c14,3978,,excluded_no_target_link
3153170020,doc_175f1f260f0d13db,0001193125-18-252459,8-K,,current_report_body,https://www.sec.gov/Archives/edgar/data/1404655/000119312518252459/0001193125-18-252459.txt,retrieved,e085cfc509655149e9719771c5be806d2a64915884ecc7a9720b3a3e246ea20e,4262,,excluded_no_target_link
3153170020,doc_19ff1318799fa830,0001193125-17-311796,8-K,8-K,current_report_body,https://www.sec.gov/Archives/edgar/data/1404655/000119312517311796/d458533d8k.htm,retrieved,f0feed88cbfe2b9f55689ead7ef8bbbd3544110a447db5dd66ef4ad8169d78f4,5311,,excluded_no_target_link
3153170020,doc_1c62a0e5c9982bf4,0001193125-17-329431,8-K,,current_report_body,https://www.sec.gov/Archives/edgar/data/1404655/000119312517329431/0001193125-17-329431.txt,retrieved,297dd45d20e97ad83ad91fd10e512e346dfff6d424c4f575ae9bf5ccd112e1e0,50514,,excluded_no_target_link
3153170020,doc_1e71fab3535b5774,0001193125-18-234967,8-K,,current_report_body,https://www.sec.gov/Archives/edgar/data/1404655/000119312518234967/0001193125-18-234967.txt,retrieved,14d216579156b913277b3a5b9430d5372b5ccbb40eb5162c90b68a82c14aeb1c,50017,,excluded_no_target_link
3153170020,doc_21e9c72b82892d8e,0001193125-17-329431,8-K,GRAPHIC,current_report_body,https://www.sec.gov/Archives/edgar/data/1404655/000119312517329431/g487318g1101074654362.jpg,retrieved,25b5458641d6efe823f8b4a5b31bf86a307943c4df4ca399fa6929a12ad6635b,3853,,excluded_no_target_link
3153170020,doc_30d67ab59842b53a,0001564590-18-009308,DEF 14A,GRAPHIC,proxy_statement,https://www.sec.gov/Archives/edgar/data/1404655/000156459018009308/g2018042315514408420452.jpg,retrieved,92c0ee23e0e909f321fdd811d38c55d91ca73b859646019af0c04df424edc4ac,2867,,excluded_no_target_link
3153170020,doc_4d876bd5a5133f50,0001193125-18-042559,8-K,8-K,current_report_body,https://www.sec.gov/Archives/edgar/data/1404655/000119312518042559/d539555d8k.htm,retrieved,2d0bdaf0612cdb65dcc50d14d3e01804459a9ba70935671bcd90009dbec9d814,4242,,excluded_no_target_link
3153170020,doc_4db48a85b2bf68a5,0001193125-18-159233,8-K,EX-99.1,press_release_exhibit,https://www.sec.gov/Archives/edgar/data/1404655/000119312518159233/d582733dex991.htm,retrieved,6e86c814cb6858a6509bf6edd64e6628e8ac0a685d334f02cdd4887b2db6fff0,31423,,excluded_no_target_link
3153170020,doc_4dd9a6d8548d3687,0001564590-18-009308,DEF 14A,DEF 14A,proxy_statement,https://www.sec.gov/Archives/edgar/data/1404655/000156459018009308/hubs-def14a_20180606.htm,retrieved,7134fa252e449a18a45129c4beed749bd759799e5a2da7cf15f863c427733cdf,182981,,excluded_no_target_link
3153170020,doc_58c4a009f1240331,0001193125-18-234967,8-K,8-K,current_report_body,https://www.sec.gov/Archives/edgar/data/1404655/000119312518234967/d598556d8k.htm,retrieved,cff7e00161a5ab4f6b436b4ce735bc4a776278aad7e866ed23e48d36f39c196f,3846,,excluded_no_target_link
3153170020,doc_58c91a8973cab3e5,0001564590-18-009049,8-K,,current_report_body,https://www.sec.gov/Archives/edgar/data/1404655/000156459018009049/0001564590-18-009049.txt,retrieved,296adccfdd7ef920b5bf2f7eb7611b9874bd938e33ee3404e3b53dd389339be6,88227,,excluded_no_target_link
3153170020,doc_5b44d940b4048878,0001564590-18-009049,8-K,8-K,current_report_body,https://www.sec.gov/Archives/edgar/data/1404655/000156459018009049/hubs-8k_20180423.htm,retrieved,dd0c8d446e082ce8b5fef611615496616977baad79f1908aabd89c5e7060b218,7997,,excluded_no_target_link
3153170020,doc_60d1cd87d4995783,0001564590-18-009308,DEF 14A,,proxy_statement,https://www.sec.gov/Archives/edgar/data/1404655/000156459018009308/0001564590-18-009308.txt,retrieved,07af5533efcc29ef42a339a77ddf43a287fbe9e7a793b973d24ae2f3d04b6552,441969,,excluded_no_target_link
3153170020,doc_69bcb4f965a0aa18,0001193125-17-294946,8-K,8-K,current_report_body,https://www.sec.gov/Archives/edgar/data/1404655/000119312517294946/d396400d8k.htm,retrieved,e0888106c67e8b2ce5678c9896227a899819c44b3ff5d71c1157db27b0f51117,3514,,excluded_no_target_link
3153170020,doc_6c462fe67259235d,0001193125-17-294946,8-K,GRAPHIC,current_report_body,https://www.sec.gov/Archives/edgar/data/1404655/000119312517294946/g396400g0926203222407.jpg,retrieved,25b5458641d6efe823f8b4a5b31bf86a307943c4df4ca399fa6929a12ad6635b,3853,,excluded_no_target_link
3153170020,doc_739bbb6c3804cbb3,0001193125-18-191656,8-K,8-K,current_report_body,https://www.sec.gov/Archives/edgar/data/1404655/000119312518191656/d728936d8k.htm,retrieved,52c1c5326d10caf32ec9b3abd04bb5a10cea7f07f53419a345384022776a8ddb,6756,,excluded_no_target_link
3153170020,doc_87606522c149b37f,0001564590-18-009049,8-K,EX-99.1,press_release_exhibit,https://www.sec.gov/Archives/edgar/data/1404655/000156459018009049/hubs-ex991_31.htm,retrieved,1df338458999424de75f49579fe910b52482b87723b48a50daa925863b958b36,3702,,excluded_no_target_link
3153170020,doc_89bd8051d4084f1b,0001193125-17-294946,8-K,EX-99.1,press_release_exhibit,https://www.sec.gov/Archives/edgar/data/1404655/000119312517294946/d396400dex991.htm,retrieved,0c218c70e409a3b57a36ff725622dcfd97b65d5272dc6a54e6b639143740fc4d,10134,,excluded_no_target_link
3153170020,doc_975f44595dec3e54,0001193125-17-311796,8-K,GRAPHIC,current_report_body,https://www.sec.gov/Archives/edgar/data/1404655/000119312517311796/g458533g67i04.jpg,retrieved,e0b136a86dd3cd813c2260248b98a6cf3cd968db19450938aa895c49ee9e77bc,13424,,excluded_no_target_link
3153170020,doc_9c6fac986c300d9c,0001564590-18-009308,DEF 14A,GRAPHIC,proxy_statement,https://www.sec.gov/Archives/edgar/data/1404655/000156459018009308/g2018042315514409120453.jpg,retrieved,5dd18a0f267eb57b78cdee92bbb6c4f54cc19e0ca4a49c0612dbc7d38636b72c,2661,,excluded_no_target_link
3153170020,doc_9cd8e1c7b88de2c6,0001564590-18-009308,DEF 14A,GRAPHIC,proxy_statement,https://www.sec.gov/Archives/edgar/data/1404655/000156459018009308/g2018042315514412220454.jpg,retrieved,92c0ee23e0e909f321fdd811d38c55d91ca73b859646019af0c04df424edc4ac,2867,,excluded_no_target_link
3153170020,doc_a7ff879676943de9,0001193125-18-042559,8-K,EX-99.1,press_release_exhibit,https://www.sec.gov/Archives/edgar/data/1404655/000119312518042559/d539555dex991.htm,retrieved,7e2d778839cf698ec5d9bc65a4745f78eec6fd45c5a926c86bed4af92e3a5099,45475,,excluded_no_target_link
3153170020,doc_aa254d4d968001d6,0001193125-18-186799,8-K,8-K,current_report_body,https://www.sec.gov/Archives/edgar/data/1404655/000119312518186799/d575308d8k.htm,retrieved,5579dca7b02616640943689869c7572f156152e4dfe9c18ba713b938233bff60,4767,,excluded_no_target_link
3153170020,doc_ad4eed04aac78c81,0001193125-18-186799,8-K,,current_report_body,https://www.sec.gov/Archives/edgar/data/1404655/000119312518186799/0001193125-18-186799.txt,retrieved,7a608ed44c17037e32d66798c5da589e6309c4502f040099f96141ff3d7521a2,5770,,excluded_no_target_link
3153170020,doc_ad55c2091387752b,0001193125-17-294946,8-K,,current_report_body,https://www.sec.gov/Archives/edgar/data/1404655/000119312517294946/0001193125-17-294946.txt,retrieved,2be7028e891909c785088076e59f7ebb7cee5673d48dcd774782b299a764072e,19271,,excluded_no_target_link
3153170020,doc_aef4046fe0decf40,0001193125-18-042559,8-K,,current_report_body,https://www.sec.gov/Archives/edgar/data/1404655/000119312518042559/0001193125-18-042559.txt,retrieved,0a2c10611685f30a5dfdf52ea02e810ac094124a8822bbaf50a1f241a6e102f0,55525,,excluded_no_target_link
3153170020,doc_c10a4b16972383bf,0001193125-18-191656,8-K,EX-99.1,press_release_exhibit,https://www.sec.gov/Archives/edgar/data/1404655/000119312518191656/d728936dex991.htm,retrieved,80ee52c11b0ac04635eccd37522e283c18fc3463595ce85f120debd52b6cae39,2843,,excluded_no_target_link
3153170020,doc_c15dcf491c0539db,0001193125-17-329431,8-K,8-K,current_report_body,https://www.sec.gov/Archives/edgar/data/1404655/000119312517329431/d487318d8k.htm,retrieved,f4eda99565c219e4ab0120b508a3c733493564ae0471e4de0dd32199b48e0d24,3809,,excluded_no_target_link
3153170020,doc_c796ffbbec3adbc5,0001193125-18-159233,8-K,GRAPHIC,current_report_body,https://www.sec.gov/Archives/edgar/data/1404655/000119312518159233/g582733g01s48.jpg,retrieved,a3e69594777f44765c8dc005424d8d65d70cd321cea1f3fb2681296ffcea9b33,4957,,excluded_no_target_link
3153170020,doc_ce0f8a325e0adf44,0001193125-18-159233,8-K,,current_report_body,https://www.sec.gov/Archives/edgar/data/1404655/000119312518159233/0001193125-18-159233.txt,retrieved,401026f0adf34f36da70c6da1a44bdd6b9a9ff3405b3fa46ed13ed70c88a844f,41060,,excluded_no_target_link
3153170020,doc_d3c2e65e97f316d3,0001193125-18-042559,8-K,GRAPHIC,current_report_body,https://www.sec.gov/Archives/edgar/data/1404655/000119312518042559/g539555g0213020632352.jpg,retrieved,25b5458641d6efe823f8b4a5b31bf86a307943c4df4ca399fa6929a12ad6635b,3853,,excluded_no_target_link
3153170020,doc_e72d67d95b93f9e7,0001564590-18-009049,8-K,EX-3.1,current_report_body,https://www.sec.gov/Archives/edgar/data/1404655/000156459018009049/hubs-ex31_30.htm,retrieved,020af0460bc1a0c71637c3a13a0fe5dc2d4f0d747e2677ed379be9f39705af96,75240,,excluded_no_target_link
3153170020,doc_e82e895fc615260e,0001193125-18-159233,8-K,8-K,current_report_body,https://www.sec.gov/Archives/edgar/data/1404655/000119312518159233/d582733d8k.htm,retrieved,5d2b2ea7484024a8e661081a1d4726eb41b385abbc05fa64f19c03d482cb7d6a,3811,,excluded_no_target_link
3153170020,doc_ed31a9e4867617b1,0001193125-17-329431,8-K,EX-99.1,press_release_exhibit,https://www.sec.gov/Archives/edgar/data/1404655/000119312517329431/d487318dex991.htm,retrieved,7e9ff06750d1bd4d1e3ea2f57a057de0cf83992e35d5b20134bafda6b018de1f,41061,,excluded_no_target_link
3153170020,doc_f0a72432a5c96dd7,0001193125-18-234967,8-K,EX-99.1,press_release_exhibit,https://www.sec.gov/Archives/edgar/data/1404655/000119312518234967/d598556dex991.htm,retrieved,64f48a02fc6ab028dda0aa2f4628de4e92ed8236f3d655b9ba0d22c0e9ee20e8,40909,,excluded_no_target_link
3153170020,doc_f2d377722f57193c,0001193125-18-191656,8-K,,current_report_body,https://www.sec.gov/Archives/edgar/data/1404655/000119312518191656/0001193125-18-191656.txt,retrieved,69c5486bc361141a0170670050a0965af527519baa33febcaf2a2a9699a9f373,10794,,excluded_no_target_link
3153170020,doc_f97b05599a9415ab,0001564590-18-009308,DEF 14A,GRAPHIC,proxy_statement,https://www.sec.gov/Archives/edgar/data/1404655/000156459018009308/g2018042315514433620455.jpg,retrieved,1032a3bba225926f8a647d15ab6093b25f09c4654f15be307a9aecf22ff1710b,2432,,excluded_no_target_link
3153170020,supp_6bb6449c48074311,,OFFICIAL-SOURCE,official_company_announcement,official_announcement,https://www.hubspot.com/company-news/hubspot-acquires-motion-ai-one-of-the-top-visual-chatbot-builders,retrieved,62f19e7caee8b4427ca664d67a15b858691726486f025ae2f759bd79a7d02083,10556,,target_linked
3201487020,supp_afd5f3e53a041df6,,OFFICIAL-SOURCE,official_company_announcement,official_announcement,https://www.smartsheet.com/content-center/news/smartsheet-announces-converseai-natural-language-automation-acquisition,retrieved,9d78cf28c25e36372728b14a7788c640c90854954a2ad89e1a05eab6152fc460,11443,,target_linked
3206456020,doc_019c94211992b056,0001171843-18-007239,8-K,,current_report_body,https://www.sec.gov/Archives/edgar/data/1123494/000117184318007239/0001171843-18-007239.txt,retrieved,64700d8216a913c45f254d260c18980c7e5ca19ac2cb5b3d4c6f4d5efe90467e,32480,,excluded_no_target_link
3206456020,doc_091fd658c8bef8bb,0001171843-18-007103,8-K,,current_report_body,https://www.sec.gov/Archives/edgar/data/1123494/000117184318007103/0001171843-18-007103.txt,retrieved,7ef98331955ebf6336e46ae54ec21257ba5b6fa34e3a53ee0dc5e6c7cf490bd8,91636,,excluded_no_target_link
3206456020,doc_0c24d81319b03e68,0001171843-18-003333,8-K,8-K,current_report_body,https://www.sec.gov/Archives/edgar/data/1123494/000117184318003333/f8k_050218.htm,retrieved,baa907adf49ebdc0312757c1211552af78e2f2f8decdb2800a8e948597a772c6,3365,,excluded_no_target_link
3206456020,doc_0ef6da1c51d65f6d,0001171843-18-002790,8-K/A,EX-99.1,press_release_exhibit,https://www.sec.gov/Archives/edgar/data/1123494/000117184318002790/exh_991.htm,retrieved,07fae924c25a2bfeea4bc89976a58db8ba096a58f558854122b06de2d47b4309,87089,,excluded_no_target_link
3206456020,doc_18b3830ecf9dab1d,0001171843-18-002790,8-K/A,EX-99.2,press_release_exhibit,https://www.sec.gov/Archives/edgar/data/1123494/000117184318002790/exh_992.htm,retrieved,ec007b1f7de7808c3a54b292375f1728c1163563f69373abb9a050452a725610,26162,,excluded_no_target_link
3206456020,doc_1e1de1f053e7683b,0001171843-18-000685,8-K,EX-99.2,press_release_exhibit,https://www.sec.gov/Archives/edgar/data/1123494/000117184318000685/exh_992.htm,retrieved,fdaca3edc67456fb81a39b8b18181ec820ebb9cb0437a24747faa0d2231e79b3,18119,,excluded_no_target_link
3206456020,doc_1e21a61be5324cdf,0001171843-18-002567,DEF 14A,,proxy_statement,https://www.sec.gov/Archives/edgar/data/1123494/000117184318002567/0001171843-18-002567.txt,retrieved,46f2c1dcf5c68f856d665ebdde60ae9a384cce56749bd2b6e9774475e1e73efe,678510,,excluded_no_target_link
3206456020,doc_1e7a7a2a4dd3929b,0001171843-18-002567,DEF 14A,GRAPHIC,proxy_statement,https://www.sec.gov/Archives/edgar/data/1123494/000117184318002567/pcard1.jpg,retrieved,7bc9f0267d6cc8042a7a049fada376e28198925a598633eede847902a50d0f48,116089,,excluded_no_target_link
3206456020,doc_25e19c100a94ecfe,0001171843-18-007239,8-K,8-K,current_report_body,https://www.sec.gov/Archives/edgar/data/1123494/000117184318007239/f8k_102518.htm,retrieved,4eeac4ffaf7140b900b2d2de9f87a741d00891821c4cb0e5805f2c5b5928973e,3421,,excluded_no_target_link
3206456020,doc_26f98a9929e9e2a7,0001171843-18-002790,8-K/A,8-K/A,current_report_body,https://www.sec.gov/Archives/edgar/data/1123494/000117184318002790/f8ka_041718.htm,retrieved,e757f574a2059f9b872934d2c74bb7f955b1fa4938d7677bb4282554215223c3,6245,,excluded_no_target_link
3206456020,doc_2b42917c8d0575ef,0001171843-18-000847,8-K,EX-10.1,employment_or_plan,https://www.sec.gov/Archives/edgar/data/1123494/000117184318000847/exh_101.htm,retrieved,5d3995feb1c6819143221d4a3d8fe5a46fd005cf07305e782ae30afa8e6a324d,644312,,excluded_no_target_link
3206456020,doc_2d1f789bf3e457ec,0001171843-18-001600,8-K,,current_report_body,https://www.sec.gov/Archives/edgar/data/1123494/000117184318001600/0001171843-18-001600.txt,retrieved,fc840f0e4b8741afb7000fa94a8a7042742b14577a437aea93652c7e52aab0ba,31301,,excluded_no_target_link
3206456020,doc_362ed52c740880dd,0001171843-18-000685,8-K,EX-2.1,merger_agreement,https://www.sec.gov/Archives/edgar/data/1123494/000117184318000685/exh_21.htm,retrieved,ed4994837c4ce9795fa2fc706325726430fd11b34e3a1ab6725ec55386cb2e9d,311218,,excluded_no_target_link
3206456020,doc_3b962f3f2e5230ef,0001171843-18-000685,8-K,EX-2.2,merger_agreement,https://www.sec.gov/Archives/edgar/data/1123494/000117184318000685/exh_22.htm,retrieved,c6fd20f46c231d9e30898d0f18fda2f817003de6602b118dee570b4cc76bb47f,239406,,excluded_no_target_link
3206456020,doc_3edb8706f673d571,0001171843-18-001653,8-K,8-K,current_report_body,https://www.sec.gov/Archives/edgar/data/1123494/000117184318001653/f8k_030218.htm,retrieved,29c2a29f3ef326ba7127e2de9258f2d6012cdf8578687e7c12cf6c669afc880e,4537,,excluded_no_target_link
3206456020,doc_41de64ed7e75c485,0001171843-18-002567,DEF 14A,GRAPHIC,proxy_statement,https://www.sec.gov/Archives/edgar/data/1123494/000117184318002567/duchemin.jpg,retrieved,a6bfccbac61ef100eb2304047b406fac9bec8313e3a52097f819caf38f66de35,3458,,excluded_no_target_link
3206456020,doc_43b608fd3047bec5,0001171843-18-007103,8-K,8-K,current_report_body,https://www.sec.gov/Archives/edgar/data/1123494/000117184318007103/f8k_102218.htm,retrieved,5f05e4728897c5b34d5e4413b0b5b0fb35d2dea17d6605a436cab3704df3a7c9,8759,,excluded_no_target_link
3206456020,doc_46f7989eb9ecd976,0001171843-18-002790,8-K/A,EX-23.1,merger_agreement,https://www.sec.gov/Archives/edgar/data/1123494/000117184318002790/exh_231.htm,retrieved,c6c94c13734fa149477adab32d6059b8a710e9e5e9b02b96535836d73876e113,813,,excluded_no_target_link
3206456020,doc_50fd86020b0c80d6,0001171843-18-006211,8-K,EX-99.1,press_release_exhibit,https://www.sec.gov/Archives/edgar/data/1123494/000117184318006211/exh_991.htm,retrieved,e2614a29344de48ef39d2fc3b6f60258617daa6f1b872a0ea1785039045843e8,2061,,excluded_no_target_link
3206456020,doc_54cd43ea2f2f2138,0001171843-18-000685,8-K,EX-99.1,press_release_exhibit,https://www.sec.gov/Archives/edgar/data/1123494/000117184318000685/exh_991.htm,retrieved,0519d97eea7dd1538fcf38722585bb398342495df77c599b3403660a97b3938e,16227,,excluded_no_target_link
3206456020,doc_5e6a930f05bfe0c1,0001171843-18-003333,8-K,EX-99.1,press_release_exhibit,https://www.sec.gov/Archives/edgar/data/1123494/000117184318003333/exh_991.htm,retrieved,688b55515e37ebb8ed715deb45495d07379bb8f7f19ba4e9ee2d89c0bc0c28ae,23870,,excluded_no_target_link
3206456020,doc_63a154e510af3285,0001171843-18-002567,DEF 14A,GRAPHIC,proxy_statement,https://www.sec.gov/Archives/edgar/data/1123494/000117184318002567/logo.jpg,retrieved,c2015e8ea4bf1a008fc34bd210e4f1dce0fbae1a62de87b1aa01a2ee35362d97,8683,,excluded_no_target_link
3206456020,doc_6aeb614dbe322f0b,0001171843-18-005440,8-K,EX-99.1,press_release_exhibit,https://www.sec.gov/Archives/edgar/data/1123494/000117184318005440/exh_991.htm,retrieved,e19eb92bb182d64df5a6eb004a8d16e3d52f8198d9f78e84b7b50f311a11e366,26653,,excluded_no_target_link
3206456020,doc_6cd9f33f45006031,0001171843-18-000847,8-K,,current_report_body,https://www.sec.gov/Archives/edgar/data/1123494/000117184318000847/0001171843-18-000847.txt,retrieved,25eedc526041879c04fa68f794b943c75916974588d0bff348b15c4118e2a409,658537,,excluded_no_target_link
3206456020,doc_6f9e166164643033,0001171843-18-001600,8-K,8-K,current_report_body,https://www.sec.gov/Archives/edgar/data/1123494/000117184318001600/f8k_030118.htm,retrieved,0770b98547281e078350b21a03583d62e27b1b71c98c50b55f8ae547867d3fe5,3387,,excluded_no_target_link
3206456020,doc_72eef54d51caf47e,0001171843-18-007239,8-K,EX-99.1,press_release_exhibit,https://www.sec.gov/Archives/edgar/data/1123494/000117184318007239/exh_991.htm,retrieved,5355902e034f8d71bd28bd811c9406ed92add64cac582a1be76cbe9fdc076a39,28034,,excluded_no_target_link
3206456020,doc_8b60a103bb7158d2,0001171843-18-003333,8-K,,current_report_body,https://www.sec.gov/Archives/edgar/data/1123494/000117184318003333/0001171843-18-003333.txt,retrieved,93fc17b5ca406746bf7dff337aeca643d792e53e4c925c20e07b4da42bb305e0,28259,,excluded_no_target_link
3206456020,doc_9913a8efe17f5f3b,0001171843-18-007103,8-K,EX-10.1,employment_or_plan,https://www.sec.gov/Archives/edgar/data/1123494/000117184318007103/exh_101.htm,retrieved,487df014bf3cc34ff40b99bc478ae38dd3c86784b1b3655adbf9d35a0c0af99e,78304,,excluded_no_target_link
3206456020,doc_a0685227e57aaf8d,0001171843-18-000847,8-K,8-K,current_report_body,https://www.sec.gov/Archives/edgar/data/1123494/000117184318000847/f8k_020218.htm,retrieved,4cc80d042a0cd336dbc27a84742112f242063d7ab09ba634ac3e59c1d244e1e6,11075,,excluded_no_target_link
3206456020,doc_a1e19cfe366bfcb0,0001171843-18-004081,8-K,,current_report_body,https://www.sec.gov/Archives/edgar/data/1123494/000117184318004081/0001171843-18-004081.txt,retrieved,f0ca12b3f83039934aa1675240ddb9ed968558b5984ad8a29baee98badca7537,6769,,excluded_no_target_link
3206456020,doc_a790b6b7201d0889,0001171843-18-002567,DEF 14A,DEF 14A,proxy_statement,https://www.sec.gov/Archives/edgar/data/1123494/000117184318002567/def14a_040618.htm,retrieved,3016552342adc8922bdef85a62228641818f022697ebf97b3d762c767fdf6499,262445,,excluded_no_target_link
3206456020,doc_a874dd4f256c2eb5,0001171843-18-000685,8-K,,current_report_body,https://www.sec.gov/Archives/edgar/data/1123494/000117184318000685/0001171843-18-000685.txt,retrieved,09fed75aa4eba50e785aae26aa35bda6a6b8df57fef6f329f25ee336f03744a4,597447,,excluded_no_target_link
3206456020,doc_b815da41bc7805b8,0001171843-18-002567,DEF 14A,GRAPHIC,proxy_statement,https://www.sec.gov/Archives/edgar/data/1123494/000117184318002567/pcard2.jpg,retrieved,0373d46fbdf7383afb0e7014e3e1e1e79b1773f0fb41f845e78893371c95728d,105183,,excluded_no_target_link
3206456020,doc_be852b5a891495fd,0001171843-18-006211,8-K,,current_report_body,https://www.sec.gov/Archives/edgar/data/1123494/000117184318006211/0001171843-18-006211.txt,retrieved,9166f95fbafb06e55214b6cf5d7accf2d131acf06d054c250e8f1eab345e9178,6463,,excluded_no_target_link
3206456020,doc_c03f7c967e4b81d6,0001171843-18-000685,8-K,8-K,current_report_body,https://www.sec.gov/Archives/edgar/data/1123494/000117184318000685/f8k_012518.htm,retrieved,66fe32c41e8cfa797e12b1c7c68efbec83e16d14c6db3e966b84d229f85db611,11273,,excluded_no_target_link
3206456020,doc_ce283ad402cb96b6,0001171843-18-001600,8-K,EX-99.1,press_release_exhibit,https://www.sec.gov/Archives/edgar/data/1123494/000117184318001600/exh_991.htm,retrieved,0bd9d666253392be0c769bcb3fec630566b12ff17bfc87b41bad0e0e8b793d99,26890,,excluded_no_target_link
3206456020,doc_d0646c151a3e1069,0001171843-18-001653,8-K,EX-4.1,current_report_body,https://www.sec.gov/Archives/edgar/data/1123494/000117184318001653/exh_41.htm,retrieved,bbcd6d6e79cec151e48d1c81d73f5fbd1975b31a54e19ec23028eaa7e591a6c2,2110,,excluded_no_target_link
3206456020,doc_d1f36521e44186b2,0001171843-18-007103,8-K,EX-99.1,press_release_exhibit,https://www.sec.gov/Archives/edgar/data/1123494/000117184318007103/exh_991.htm,retrieved,995de53ce6d8a0b77e59d458804f0075ecf623b268839dfff81cc6441eb7fe86,3447,,excluded_no_target_link
3206456020,doc_d7a46ecee138bc78,0001171843-18-006211,8-K,8-K,current_report_body,https://www.sec.gov/Archives/edgar/data/1123494/000117184318006211/f8k_082118.htm,retrieved,9cbf01110f699d49854220fee1c2c58b022286313596c57c80f2ac49a4d6e5b4,3277,,excluded_no_target_link
3206456020,doc_e01473931b1a6b33,0001171843-18-002790,8-K/A,,current_report_body,https://www.sec.gov/Archives/edgar/data/1123494/000117184318002790/0001171843-18-002790.txt,retrieved,dda8a31501ea48ba8e28712aa8911477020850724d33ef78fa7c34a6cfacada5,121274,,excluded_no_target_link
3206456020,doc_e26c1789c9856b0e,0001171843-18-001653,8-K,,current_report_body,https://www.sec.gov/Archives/edgar/data/1123494/000117184318001653/0001171843-18-001653.txt,retrieved,8f6c312d0a9053f1e3c9193b85b43c115822a2b5b908d8b43e8a801a2e5209cf,7698,,excluded_no_target_link
3206456020,doc_e359c0986f943977,0001171843-18-004081,8-K,8-K,current_report_body,https://www.sec.gov/Archives/edgar/data/1123494/000117184318004081/f8k_051818.htm,retrieved,735166082096f5d6c932244fc02b76a83d77925c9e51e6e940ef8aa6fc5a18bb,5793,,excluded_no_target_link
3206456020,doc_e4c3f856f52ab316,0001171843-18-005440,8-K,8-K,current_report_body,https://www.sec.gov/Archives/edgar/data/1123494/000117184318005440/f8k_072618.htm,retrieved,4dd8d40bbdd74b985b934b1ab7beac5d2b7d318219c5e1671f92d2b23d962b65,3390,,excluded_no_target_link
3206456020,doc_ead7c47dfe989ae2,0001171843-18-000847,8-K,EX-99.1,press_release_exhibit,https://www.sec.gov/Archives/edgar/data/1123494/000117184318000847/exh_991.htm,retrieved,d1b3965d348ad582f81d937ddf82ea9d75f174502c14d6a0e7d637e4c342b7ec,1881,,excluded_no_target_link
3206456020,doc_ef0b8b3bf48c50ef,0001171843-18-005440,8-K,,current_report_body,https://www.sec.gov/Archives/edgar/data/1123494/000117184318005440/0001171843-18-005440.txt,retrieved,c79301319df8e89cb36526e65e190c741426b2796c39c04d894cbed7b980ba3b,31067,,excluded_no_target_link
3233708040,doc_11293791a6b54ef8,0001193125-18-322531,8-K,EX-2.1,merger_agreement,https://www.sec.gov/Archives/edgar/data/943819/000119312518322531/d650415dex21.htm,retrieved,a8eebbe57a956a0a3721d73a32c717f1e21d29a96e7468f6a3a6380cf68320fe,395701,,excluded_no_target_link
3233708040,doc_15752b3fca8d8c94,0000943819-19-000006,8-K/A,EX-99.1,press_release_exhibit,https://www.sec.gov/Archives/edgar/data/943819/000094381919000006/rmd-20181113xex99_1.htm,retrieved,7da9cba3c32fd30da62fbe36a7c21525e89a8f06c9d8334381624e3d1e208468,86925,,excluded_no_target_link
3233708040,doc_15cfdaea7a97c596,0000943819-19-000006,8-K/A,,current_report_body,https://www.sec.gov/Archives/edgar/data/943819/000094381919000006/0000943819-19-000006.txt,retrieved,559babe122abfd1d1ea8ea6975e4d7f0b98778c5c6255fe0cf4dc2356c621e36,196761,,excluded_no_target_link
3233708040,doc_1991954badfa6fcd,0001193125-18-236545,8-K,8-K,current_report_body,https://www.sec.gov/Archives/edgar/data/943819/000119312518236545/d595111d8k.htm,retrieved,89198de3c233ec8a9c23112d45d6a434211620600a498521f151032bd2fa3a2e,3906,,excluded_no_target_link
3233708040,doc_1a9f8b9757a11fe6,0001193125-18-134748,8-K,EX-99.1,press_release_exhibit,https://www.sec.gov/Archives/edgar/data/943819/000119312518134748/d574308dex991.htm,retrieved,b038767c7ec40fb3fd28f2990bd8264afb43b2a7461742f40ef74f41f5267cc2,26584,,target_linked
3233708040,doc_2575bf9a21d9b73b,0001193125-19-015912,8-K,GRAPHIC,current_report_body,https://www.sec.gov/Archives/edgar/data/943819/000119312519015912/g694579g88q66.jpg,retrieved,d85e3931a329b5577806a82856caefb0e95b45d671c2f762f1d23ec8a39cd93e,2640,,excluded_no_target_link
3233708040,doc_27fb9a38a3ec9070,0001193125-18-322531,8-K,8-K,current_report_body,https://www.sec.gov/Archives/edgar/data/943819/000119312518322531/d650415d8k.htm,retrieved,690741389e7b10c926b9c4b7fb166f5d9735c8812dbb398dbb2a99f37215193e,10348,,excluded_no_target_link
3233708040,doc_336f4be9982c75f5,0001193125-18-307717,8-K,EX-99.1,press_release_exhibit,https://www.sec.gov/Archives/edgar/data/943819/000119312518307717/d632178dex991.htm,retrieved,7b28d8534cab253f65753ddf67e8b8137e5171fa4891a19589286e2b4060cc56,25286,,target_linked
3233708040,doc_37c5af74d921376a,0001193125-18-291742,DEF 14A,DEF 14A,proxy_statement,https://www.sec.gov/Archives/edgar/data/943819/000119312518291742/d612931ddef14a.htm,retrieved,bde8a485a28934610e34d446a94dd859efab1ad86fb66e2d3941ab2b8ee84f2d,404745,,target_linked
3233708040,doc_385a3166ac39c846,0000943819-19-000006,8-K/A,GRAPHIC,current_report_body,https://www.sec.gov/Archives/edgar/data/943819/000094381919000006/rmd-20181113xex99_1g001.jpg,retrieved,db9b2c111d682ab52bba07706cb2c110b051d356fa8896afd573a8c3f6c2303b,9192,,excluded_no_target_link
3233708040,doc_3ac6a296180a4cd0,0001193125-19-015912,8-K,8-K,current_report_body,https://www.sec.gov/Archives/edgar/data/943819/000119312519015912/d694579d8k.htm,retrieved,4b8f9a84f8d12d919005a8a7d42c6db526b67ec4eae49134153504778de73381,3868,,excluded_no_target_link
3233708040,doc_42a8ec7a88f8efdc,0001193125-18-134748,8-K,8-K,current_report_body,https://www.sec.gov/Archives/edgar/data/943819/000119312518134748/d574308d8k.htm,retrieved,fe0be6117ec1a9674ec96f12109963ab6c4b71cfcf2ab45e7fe503db97022cb4,3878,,excluded_no_target_link
3233708040,doc_4399ad19d97f46c2,0001193125-18-317884,8-K,,current_report_body,https://www.sec.gov/Archives/edgar/data/943819/000119312518317884/0001193125-18-317884.txt,retrieved,79d497740c2569d445a753736d722010ceae98a93cf28f239b6d47856a37f954,20434,,target_linked
3233708040,doc_43b13b7be220cec3,0001193125-18-122818,8-K,EX-10.3,employment_or_plan,https://www.sec.gov/Archives/edgar/data/943819/000119312518122818/d572927dex103.htm,retrieved,a389f6e33785642bc7cb864024f09d3e1e682eb7c2435775504887afd4613c61,336818,,excluded_no_target_link
3233708040,doc_50f04b1ec4a7ff48,0001193125-18-326321,8-K,EX-99.1,press_release_exhibit,https://www.sec.gov/Archives/edgar/data/943819/000119312518326321/d652852dex991.htm,retrieved,2596b639b0fa9cbf322fdcc88cb6f250c9acdeeee41b4e1463f015ee8585d1ac,5263,,target_linked
3233708040,doc_56602b01fadbea5e,0001193125-18-236545,8-K,EX-99.1,press_release_exhibit,https://www.sec.gov/Archives/edgar/data/943819/000119312518236545/d595111dex991.htm,retrieved,e25818332370a3a6728311cc79117b194aa6d87d7adf3dc5bdba8c39d52826e0,26872,,target_linked
3233708040,doc_5aadf89f3fe8d54c,0000943819-19-000006,8-K/A,8-K/A,current_report_body,https://www.sec.gov/Archives/edgar/data/943819/000094381919000006/rmd-20181113x8ka.htm,retrieved,1a7cf3dfc5c91a5cda94ef1370426e150708deab55e4c1329307cacd6d75dbae,6225,,excluded_no_target_link
3233708040,doc_61a2a68f6d94efef,0001193125-18-317884,8-K,8-K,current_report_body,https://www.sec.gov/Archives/edgar/data/943819/000119312518317884/d647737d8k.htm,retrieved,0d4603e63145941d0aff720fc52bd020d9e2cdcbcc685da2a836a8498348444a,4458,,excluded_no_target_link
3233708040,doc_64046004ddae342b,0001193125-18-291742,DEF 14A,GRAPHIC,proxy_statement,https://www.sec.gov/Archives/edgar/data/943819/000119312518291742/g612931g0927105824058.jpg,retrieved,108215bf27a41597238a18e9bb9f6344eec11bd3dcab112cb6e05b4f7a9d823d,3940,,excluded_no_target_link
3233708040,doc_671c64424ade211b,0001193125-18-328956,8-K,8-K,current_report_body,https://www.sec.gov/Archives/edgar/data/943819/000119312518328956/d656501d8k.htm,retrieved,e943d948825a9a7c080f8f95375da4b25ac6955c89ef39f0caa7a2ad0f8c8d2f,6178,,excluded_no_target_link
3233708040,doc_6bd9d17044b6fa58,0001193125-18-307717,8-K,,current_report_body,https://www.sec.gov/Archives/edgar/data/943819/000119312518307717/0001193125-18-307717.txt,retrieved,2a88eef9822cc93e4f2ed2dc5714e77e9083b0e36062cbc0bb3eb7553c0041bd,33049,,target_linked
3233708040,doc_6dfbadd5b4672041,0001193125-18-317884,8-K,GRAPHIC,current_report_body,https://www.sec.gov/Archives/edgar/data/943819/000119312518317884/g647737g1104024720167.jpg,retrieved,e72d334f6bd86b270e45e384dc1dd7f1bf8fc56a26735dbcc9ff25a3615d70d2,5385,,excluded_no_target_link
3233708040,doc_71e8268597ee6b15,0000943819-19-000006,8-K/A,EX-99.2,press_release_exhibit,https://www.sec.gov/Archives/edgar/data/943819/000094381919000006/rmd-20181113xex99_2.htm,retrieved,aa9eb1f04fee8dcb3d114f315d044ec2096e86c2fd18c8428526d09884ab9312,42301,,excluded_no_target_link
3233708040,doc_7362baa3a92ddc08,0001193125-18-326321,8-K,8-K,current_report_body,https://www.sec.gov/Archives/edgar/data/943819/000119312518326321/d652852d8k.htm,retrieved,dd85382e0087e71b159b5b3f93bce09ebf9795861c03e48f11259138923aa15c,6647,,excluded_no_target_link
3233708040,doc_752157e58e24175a,0001193125-18-122818,8-K,,current_report_body,https://www.sec.gov/Archives/edgar/data/943819/000119312518122818/0001193125-18-122818.txt,retrieved,dd5cfb6fe47d502d67500d05d715df191d6542273d9c0e1701112eace757a12a,799983,,excluded_no_target_link
3233708040,doc_7852d112088bb570,0000943819-19-000006,8-K/A,EX-23.1,merger_agreement,https://www.sec.gov/Archives/edgar/data/943819/000094381919000006/rmd-20181113xex23_1.htm,retrieved,7086c90192f9989c41dd70a9f141b359871b8631ff1d8962712f34b50a6fe417,763,,excluded_no_target_link
3233708040,doc_7bfb196ecd633faa,0001193125-18-122818,8-K,8-K,current_report_body,https://www.sec.gov/Archives/edgar/data/943819/000119312518122818/d572927d8k.htm,retrieved,2405c819382dbb00e643a94f8f06b8d3b540d473b200c9d67961d882b7a73586,11064,,excluded_no_target_link
3233708040,doc_8b1b86f4c47634c2,0001193125-18-326321,8-K,,current_report_body,https://www.sec.gov/Archives/edgar/data/943819/000119312518326321/0001193125-18-326321.txt,retrieved,f6d81f7b8587943e3bcd6ad3171d053707663804c69d06f6bec9d9b6ab10cfad,17786,,target_linked
3233708040,doc_8be236f3dc720559,0001193125-18-291742,DEF 14A,GRAPHIC,proxy_statement,https://www.sec.gov/Archives/edgar/data/943819/000119312518291742/g612931g0927105824292.jpg,retrieved,abfdcfee3559a68f1cb56143a64fecd01ff1fec484bef211492bc320212b639e,2586,,excluded_no_target_link
3233708040,doc_93f5e49df07b9609,0001193125-19-015912,8-K,,current_report_body,https://www.sec.gov/Archives/edgar/data/943819/000119312519015912/0001193125-19-015912.txt,retrieved,d4f4b2777c9ecd31b699604da0d7a235cdabac83b58d682437b5d9aabf5d649d,41856,,target_linked
3233708040,doc_98ad2a1b79e518f5,0000943819-19-000008,8-K/A,8-K/A,current_report_body,https://www.sec.gov/Archives/edgar/data/943819/000094381919000008/rmd-20181113x8ka.htm,retrieved,4a3b9f75293bdd0c53019a87c8028f417cd13fac4c3d2acc816c6b45dd84361f,5551,,excluded_no_target_link
3233708040,doc_998a062c0ea9560e,0001193125-19-015912,8-K,EX-99.1,press_release_exhibit,https://www.sec.gov/Archives/edgar/data/943819/000119312519015912/d694579dex991.htm,retrieved,bc0dc6d4231ca2d25794b9d96d9e4ccf8917a5f44c7fb2dc72b3119b808e93a9,34384,,target_linked
3233708040,doc_a388e5678c89deb1,0001193125-18-291742,DEF 14A,GRAPHIC,proxy_statement,https://www.sec.gov/Archives/edgar/data/943819/000119312518291742/g612931g0927105824636.jpg,retrieved,90bc8a33e3ee401edcb30b1ff0752fb4b040828867ce23295f3675276e139488,3611,,excluded_no_target_link
3233708040,doc_a5402bbd70dd1426,0001193125-18-134748,8-K,,current_report_body,https://www.sec.gov/Archives/edgar/data/943819/000119312518134748/0001193125-18-134748.txt,retrieved,baeda7ffdcc3f814841530142e46b3c2fb127eb56bc689e298c80949122f9273,34872,,target_linked
3233708040,doc_a5b395d5acd64e0e,0001193125-18-236545,8-K,GRAPHIC,current_report_body,https://www.sec.gov/Archives/edgar/data/943819/000119312518236545/g595111g13q66.jpg,retrieved,548dfa3ec111fed13dbebc58c4f95fe9568aa4e8554efe27e4cb8723e2443c09,2598,,excluded_no_target_link
3233708040,doc_a5b3dd571a6bfb31,0001193125-18-122818,8-K,EX-10.4,employment_or_plan,https://www.sec.gov/Archives/edgar/data/943819/000119312518122818/d572927dex104.htm,retrieved,f274f098f56600438cfdcdc1dfd6d268c645f3470d6b5351818876943b94ff0c,19171,,excluded_no_target_link
3233708040,doc_ab584bfcd401a540,0001193125-18-322531,8-K,,current_report_body,https://www.sec.gov/Archives/edgar/data/943819/000119312518322531/0001193125-18-322531.txt,retrieved,65f69a4238fe2bf2fc7ba5c37d1fc953ae5abbccbe3d98877a6a5d8605d2e871,431222,,excluded_no_target_link
3233708040,doc_ad79ebb33b88d1a7,0001193125-18-291742,DEF 14A,,proxy_statement,https://www.sec.gov/Archives/edgar/data/943819/000119312518291742/0001193125-18-291742.txt,retrieved,347f3675fb8f263bee864db269a0866ac5b9d7f3b56cb6ab48107e71ace6d54d,550477,,target_linked
3233708040,doc_af81db156720724f,0001193125-18-122818,8-K,EX-10.1,employment_or_plan,https://www.sec.gov/Archives/edgar/data/943819/000119312518122818/d572927dex101.htm,retrieved,d654e72a60fb7bb6b38b45f0d9406f25ec47d5d7e140cf82046cf05260f75e9f,409651,,excluded_no_target_link
3233708040,doc_b0d4ad5ecc8645cd,0001193125-18-317884,8-K,EX-99.1,press_release_exhibit,https://www.sec.gov/Archives/edgar/data/943819/000119312518317884/d647737dex991.htm,retrieved,b515a8adce2b96a9bd455042301d9bd108a62159eb2b6f71f936c357b7b8afa9,7137,,target_linked
3233708040,doc_bfef5b91d3206b26,0001193125-18-326321,8-K,GRAPHIC,current_report_body,https://www.sec.gov/Archives/edgar/data/943819/000119312518326321/g652852g1114000354258.jpg,retrieved,b20b3ee6dc6b5a7f0afa1189a70c48bd072f1177865c00b09fc6ea693bfefec4,2334,,excluded_no_target_link
3233708040,doc_c20dad8d44a62ca0,0001193125-18-236545,8-K,,current_report_body,https://www.sec.gov/Archives/edgar/data/943819/000119312518236545/0001193125-18-236545.txt,retrieved,9e8d1d1a617da93729e8806938cbc2c05b07dd4406e2f49961e6c6537c304379,34513,,target_linked
3233708040,doc_c481d3e304e038ad,0001193125-18-307717,8-K,GRAPHIC,current_report_body,https://www.sec.gov/Archives/edgar/data/943819/000119312518307717/g632178g1025112129280.jpg,retrieved,c093fa82a6a29e15f29f954ef17996f0d01db8715d353a7f328fc801feef9175,2350,,excluded_no_target_link
3233708040,doc_cc1983167f882c4f,0001193125-18-326321,8-K,GRAPHIC,current_report_body,https://www.sec.gov/Archives/edgar/data/943819/000119312518326321/g652852g1114000354446.jpg,retrieved,8182cd99c7a322ab2f763a3a7a5597727b9cdf2fbbac5e21856d4832c679df54,2390,,excluded_no_target_link
3233708040,doc_d064e06a8236d932,0000943819-19-000008,8-K/A,EX-99.2,press_release_exhibit,https://www.sec.gov/Archives/edgar/data/943819/000094381919000008/rmd-20181113xex99_2.htm,retrieved,009f02e330868d3743c4004250588ee8578aeec4fd6e69685de634786a78f33f,42347,,excluded_no_target_link
3233708040,doc_d408bbb8da94627d,0000943819-19-000008,8-K/A,EX-23.1,merger_agreement,https://www.sec.gov/Archives/edgar/data/943819/000094381919000008/rmd-20181113xex23_1.htm,retrieved,a7e2c3b42c0ff1ae16896be32cac0b508cba2296114ccaf8ea7e39ed35f37193,825,,excluded_no_target_link
3233708040,doc_d4db4aad03c7bb3f,0000943819-19-000008,8-K/A,,current_report_body,https://www.sec.gov/Archives/edgar/data/943819/000094381919000008/0000943819-19-000008.txt,retrieved,87e96998d330417d4059cd603927eac12db2ba7c846e2db7c7f2e6611f4fe57b,49698,,excluded_no_target_link
3233708040,doc_d7ff60986becbe16,0001193125-18-322531,8-K,GRAPHIC,current_report_body,https://www.sec.gov/Archives/edgar/data/943819/000119312518322531/g650415dsp151.jpg,retrieved,31fcab5b87f2ce0b813bf5836f543dfa3681c83a4199178d8f0371562b79b9e0,2402,,excluded_no_target_link
3233708040,doc_dce45985e29b02cf,0001193125-18-307717,8-K,8-K,current_report_body,https://www.sec.gov/Archives/edgar/data/943819/000119312518307717/d632178d8k.htm,retrieved,8d664138152caaf4f2fb466fd24ab3cfeb7c3d96d57a745a2a6ca37da0fd400f,3908,,excluded_no_target_link
3233708040,doc_e1da29ac3a6f8ac2,0001193125-18-122818,8-K,EX-10.2,employment_or_plan,https://www.sec.gov/Archives/edgar/data/943819/000119312518122818/d572927dex102.htm,retrieved,d3e55ec225c1e9ae396fbe7175787a63b13eee8403e7b9a3cebe1a3f4c68840b,22111,,excluded_no_target_link
3233708040,doc_ec6f00c481357ad9,0001193125-18-317884,8-K,GRAPHIC,current_report_body,https://www.sec.gov/Archives/edgar/data/943819/000119312518317884/g647737g1104024719948.jpg,retrieved,b20b3ee6dc6b5a7f0afa1189a70c48bd072f1177865c00b09fc6ea693bfefec4,2334,,excluded_no_target_link
3233708040,doc_ef3bbbf12765e88b,0001193125-18-322531,8-K,EX-10.1,employment_or_plan,https://www.sec.gov/Archives/edgar/data/943819/000119312518322531/d650415dex101.htm,retrieved,15925280cef35a99f27446f7435a56b1b3c42969765860f14084ba82cfedcded,21428,,excluded_no_target_link
3233708040,doc_efcd51a9ae3563ca,0001193125-18-328956,8-K,,current_report_body,https://www.sec.gov/Archives/edgar/data/943819/000119312518328956/0001193125-18-328956.txt,retrieved,c6e065c01f0a3f1cad8db4f8deb8803c3ce9e4d993583561e51fc2cb0820699b,7384,,excluded_no_target_link
3233708040,doc_f261b4f4abca968b,0001193125-18-134748,8-K,GRAPHIC,current_report_body,https://www.sec.gov/Archives/edgar/data/943819/000119312518134748/g574308sssnap0001.jpg,retrieved,f6cdba6ddc1ac7747f210857c9e6ab2609d0f7c41c17df56e30dc52b08966452,3096,,excluded_no_target_link
3233708040,doc_f45a6f4945181bc4,0001193125-18-291742,DEF 14A,GRAPHIC,proxy_statement,https://www.sec.gov/Archives/edgar/data/943819/000119312518291742/g612931g0927105824495.jpg,retrieved,5a19c275732bceb6d0f46005f9406c6aacbf418018c01b6e3de0fe1976647824,1176,,excluded_no_target_link
3254421020,doc_0ed063f88bea9056,0001193125-18-182975,8-K,,current_report_body,https://www.sec.gov/Archives/edgar/data/789019/000119312518182975/0001193125-18-182975.txt,retrieved,bf8fef585f328261cd86e10871cf161aa1700925f330f211ea6cc53abe0fb79d,6939659,,excluded_no_target_link
3254421020,doc_0eee750868a1271c,0001193125-18-221458,8-K,8-K,current_report_body,https://www.sec.gov/Archives/edgar/data/789019/000119312518221458/d501766d8k.htm,retrieved,e34c5a13284efb86591d66e20f492503532ac1aaf6dcd307e7f0028c5cc6aa90,3612,,excluded_no_target_link
3254421020,doc_0f42698201db22dc,0001193125-18-182975,8-K,EX-99.2,press_release_exhibit,https://www.sec.gov/Archives/edgar/data/789019/000119312518182975/d600091dex992.htm,retrieved,88d01901cca591d803bbe35fb3b68c213aedbbcff3a865bf034f8445414cdc56,6176,,excluded_no_target_link
3254421020,doc_117f9e62760b54f1,0001193125-18-182975,8-K,8-K,current_report_body,https://www.sec.gov/Archives/edgar/data/789019/000119312518182975/d600091d8k.htm,retrieved,01400dc9e3f87ebf58b423558aaf99adf09f9a92d93de10805a3091693bef00e,3774,,excluded_no_target_link
3254421020,doc_1799103e45ca2bce,0001193125-18-277602,8-K,,current_report_body,https://www.sec.gov/Archives/edgar/data/789019/000119312518277602/0001193125-18-277602.txt,retrieved,e4a9c331bb8f8e368d72f9677c9b87c82c179088bb118814b2c4d8f21e88bdfd,13176,,excluded_no_target_link
3254421020,doc_28a55767f1d10f9b,0001193125-18-277602,8-K,EX-10.1,employment_or_plan,https://www.sec.gov/Archives/edgar/data/789019/000119312518277602/d602842dex101.htm,retrieved,6e573b9048e36e67f0d2f3771c6519be1c021fdad7a817ec534b030307a5bf8d,8188,,excluded_no_target_link
3254421020,doc_3c4d4ce40c97f791,0001193125-18-300115,DEF 14A,GRAPHIC,proxy_statement,https://www.sec.gov/Archives/edgar/data/789019/000119312518300115/g588721g00x41.jpg,retrieved,fef7696882dea05094551978f0092e3bebcea9fc537ab38e3c9355eb304a6ef5,62470,,excluded_no_target_link
3254421020,doc_412edf26125a14bb,0001193125-18-306365,8-K,,current_report_body,https://www.sec.gov/Archives/edgar/data/789019/000119312518306365/0001193125-18-306365.txt,retrieved,e708f15eee15be55619becc880b30960cc566cc921b14ade89565b9722401c38,40163,,excluded_no_target_link
3254421020,doc_43581523fcaee0c2,0001193125-18-134732,8-K,,current_report_body,https://www.sec.gov/Archives/edgar/data/789019/000119312518134732/0001193125-18-134732.txt,retrieved,a079850c547be3aa0fb9a24136af10c673d172aed66bb8f609a314c955114400,46469,,excluded_no_target_link
3254421020,doc_55f27a36d75b454f,0001193125-19-022553,8-K,,current_report_body,https://www.sec.gov/Archives/edgar/data/789019/000119312519022553/0001193125-19-022553.txt,retrieved,5778c51c93f852fac80cc9e050b9f14694a73ec4ece8ac9858dce383bcfca3e8,42911,,excluded_no_target_link
3254421020,doc_6cb1a9aa8da31758,0001193125-19-117108,8-K,EX-99.1,press_release_exhibit,https://www.sec.gov/Archives/edgar/data/789019/000119312519117108/d661527dex991.htm,retrieved,1a4ae01b264e4a9024d7b115c3899814bcdb6daa5b0173bc057039e3699d3c7c,33445,,excluded_no_target_link
3254421020,doc_719316c4c3151e37,0001193125-18-300115,DEF 14A,GRAPHIC,proxy_statement,https://www.sec.gov/Archives/edgar/data/789019/000119312518300115/g588721g01a71.jpg,retrieved,2dd4fa66f673910e9650152e7633d8a6e2c76f3ba37cee756891a4a74eac950f,74403,,excluded_no_target_link
3254421020,doc_7383351674714607,0001193125-18-182975,8-K,EX-99.1,press_release_exhibit,https://www.sec.gov/Archives/edgar/data/789019/000119312518182975/d600091dex991.htm,retrieved,69f850ec3a7496fd262a776dc4b935023c143c56d467520e26d3321a3b7f1bd0,7702,,excluded_no_target_link
3254421020,doc_7bb65354bc1fa69e,0001193125-18-306365,8-K,EX-99.1,press_release_exhibit,https://www.sec.gov/Archives/edgar/data/789019/000119312518306365/d640048dex991.htm,retrieved,909485273c0ec651b5db2782ac4a2aa0050997d58c95036fdee720bd61a988b4,35518,,excluded_no_target_link
3254421020,doc_889c5e2431dba65b,0001193125-18-300115,DEF 14A,DEF 14A,proxy_statement,https://www.sec.gov/Archives/edgar/data/789019/000119312518300115/d588721ddef14a.htm,retrieved,e104e68cd83967b2d32c1f26055ea45dbdc529fd742a67c78af164083f902ed4,294549,,target_linked
3254421020,doc_8a3f5d1fd0a8fbee,0001193125-18-277602,8-K,8-K,current_report_body,https://www.sec.gov/Archives/edgar/data/789019/000119312518277602/d602842d8k.htm,retrieved,dc371254d75b841593c2b2c0086120c5cded38e8b8bfb2dbb50119e1798eb4f0,3871,,excluded_no_target_link
3254421020,doc_8c817e67f8749321,0001193125-18-182975,8-K,GRAPHIC,current_report_body,https://www.sec.gov/Archives/edgar/data/789019/000119312518182975/g600091ex99_2s10g1.jpg,retrieved,3acd42bbbea579e1cf72235c7661d0ce29bfc508df907ab246c87e341f166302,44664,,excluded_no_target_link
3254421020,doc_9492cd1c65f025e3,0001193125-19-022553,8-K,8-K,current_report_body,https://www.sec.gov/Archives/edgar/data/789019/000119312519022553/d699806d8k.htm,retrieved,945c493f06d0685cdfca1f8031575e4667b50da55e70c0eff96842622317559a,3627,,excluded_no_target_link
3254421020,doc_9afbf4ae5703ce73,0001193125-18-221458,8-K,,current_report_body,https://www.sec.gov/Archives/edgar/data/789019/000119312518221458/0001193125-18-221458.txt,retrieved,123bc452137cde0526442d8ddfb95e711d398fd2b383348162870c330dda8268,61603,,excluded_no_target_link
3254421020,doc_b106321d5afa3d6c,0001193125-18-182975,8-K,GRAPHIC,current_report_body,https://www.sec.gov/Archives/edgar/data/789019/000119312518182975/g600091ex99_2s11g1.jpg,retrieved,1e70630b644b60ed472739a4bc4ef8ecc66b5bbaef568245a7f3f6e476fb0bf1,201110,,excluded_no_target_link
3254421020,doc_b9a693d61f7fa32d,0001193125-18-300115,DEF 14A,GRAPHIC,proxy_statement,https://www.sec.gov/Archives/edgar/data/789019/000119312518300115/g588721g00b26.jpg,retrieved,01d19b272df12145a4c00b13757e05a9db4353748e2e83100814cbdcd480233a,88650,,excluded_no_target_link
3254421020,doc_ba734f3932935fd0,0001193125-19-117108,8-K,8-K,current_report_body,https://www.sec.gov/Archives/edgar/data/789019/000119312519117108/d661527d8k.htm,retrieved,8eda601f702c3e6377c2de7659d2f037111a2a3058f5d365ff212417941b7d56,3608,,excluded_no_target_link
3254421020,doc_bb8b6626a1b57ee5,0001193125-18-134732,8-K,8-K,current_report_body,https://www.sec.gov/Archives/edgar/data/789019/000119312518134732/d576671d8k.htm,retrieved,66088ae312e2c71fbfa1b2e99b242b3e18ba22501b8692231e5f52d4828c3b8c,3618,,excluded_no_target_link
3254421020,doc_bcca6bd9c59d0b89,0001193125-18-300115,DEF 14A,,proxy_statement,https://www.sec.gov/Archives/edgar/data/789019/000119312518300115/0001193125-18-300115.txt,retrieved,871b8853a41d0ca30dfa87df16efd14e02808441d55afaa7fbafcba66863d30a,19366112,,target_linked
3254421020,doc_c444d1827042195e,0001193125-18-300115,DEF 14A,DEF 14A,proxy_statement,https://www.sec.gov/Archives/edgar/data/789019/000119312518300115/d588721ddef14a1.pdf,retrieved,9056291ee670670e02eede832522731e5b95a2f8b2b50b2216e5563d85e0f8a7,8039866,,excluded_no_target_link
3254421020,doc_c97a6567714ca995,0001193125-18-337951,8-K,8-K,current_report_body,https://www.sec.gov/Archives/edgar/data/789019/000119312518337951/d646680d8k.htm,retrieved,a4287d896d0e03e22308b5625ea01749a2e8372c8c10ed6692da2b96551ccd3f,6856,,excluded_no_target_link
3254421020,doc_cc3342da3939dd67,0001193125-18-134732,8-K,EX-99.1,press_release_exhibit,https://www.sec.gov/Archives/edgar/data/789019/000119312518134732/d576671dex991.htm,retrieved,6c536fde152c3fd5ed643f31d8cc99501b010a7b4b45fec6457f7f8469b36f8c,41835,,excluded_no_target_link
3254421020,doc_deb99e9e4a513f90,0001193125-18-337951,8-K,,current_report_body,https://www.sec.gov/Archives/edgar/data/789019/000119312518337951/0001193125-18-337951.txt,retrieved,1bf46c77b7265676a7a4cd9861238c2a857d4079c5d27c250fa5d67039d5bbf0,7825,,excluded_no_target_link
3254421020,doc_e72bcf1c479e0e51,0001193125-18-306365,8-K,8-K,current_report_body,https://www.sec.gov/Archives/edgar/data/789019/000119312518306365/d640048d8k.htm,retrieved,aadbb6260b76ad8b531381be7f055ea3e3d92517151ebfc843e64b69521dd0f4,3628,,excluded_no_target_link
3254421020,doc_eb63061b0060772a,0001193125-19-117108,8-K,,current_report_body,https://www.sec.gov/Archives/edgar/data/789019/000119312519117108/0001193125-19-117108.txt,retrieved,7273c421e11543232808ee7d7379675f3e2a5603836fb366e73c8ac2c62d478f,38069,,excluded_no_target_link
3254421020,doc_ecb2795e0189462a,0001193125-19-022553,8-K,EX-99.1,press_release_exhibit,https://www.sec.gov/Archives/edgar/data/789019/000119312519022553/d699806dex991.htm,retrieved,866885a1fd647a2751ba884819dc2f669206885a19a69ada53b7fb2a278cbede,38268,,excluded_no_target_link
3254421020,doc_fc4b4eacbd48ff77,0001193125-18-221458,8-K,EX-99.1,press_release_exhibit,https://www.sec.gov/Archives/edgar/data/789019/000119312518221458/d501766dex991.htm,retrieved,a93753f1db43e0e20939bdc11facd4317321840c57ef6f5bc948c94bc7e93427,56975,,excluded_no_target_link
3257183040,supp_2d6e94103484791d,,OFFICIAL-SOURCE,official_company_press_release_distributor,official_announcement,https://www.prnewswire.com/news-releases/leanplum-acquires-connecto-a-conversational-marketing-company-300668664.html,retrieved,5f176070071ea7f16071b18aeb7b31d39dbdb8ad1ab91775b3600c489c78a9ea,19425,,target_linked
3261765040,supp_d129f1f6d3cbb298,,OFFICIAL-SOURCE,official_company_announcement,official_announcement,https://www.totango.com/press/totango-extends-product-leadership-in-enterprise-customer-success-with-the-acqusition-of-personality-ai,retrieved,7ba1c57df77643695842916a144cede715febcb93d2796a7aabd6486ef317065,4257,,target_linked
3263747040,supp_0ba198132a3ce9ce,,OFFICIAL-SOURCE,official_company_announcement,official_announcement,https://about.fb.com/news/2018/07/facebook-ai-research-expands/,retrieved,69a506e9599057d57b5c0d4ff1f04ea60556b7b877a7875f075bc00ffcce94a9,160,curated_excerpt_preferred_for_incremental_rescreen,target_linked
3268975020,doc_06674f2903b1d2f4,0001564590-18-030202,8-K,,current_report_body,https://www.sec.gov/Archives/edgar/data/1372612/000156459018030202/0001564590-18-030202.txt,retrieved,2742bea384d652984fea055f40a0f179e8f0aa3e34d2646ca311dad1ba04ad22,50936,,excluded_no_target_link
3268975020,doc_15746bdc9a521754,0001193125-19-180062,8-K,8-K,current_report_body,https://www.sec.gov/Archives/edgar/data/1372612/000119312519180062/d768952d8k.htm,retrieved,7dbfd3b50c36700bd1d20a4d6845dc47e661253e143058e5dfef61f4eacd1985,5690,,excluded_no_target_link
3268975020,doc_1e665a8ad47fc3a6,0001564590-19-021446,8-K,EX-99.1,press_release_exhibit,https://www.sec.gov/Archives/edgar/data/1372612/000156459019021446/box-ex991_58.htm,retrieved,df1c29dc7d95ad7c35f0444bb91c81bd427554d4b9a7ca7204437cc75a3cbeb4,40310,,excluded_no_target_link
3268975020,doc_251aee857c5e63da,0001193125-19-141410,DEF 14A,DEF 14A,proxy_statement,https://www.sec.gov/Archives/edgar/data/1372612/000119312519141410/d736877ddef14a.htm,retrieved,1bea5ada229ba9766fb6bc0578ef58b392660edd47872c58fc7ed8bb2d2e9717,191963,,excluded_no_target_link
3268975020,doc_26a3be90851e46d3,0001193125-18-209901,8-K/A,8-K/A,current_report_body,https://www.sec.gov/Archives/edgar/data/1372612/000119312518209901/d647777d8ka.htm,retrieved,cf7eaf8b703b0eca42f97ccf3ddd2765e7d23c7de2c5efcc32a13e4c10d64479,3621,,excluded_no_target_link
3268975020,doc_2bf6b41c4374ea20,0001193125-18-304226,8-K,,current_report_body,https://www.sec.gov/Archives/edgar/data/1372612/000119312518304226/0001193125-18-304226.txt,retrieved,1ea97220ee8b6c639c8476c65457ab5bea0d6421eaf552de6da8079e743dc78c,6375,,excluded_no_target_link
3268975020,doc_2e14e3612c03f1fb,0001193125-19-141410,DEF 14A,,proxy_statement,https://www.sec.gov/Archives/edgar/data/1372612/000119312519141410/0001193125-19-141410.txt,retrieved,d4aaa81ea9f978d0d5c9f475d95e7cab4da41d876fe7d125b8ae238cd6ed42cb,603928,,excluded_no_target_link
3268975020,doc_316c8a6cdf8bd2b6,0001193125-18-300250,8-K,8-K,current_report_body,https://www.sec.gov/Archives/edgar/data/1372612/000119312518300250/d615608d8k.htm,retrieved,421922f06ce5498113c6737dd1e40f7a380bc170a2efe7607e4671a5793c5e9f,2986,,excluded_no_target_link
3268975020,doc_42f8770c32232df5,0001564590-19-004897,8-K,EX-99.1,press_release_exhibit,https://www.sec.gov/Archives/edgar/data/1372612/000156459019004897/box-ex991_29.htm,retrieved,8d6698d6adb4b07971a2a2d02c8e1198a4c2c873552927c82bb3fa153604f02a,49599,,excluded_no_target_link
3268975020,doc_442644ae94823a6c,0001193125-18-202603,8-K,,current_report_body,https://www.sec.gov/Archives/edgar/data/1372612/000119312518202603/0001193125-18-202603.txt,retrieved,789ad9d616ffbebcd91f1c9a0f6f3324c57d3ae6e86052821ad58579b56d865e,6635,,excluded_no_target_link
3268975020,doc_4720fc50cb134782,0001193125-19-141410,DEF 14A,GRAPHIC,proxy_statement,https://www.sec.gov/Archives/edgar/data/1372612/000119312519141410/g736877g07y48.jpg,retrieved,70d8edcefcccc2378b5250ebdeecb4eff14ad49cd78b5bb2fd9e8e448e2154cd,27312,,excluded_no_target_link
3268975020,doc_49bf6b36181173f8,0001193125-18-194664,8-K,8-K,current_report_body,https://www.sec.gov/Archives/edgar/data/1372612/000119312518194664/d610903d8k.htm,retrieved,2fb8a7fdc5e78af7ced481005eaf8c045d51a48775167c875b0fe4f117590c26,7992,,excluded_no_target_link
3268975020,doc_5a2a72a5dbe08e81,0001564590-19-004897,8-K,8-K,current_report_body,https://www.sec.gov/Archives/edgar/data/1372612/000156459019004897/box-8k_20190227.htm,retrieved,c5e13cf404848696263c4583015a375c7f6513c64c67302d91ff1ddd0555dbf3,3776,,excluded_no_target_link
3268975020,doc_5e28b407ead1adb7,0001564590-19-021446,8-K,8-K,current_report_body,https://www.sec.gov/Archives/edgar/data/1372612/000156459019021446/box-8k_20190603.htm,retrieved,3c5a5e9f3ce08255fb2cc749ead813882f9afcbeca7eb44ff11df4f3f947913c,4065,,excluded_no_target_link
3268975020,doc_5eca48e85a7fbe9a,0001193125-18-209901,8-K/A,,current_report_body,https://www.sec.gov/Archives/edgar/data/1372612/000119312518209901/0001193125-18-209901.txt,retrieved,f41b2162aca79281e4fd189b52fe9d21672550a31fa0eba2c1aa4c05ad29a7e0,4768,,excluded_no_target_link
3268975020,doc_6275299e3e1d3899,0001193125-18-304226,8-K,8-K,current_report_body,https://www.sec.gov/Archives/edgar/data/1372612/000119312518304226/d638850d8k.htm,retrieved,3234f2750d089a05a76923984f20498260f12a7df0e335fc91f9c6251375bb5b,5231,,excluded_no_target_link
3268975020,doc_6766bc1910654d44,0001564590-18-022402,8-K,,current_report_body,https://www.sec.gov/Archives/edgar/data/1372612/000156459018022402/0001564590-18-022402.txt,retrieved,88af13df341f2fe22322f45b727789328a01cd9e8c63d64a745f7b3cd2922fd0,49447,,target_linked
3268975020,doc_6fadcdfbf2332b34,0001193125-19-137712,8-K,,current_report_body,https://www.sec.gov/Archives/edgar/data/1372612/000119312519137712/0001193125-19-137712.txt,retrieved,b02f6044cd4f3e77eb2c3befa4db45f324028db9bb64436f6707b0f337bf12a3,7481,,excluded_no_target_link
3268975020,doc_7e10a30eba79b4a7,0001193125-18-300250,8-K,,current_report_body,https://www.sec.gov/Archives/edgar/data/1372612/000119312518300250/0001193125-18-300250.txt,retrieved,6d8813a51f9e1a6f497ecfcdc5e82896a45a8c907ba2879145acecd33c6d66dc,4130,,excluded_no_target_link
3268975020,doc_87ac223702950f81,0001193125-19-137712,8-K,8-K,current_report_body,https://www.sec.gov/Archives/edgar/data/1372612/000119312519137712/d727641d8k.htm,retrieved,91731cf49b60a439a069b11351d1ca97e2794e5a583ccca4161ea2ce01777d67,6338,,excluded_no_target_link
3268975020,doc_8b766361f9a32c12,0001193125-19-180062,8-K,,current_report_body,https://www.sec.gov/Archives/edgar/data/1372612/000119312519180062/0001193125-19-180062.txt,retrieved,58dd9a7be2b8c625202c76d684a760267379a73a1b7ab2fb1ae39ddf2d2f82ec,6739,,excluded_no_target_link
3268975020,doc_8f34a5dbcb1e97c3,0001193125-18-202603,8-K,8-K,current_report_body,https://www.sec.gov/Archives/edgar/data/1372612/000119312518202603/d612826d8k.htm,retrieved,00ed26a6ed0df5023b78bdae26479a8879a9badb4ff1f7eac84beaaeceb7d86f,5586,,excluded_no_target_link
3268975020,doc_94e4160b73eb6762,0001564590-19-004897,8-K,,current_report_body,https://www.sec.gov/Archives/edgar/data/1372612/000156459019004897/0001564590-19-004897.txt,retrieved,51366d53048486bf6f58b80f996b6b9351f162f0769bb69c36382bb46916f638,54472,,excluded_no_target_link
3268975020,doc_955c5cb0b5325f45,0001564590-19-021446,8-K,,current_report_body,https://www.sec.gov/Archives/edgar/data/1372612/000156459019021446/0001564590-19-021446.txt,retrieved,400ecc073e929202d1f8ba120fb7235f39052413c573210d89f0f86a0449f592,45472,,excluded_no_target_link
3268975020,doc_9c911951f50f2d94,0001193125-18-194664,8-K,,current_report_body,https://www.sec.gov/Archives/edgar/data/1372612/000119312518194664/0001193125-18-194664.txt,retrieved,24f176f90b361f5c72f5831ffa64cb5ed6112e564c5a9681302b9ea7a885f5ee,11688,,excluded_no_target_link
3268975020,doc_b2d3adda87b37f93,0001193125-19-141410,DEF 14A,GRAPHIC,proxy_statement,https://www.sec.gov/Archives/edgar/data/1372612/000119312519141410/g736877dsp002.jpg,retrieved,48fce9f4321fc9dc581171f9b4c0ddf8cdefeb867a739f2ac59a54194851d5db,119950,,excluded_no_target_link
3268975020,doc_cf26b76b6ae41886,0001193125-18-194664,8-K,EX-3.1,current_report_body,https://www.sec.gov/Archives/edgar/data/1372612/000119312518194664/d610903dex31.htm,retrieved,ad747e3e74a242a299fb9b01ab80762b09bb2a00722d30609ec1cb5a98993094,2468,,excluded_no_target_link
3268975020,doc_d781a97e146f7902,0001564590-18-030202,8-K,8-K,current_report_body,https://www.sec.gov/Archives/edgar/data/1372612/000156459018030202/box-8k_20181128.htm,retrieved,cc2f0a226cd0d5eeb7edc31b7ab7ce0e93b7fa01b17b73dfe6a482ad0e9fb4c8,3823,,excluded_no_target_link
3268975020,doc_ea70d0853140e748,0001564590-18-022402,8-K,EX-99.1,press_release_exhibit,https://www.sec.gov/Archives/edgar/data/1372612/000156459018022402/box-ex991_70.htm,retrieved,1819107da81e98c03bf83012dc2ffb6471c8505f205b2cc57be1c2de34c42bf5,44545,,target_linked
3268975020,doc_f60b1b1dc1a24250,0001193125-19-141410,DEF 14A,GRAPHIC,proxy_statement,https://www.sec.gov/Archives/edgar/data/1372612/000119312519141410/g736877dsp001.jpg,retrieved,0d1ef4e704f963c8f789dc2e3ce8422dda3be835f3e247a4c531735be32174b1,131552,,excluded_no_target_link
3268975020,doc_fac775c730c48183,0001564590-18-030202,8-K,EX-99.1,press_release_exhibit,https://www.sec.gov/Archives/edgar/data/1372612/000156459018030202/box-ex991_9.htm,retrieved,421a3bf59049a836d53373ffe9fe7c74a84eceec9c7eb2d25584a80ad93c127f,46015,,excluded_no_target_link
3268975020,doc_fd893cff5488cf07,0001564590-18-022402,8-K,8-K,current_report_body,https://www.sec.gov/Archives/edgar/data/1372612/000156459018022402/box-8k_20180828.htm,retrieved,ae02896e4a0c3560accffd1687ab63d16110f030be4b5452f1af04a66cbebc67,3804,,excluded_no_target_link
3268975020,supp_0efd95a26b6f4ecc,,OFFICIAL-SOURCE,official_company_announcement,official_announcement,https://blog.box.com/welcome-butter-ai-team-Box,retrieved,ecb3adbccbb3266de5a6f29c5927c43eae586b483a23c7be3c850b74687a9102,264,curated_excerpt_preferred_for_incremental_rescreen,target_linked
3312269020,doc_1799103e45ca2bce,0001193125-18-277602,8-K,,current_report_body,https://www.sec.gov/Archives/edgar/data/789019/000119312518277602/0001193125-18-277602.txt,retrieved,e4a9c331bb8f8e368d72f9677c9b87c82c179088bb118814b2c4d8f21e88bdfd,13176,,excluded_no_target_link
3312269020,doc_28a55767f1d10f9b,0001193125-18-277602,8-K,EX-10.1,employment_or_plan,https://www.sec.gov/Archives/edgar/data/789019/000119312518277602/d602842dex101.htm,retrieved,6e573b9048e36e67f0d2f3771c6519be1c021fdad7a817ec534b030307a5bf8d,8188,,excluded_no_target_link
3312269020,doc_3c4d4ce40c97f791,0001193125-18-300115,DEF 14A,GRAPHIC,proxy_statement,https://www.sec.gov/Archives/edgar/data/789019/000119312518300115/g588721g00x41.jpg,retrieved,fef7696882dea05094551978f0092e3bebcea9fc537ab38e3c9355eb304a6ef5,62470,,excluded_no_target_link
3312269020,doc_412edf26125a14bb,0001193125-18-306365,8-K,,current_report_body,https://www.sec.gov/Archives/edgar/data/789019/000119312518306365/0001193125-18-306365.txt,retrieved,e708f15eee15be55619becc880b30960cc566cc921b14ade89565b9722401c38,40163,,excluded_no_target_link
3312269020,doc_55f27a36d75b454f,0001193125-19-022553,8-K,,current_report_body,https://www.sec.gov/Archives/edgar/data/789019/000119312519022553/0001193125-19-022553.txt,retrieved,5778c51c93f852fac80cc9e050b9f14694a73ec4ece8ac9858dce383bcfca3e8,42911,,excluded_no_target_link
3312269020,doc_6cb1a9aa8da31758,0001193125-19-117108,8-K,EX-99.1,press_release_exhibit,https://www.sec.gov/Archives/edgar/data/789019/000119312519117108/d661527dex991.htm,retrieved,1a4ae01b264e4a9024d7b115c3899814bcdb6daa5b0173bc057039e3699d3c7c,33445,,excluded_no_target_link
3312269020,doc_719316c4c3151e37,0001193125-18-300115,DEF 14A,GRAPHIC,proxy_statement,https://www.sec.gov/Archives/edgar/data/789019/000119312518300115/g588721g01a71.jpg,retrieved,2dd4fa66f673910e9650152e7633d8a6e2c76f3ba37cee756891a4a74eac950f,74403,,excluded_no_target_link
3312269020,doc_7bb65354bc1fa69e,0001193125-18-306365,8-K,EX-99.1,press_release_exhibit,https://www.sec.gov/Archives/edgar/data/789019/000119312518306365/d640048dex991.htm,retrieved,909485273c0ec651b5db2782ac4a2aa0050997d58c95036fdee720bd61a988b4,35518,,excluded_no_target_link
3312269020,doc_889c5e2431dba65b,0001193125-18-300115,DEF 14A,DEF 14A,proxy_statement,https://www.sec.gov/Archives/edgar/data/789019/000119312518300115/d588721ddef14a.htm,retrieved,e104e68cd83967b2d32c1f26055ea45dbdc529fd742a67c78af164083f902ed4,294549,,excluded_no_target_link
3312269020,doc_8a3f5d1fd0a8fbee,0001193125-18-277602,8-K,8-K,current_report_body,https://www.sec.gov/Archives/edgar/data/789019/000119312518277602/d602842d8k.htm,retrieved,dc371254d75b841593c2b2c0086120c5cded38e8b8bfb2dbb50119e1798eb4f0,3871,,excluded_no_target_link
3312269020,doc_91992242a49b3b85,0001193125-19-196501,8-K,8-K,current_report_body,https://www.sec.gov/Archives/edgar/data/789019/000119312519196501/d777737d8k.htm,retrieved,f0674729c9768110356f0aec127bfe560a92338b4d8335ab4d67979451b2ef61,3875,,excluded_no_target_link
3312269020,doc_9492cd1c65f025e3,0001193125-19-022553,8-K,8-K,current_report_body,https://www.sec.gov/Archives/edgar/data/789019/000119312519022553/d699806d8k.htm,retrieved,945c493f06d0685cdfca1f8031575e4667b50da55e70c0eff96842622317559a,3627,,excluded_no_target_link
3312269020,doc_afee59e83db2f934,0001193125-19-196501,8-K,,current_report_body,https://www.sec.gov/Archives/edgar/data/789019/000119312519196501/0001193125-19-196501.txt,retrieved,6714384c57cfa77307b7f25ab1b22c9f58223d07cf567b188ac85bb8a22a074a,56232,,excluded_no_target_link
3312269020,doc_b9a693d61f7fa32d,0001193125-18-300115,DEF 14A,GRAPHIC,proxy_statement,https://www.sec.gov/Archives/edgar/data/789019/000119312518300115/g588721g00b26.jpg,retrieved,01d19b272df12145a4c00b13757e05a9db4353748e2e83100814cbdcd480233a,88650,,excluded_no_target_link
3312269020,doc_ba734f3932935fd0,0001193125-19-117108,8-K,8-K,current_report_body,https://www.sec.gov/Archives/edgar/data/789019/000119312519117108/d661527d8k.htm,retrieved,8eda601f702c3e6377c2de7659d2f037111a2a3058f5d365ff212417941b7d56,3608,,excluded_no_target_link
3312269020,doc_bcca6bd9c59d0b89,0001193125-18-300115,DEF 14A,,proxy_statement,https://www.sec.gov/Archives/edgar/data/789019/000119312518300115/0001193125-18-300115.txt,retrieved,871b8853a41d0ca30dfa87df16efd14e02808441d55afaa7fbafcba66863d30a,19366112,,excluded_no_target_link
3312269020,doc_c444d1827042195e,0001193125-18-300115,DEF 14A,DEF 14A,proxy_statement,https://www.sec.gov/Archives/edgar/data/789019/000119312518300115/d588721ddef14a1.pdf,retrieved,9056291ee670670e02eede832522731e5b95a2f8b2b50b2216e5563d85e0f8a7,8039866,,excluded_no_target_link
3312269020,doc_c97a6567714ca995,0001193125-18-337951,8-K,8-K,current_report_body,https://www.sec.gov/Archives/edgar/data/789019/000119312518337951/d646680d8k.htm,retrieved,a4287d896d0e03e22308b5625ea01749a2e8372c8c10ed6692da2b96551ccd3f,6856,,excluded_no_target_link
3312269020,doc_d0cfb2aaf952471e,0001193125-19-196501,8-K,EX-99.1,press_release_exhibit,https://www.sec.gov/Archives/edgar/data/789019/000119312519196501/d777737dex991.htm,retrieved,f4b3ef157370ccc04d2dcc5d538c2c70a3de73c3434e51911d18a7c5295f2ff1,51341,,excluded_no_target_link
3312269020,doc_deb99e9e4a513f90,0001193125-18-337951,8-K,,current_report_body,https://www.sec.gov/Archives/edgar/data/789019/000119312518337951/0001193125-18-337951.txt,retrieved,1bf46c77b7265676a7a4cd9861238c2a857d4079c5d27c250fa5d67039d5bbf0,7825,,excluded_no_target_link
3312269020,doc_e72bcf1c479e0e51,0001193125-18-306365,8-K,8-K,current_report_body,https://www.sec.gov/Archives/edgar/data/789019/000119312518306365/d640048d8k.htm,retrieved,aadbb6260b76ad8b531381be7f055ea3e3d92517151ebfc843e64b69521dd0f4,3628,,excluded_no_target_link
3312269020,doc_eb63061b0060772a,0001193125-19-117108,8-K,,current_report_body,https://www.sec.gov/Archives/edgar/data/789019/000119312519117108/0001193125-19-117108.txt,retrieved,7273c421e11543232808ee7d7379675f3e2a5603836fb366e73c8ac2c62d478f,38069,,excluded_no_target_link
3312269020,doc_ecb2795e0189462a,0001193125-19-022553,8-K,EX-99.1,press_release_exhibit,https://www.sec.gov/Archives/edgar/data/789019/000119312519022553/d699806dex991.htm,retrieved,866885a1fd647a2751ba884819dc2f669206885a19a69ada53b7fb2a278cbede,38268,,excluded_no_target_link
3312269020,supp_eee385ba990d0f07,,OFFICIAL-SOURCE,official_company_announcement,official_announcement,https://blogs.microsoft.com/blog/2018/09/13/microsoft-acquires-lobe-to-help-bring-ai-development-capability-to-everyone/,retrieved,ea5afe2e24dd693721cdc0e83f06c11840f21275ab4a6f6053d2860e5c16af3a,170,curated_excerpt_preferred_for_incremental_rescreen,target_linked
3321073020,doc_025be72169615eb7,0001564590-19-002000,8-K,,current_report_body,https://www.sec.gov/Archives/edgar/data/1564408/000156459019002000/0001564590-19-002000.txt,retrieved,0870fdc73a5231dd53bf8c4be7029251880c31f59cbc65142e813e78c42799b8,61898,,excluded_no_target_link
3321073020,doc_086fd898e223ce83,0001564590-19-001229,8-K/A,EX-99.1,press_release_exhibit,https://www.sec.gov/Archives/edgar/data/1564408/000156459019001229/snap-ex991_6.htm,retrieved,1741fd466f001d6d64865e3e4a848ad61cef81b75cfc3c57faca23cd82d5c5ac,2921,,excluded_no_target_link
3321073020,doc_22e10fa4fe9111b8,0001193125-19-218034,8-K,EX-99.1,press_release_exhibit,https://www.sec.gov/Archives/edgar/data/1564408/000119312519218034/d772327dex991.htm,retrieved,e9860b9c7a9255b6845b9651661be77d89517115025c4e40ad9763c76e518a98,99350,,excluded_no_target_link
3321073020,doc_34ca1c51fa2e93c1,0001564590-19-000673,8-K,8-K,current_report_body,https://www.sec.gov/Archives/edgar/data/1564408/000156459019000673/snap-8k_20190115.htm,retrieved,3ff0f621aeb6e25777bbaa24e086c12aa47a6556a4c4d2787a8456961fc2ea6d,4287,,excluded_no_target_link
3321073020,doc_3602af2fb8cf1fff,0001193125-19-218034,8-K,EX-101.LAB,employment_or_plan,https://www.sec.gov/Archives/edgar/data/1564408/000119312519218034/snap-20190806_lab.xml,retrieved,e7d9d3e8e99cafd637f762ea2917c5b1d60ec5f2bb87ea93fe20823e2ba7468e,17372,,excluded_no_target_link
3321073020,doc_390af6e15655d912,0001193125-19-151891,8-K,GRAPHIC,current_report_body,https://www.sec.gov/Archives/edgar/data/1564408/000119312519151891/g749172g88r09.jpg,retrieved,fbebfaafead9cc086353e4875138bc24303ee4b9efdacede30f8005be94b4478,1340,,excluded_no_target_link
3321073020,doc_41ec0c7e490fb550,0001193125-19-218034,8-K,8-K,current_report_body,https://www.sec.gov/Archives/edgar/data/1564408/000119312519218034/d772327d8k.htm,retrieved,6224e9932f54c84815e60748991860b39061dfbfc1282645ef6abf472ce36276,18922,,excluded_no_target_link
3321073020,doc_494c282dadfbe15f,0001564590-19-002000,8-K,8-K,current_report_body,https://www.sec.gov/Archives/edgar/data/1564408/000156459019002000/snap-8k_20190205.htm,retrieved,69cb42112d854708eab61ef70743babf3ca382731645fbb9800c155aa4f59f53,3721,,excluded_no_target_link
3321073020,doc_4c38f0a2c993471d,0001193125-19-218034,8-K,EX-10.1,employment_or_plan,https://www.sec.gov/Archives/edgar/data/1564408/000119312519218034/d772327dex101.htm,retrieved,9428fcac6b70b9956358f5051b20aa493945fdeb891a0e9ba6ca3396f16fe879,20686,,excluded_no_target_link
3321073020,doc_53ee3e98f80a63be,0001564590-19-002000,8-K,EX-99.1,press_release_exhibit,https://www.sec.gov/Archives/edgar/data/1564408/000156459019002000/snap-ex991_6.htm,retrieved,c2cbf0ba2679ac1ad632092a793e9364641dd61ffd9c93d3ce5b8200b063a074,57001,,excluded_no_target_link
3321073020,doc_546c52aaa6207e29,0001564590-19-025632,8-K,EX-99.1,press_release_exhibit,https://www.sec.gov/Archives/edgar/data/1564408/000156459019025632/snap-ex991_6.htm,retrieved,f0f8759135932ca4e99df0fe6d931c59dc3b10a19f6a362daf94f0d2a2a9163b,55277,,excluded_no_target_link
3321073020,doc_581dd4c1be3de54c,0001564590-19-037399,8-K,EX-101.LAB,employment_or_plan,https://www.sec.gov/Archives/edgar/data/1564408/000156459019037399/snap-20191022_lab.xml,retrieved,afbcb1574193faa87a91e6f72283ace52a74c8ea21d637c2db113db1dabe003d,19070,,excluded_no_target_link
3321073020,doc_5bbc146bb0436959,0001564590-19-012516,8-K,8-K,current_report_body,https://www.sec.gov/Archives/edgar/data/1564408/000156459019012516/snap-8k_20190423.htm,retrieved,d8e2934c23a76be394907a3cbb748f4bb5121d910e5ccb803a01cbd59c71f23b,3548,,excluded_no_target_link
3321073020,doc_5d06d9ceb5731376,0001564590-19-012516,8-K,EX-99.1,press_release_exhibit,https://www.sec.gov/Archives/edgar/data/1564408/000156459019012516/snap-ex991_6.htm,retrieved,a51e46dba03d3cd5689bdfd4923d0891c36dd37db1570998509e755757e3bcc2,47595,,excluded_no_target_link
3321073020,doc_6da4c16db3a45bc2,0001564590-19-025097,8-K,8-K,current_report_body,https://www.sec.gov/Archives/edgar/data/1564408/000156459019025097/snap-8k_20190717.htm,retrieved,f530b41328e770e08d2d20f21ebbd1e85edd9182fc3260633c06a4390bab0cba,4394,,excluded_no_target_link
3321073020,doc_6fb3f00083a8290d,0001564590-19-012516,8-K,,current_report_body,https://www.sec.gov/Archives/edgar/data/1564408/000156459019012516/0001564590-19-012516.txt,retrieved,c7e3150992237a5c58f22d29bf08a8df6c8c018b3775af7b6e3fb039f14d8365,52319,,excluded_no_target_link
3321073020,doc_7013e9b35edfa22e,0001193125-19-151891,8-K,,current_report_body,https://www.sec.gov/Archives/edgar/data/1564408/000119312519151891/0001193125-19-151891.txt,retrieved,5dcd5f25733a7f2eff8b240496921b8fe10ea30b31c18413618b6ec91b5029ab,15445,,excluded_no_target_link
3321073020,doc_732b8d95446ac5df,0001193125-19-151891,8-K,EX-10.1,employment_or_plan,https://www.sec.gov/Archives/edgar/data/1564408/000119312519151891/d749172dex101.htm,retrieved,9826e4994787affc9f8701d7fc52d6ab90f8e1ad2309e215bf9390bb0dda046e,2470,,excluded_no_target_link
3321073020,doc_7c8d166808745517,0001564590-19-024074,8-K,GRAPHIC,current_report_body,https://www.sec.gov/Archives/edgar/data/1564408/000156459019024074/gt0ks0lfnq2a000002.jpg,retrieved,6cfcf3231d0a274ce457cb6e55d7c5f5d724f8d2239c10301e6ac010b35af72d,2995,,excluded_no_target_link
3321073020,doc_7fa99bf7b100996b,0001193125-19-151891,8-K,EX-99.1,press_release_exhibit,https://www.sec.gov/Archives/edgar/data/1564408/000119312519151891/d749172dex991.htm,retrieved,ed3cc622d47fdd07787291ca8dfd0251785e90f4bb4e6cfbbd97acd4d659c851,4802,,excluded_no_target_link
3321073020,doc_83e7a0d340312eb6,0001564590-19-024074,8-K,GRAPHIC,current_report_body,https://www.sec.gov/Archives/edgar/data/1564408/000156459019024074/gt0ks0lfnq2a000001.jpg,retrieved,6cfcf3231d0a274ce457cb6e55d7c5f5d724f8d2239c10301e6ac010b35af72d,2995,,excluded_no_target_link
3321073020,doc_8a770c22b1e771e3,0001564590-19-024074,8-K,,current_report_body,https://www.sec.gov/Archives/edgar/data/1564408/000156459019024074/0001564590-19-024074.txt,retrieved,797cec0bb347a719bf13e5679f4c82abe7d75f6d5b2bfba7f06e4f8cf8e51417,39639,,excluded_no_target_link
3321073020,doc_91d7874f09f21e29,0001564590-19-037399,8-K,EX-101.SCH,employment_or_plan,https://www.sec.gov/Archives/edgar/data/1564408/000156459019037399/snap-20191022.xsd,retrieved,a972249b840ae8c4b9222596aa511f6005778d5370a8520daf2d136dbe0f66b3,6185,,excluded_no_target_link
3321073020,doc_9577a5f46cd258e2,0001564590-19-024074,8-K,8-K,current_report_body,https://www.sec.gov/Archives/edgar/data/1564408/000156459019024074/snap-8k_20190628.htm,retrieved,e61ba6413ddfc63342bead61bd6ae89307a65de5b751529b9dc34af371fb3dfd,3434,,excluded_no_target_link
3321073020,doc_95bb0125e2956482,0001564590-18-031314,8-K,,current_report_body,https://www.sec.gov/Archives/edgar/data/1564408/000156459018031314/0001564590-18-031314.txt,retrieved,3595674586532439f47702ef4e4470a9db760ccea9523bd1824718efd3e2df68,4730,,excluded_no_target_link
3321073020,doc_9d6ce19ac6e96f24,0001564590-19-037399,8-K,8-K,current_report_body,https://www.sec.gov/Archives/edgar/data/1564408/000156459019037399/snap-8k_20191022.htm,retrieved,17dd8ec49fda71d2d9237a747669752201d1abfc17035af0933dd3793e0df24f,4016,,excluded_no_target_link
3321073020,doc_a2f7a7f3599ea0ee,0001564590-19-037399,8-K,EX-99.1,press_release_exhibit,https://www.sec.gov/Archives/edgar/data/1564408/000156459019037399/snap-ex991_6.htm,retrieved,a35a3409fcff743640b6d79cfffb2a1c00857e2a231645f4fdfac044f1aa90bb,56181,,excluded_no_target_link
3321073020,doc_a6b6a79f5e1475ec,0001564590-19-037399,8-K,,current_report_body,https://www.sec.gov/Archives/edgar/data/1564408/000156459019037399/0001564590-19-037399.txt,retrieved,c11806d1bfa9ec76b409dd86c85682b4884348e54fd4d212b8baa4c5a7a70bd8,205934,,excluded_no_target_link
3321073020,doc_a82482ed13627d75,0001193125-19-218034,8-K,EX-101.PRE,employment_or_plan,https://www.sec.gov/Archives/edgar/data/1564408/000119312519218034/snap-20190806_pre.xml,retrieved,b3fa0ff3afdbeac1af9d06c1a857b64721bb65d63b14c7354f93e9d8058b181f,10943,,excluded_no_target_link
3321073020,doc_acf12d2ca4221342,0001193125-19-151891,8-K,8-K,current_report_body,https://www.sec.gov/Archives/edgar/data/1564408/000119312519151891/d749172d8k.htm,retrieved,455cfcd9158dd08d2f17aea6e4aedde42915924b4cbde6caaaeed28e216bbdaa,5544,,excluded_no_target_link
3321073020,doc_b3581f8a16e6ab50,0001564590-19-025632,8-K,,current_report_body,https://www.sec.gov/Archives/edgar/data/1564408/000156459019025632/0001564590-19-025632.txt,retrieved,14073e527bcc7bf398e2f9b2ce67061ec90bda9d416bddc19a40d5d8a5be85a1,60272,,excluded_no_target_link
3321073020,doc_b91aa46d04c3a5f7,0001564590-19-000673,8-K,,current_report_body,https://www.sec.gov/Archives/edgar/data/1564408/000156459019000673/0001564590-19-000673.txt,retrieved,7d1ee25d1f36230d7ef58653bdf1fdd3740ece9e7ea27654a083a347efff0b47,5574,,excluded_no_target_link
3321073020,doc_be90f7326f856bb1,0001564590-19-037399,8-K,EX-101.PRE,employment_or_plan,https://www.sec.gov/Archives/edgar/data/1564408/000156459019037399/snap-20191022_pre.xml,retrieved,ed5b905cf2077e7b590f3685c396ab35c4f8bbba7605c48e196753b5b5682195,11711,,excluded_no_target_link
3321073020,doc_d5726a21d5129a90,0001564590-18-031314,8-K,8-K,current_report_body,https://www.sec.gov/Archives/edgar/data/1564408/000156459018031314/snap-8k_20181221.htm,retrieved,e1c99b7e828095a3a131460487d6190cf8a782c91800379d1881fce5d23611bf,3568,,excluded_no_target_link
3321073020,doc_d59a4b2ebe28b867,0001564590-19-024074,8-K,EX-99.1,press_release_exhibit,https://www.sec.gov/Archives/edgar/data/1564408/000156459019024074/snap-ex991_6.htm,retrieved,fec1a9fa09e3a38956d99ad1989b0e6bd0e1b5205b5d2b5d494b5bb254f1895f,28384,,excluded_no_target_link
3321073020,doc_eee4e0345083f099,0001564590-19-025632,8-K,8-K,current_report_body,https://www.sec.gov/Archives/edgar/data/1564408/000156459019025632/snap-8k_20190723.htm,retrieved,1d279966e838f28b0fa0d9f6ea73f2550e15d26c66a04d6750962a791ee68c02,3819,,excluded_no_target_link
3321073020,doc_f362ddada16efa13,0001564590-19-001229,8-K/A,8-K/A,current_report_body,https://www.sec.gov/Archives/edgar/data/1564408/000156459019001229/snap-8ka_20190115.htm,retrieved,3589ccccb3db67077522c6f6a70adc8657a04db8dd280f9822f14620ee448922,5063,,excluded_no_target_link
3321073020,doc_f92612de90b76258,0001193125-19-218034,8-K,EX-101.SCH,employment_or_plan,https://www.sec.gov/Archives/edgar/data/1564408/000119312519218034/snap-20190806.xsd,retrieved,238fa9925d5ab00422a258f104fd5994438f36c2d31a762ae09934cf9fb7d2c5,3056,,excluded_no_target_link
3321073020,doc_f942d073d195bf15,0001564590-19-025097,8-K,,current_report_body,https://www.sec.gov/Archives/edgar/data/1564408/000156459019025097/0001564590-19-025097.txt,retrieved,d72b8742456948b535cc344c1b35ec66fd38fd9c4ef2e93653aadf5ce9387ef2,5616,,excluded_no_target_link
3321073020,doc_fc6ebf771ba22bc3,0001564590-19-001229,8-K/A,,current_report_body,https://www.sec.gov/Archives/edgar/data/1564408/000156459019001229/0001564590-19-001229.txt,retrieved,d6c6c37a215761bc80876dcc26893c88a22c61f45e26331cb36ebb895b32943f,9264,,excluded_no_target_link
3348911020,supp_4b9aa9fc3ba3f604,,OFFICIAL-SOURCE,official_company_announcement,official_announcement,https://sensory.com/news/sensory-acquires-vocalize-ai-for-speech-technology-testing-capabilities/,retrieved,9a513b81074c16f820a17a945cd1dfe952a77136939ca905ff654297052e8078,13190,,target_linked
3420608020,supp_839b28516cfb6621,,OFFICIAL-SOURCE,official_company_announcement,official_announcement,https://media.irobot.com/2019-06-20-iRobot-Introduces-the-Root-Coding-Robot-Through-Acquisition-of-Root-Robotics,retrieved,5308183975fd1642b632d553dfe54b690cd1d31689ff0093d97f3efe13a15da1,5764,,target_linked
3421959020,doc_008e736c833380a1,0000320193-19-000093,8-K,EX-101.CAL,employment_or_plan,https://www.sec.gov/Archives/edgar/data/320193/000032019319000093/aapl-20190910_cal.xml,retrieved,4dd4286f8c9bd2d35cd19f3b75d023a5540b8e786417e0fc955142858c13195a,641,,excluded_no_target_link
3421959020,doc_0286112d8650835b,0001193125-20-050884,8-K,EX-101.LAB,employment_or_plan,https://www.sec.gov/Archives/edgar/data/320193/000119312520050884/aapl-20200226_lab.xml,retrieved,06efbc4c52ca4174ff479eb17575118380eebe9a1e514a073d63461be3114c2c,29328,,excluded_no_target_link
3421959020,doc_04271b5eac63d21e,0000320193-19-000117,8-K,EX-101.LAB,employment_or_plan,https://www.sec.gov/Archives/edgar/data/320193/000032019319000117/aapl-20191030_lab.xml,retrieved,9301b8cb6308b883adb186a81552650ed0cc310f83b53f15af5c06fd6e82f065,42847,,excluded_no_target_link
3421959020,doc_051868107908ccaf,0001193125-19-242975,8-K,,current_report_body,https://www.sec.gov/Archives/edgar/data/320193/000119312519242975/0001193125-19-242975.txt,retrieved,6e6a17607c431ca143b070e8fff412aa63f57ff97a8705d1e9e1c36b470596c8,366480,,excluded_no_target_link
3421959020,doc_066d604bcd2ffd07,0000320193-20-000008,8-K,EX-99.1,press_release_exhibit,https://www.sec.gov/Archives/edgar/data/320193/000032019320000008/a8-kexhibit991q1202012.htm,retrieved,7df6a514e3acca41639b016ebf51b2ed2f2f027372abe4170a01d8a01a85160b,13635,,target_linked
3421959020,doc_15ff2d51dd849908,0001193125-20-001450,DEF 14A,DEF 14A,proxy_statement,https://www.sec.gov/Archives/edgar/data/320193/000119312520001450/d799303ddef14a1.pdf,retrieved,46fa3a7ab483cd110accae5e92b0ed252e4c1a78bbd27c1d716d95c7d3369325,1434535,,excluded_no_target_link
3421959020,doc_1746b5b7b13531f6,0000320193-19-000117,8-K,EX-101.CAL,employment_or_plan,https://www.sec.gov/Archives/edgar/data/320193/000032019319000117/aapl-20191030_cal.xml,retrieved,6788bbd0d04dcaf330c4cb51e1fb668251192fd252bdccf1b80ee97eb99bb163,614,,excluded_no_target_link
3421959020,doc_1cc9fdcc8ce3a491,0000320193-20-000008,8-K,EX-101.DEF,employment_or_plan,https://www.sec.gov/Archives/edgar/data/320193/000032019320000008/aapl-20200127_def.xml,retrieved,c54759a9bc7d4ac96b25058f8bc557f6424525f626c9976779dbe2529bc8e40a,19209,,excluded_no_target_link
3421959020,doc_21a590cf5cd11359,0001193125-19-242975,8-K,EX-101.LAB,employment_or_plan,https://www.sec.gov/Archives/edgar/data/320193/000119312519242975/aapl-20190904_lab.xml,retrieved,d5eba8cf8194fa1ff5bfab2949739ec2d98dfe5607e4af731e4d1b61beff83f2,27122,,excluded_no_target_link
3421959020,doc_2aa21bc703cc154a,0001193125-20-050884,8-K,EX-101.PRE,employment_or_plan,https://www.sec.gov/Archives/edgar/data/320193/000119312520050884/aapl-20200226_pre.xml,retrieved,0d5b88595087986c028387066b7d831408471fd7377f9397025ff1ce0f16e404,18570,,excluded_no_target_link
3421959020,doc_2dba7135e037bdd1,0000320193-20-000008,8-K,EX-101.SCH,employment_or_plan,https://www.sec.gov/Archives/edgar/data/320193/000032019320000008/aapl-20200127.xsd,retrieved,c9df38744f750ba447aa1585ab4eaf5e3c7fd7b18c80eac3a37c26c96bbd89ac,6727,,excluded_no_target_link
3421959020,doc_2f531ef488104503,0001193125-19-292676,8-K,EX-101.LAB,employment_or_plan,https://www.sec.gov/Archives/edgar/data/320193/000119312519292676/aapl-20191107_lab.xml,retrieved,1fcca7ab6f71bcb3981225ddebf27d23a1d017e320955478face28d9b88d3d63,27123,,excluded_no_target_link
3421959020,doc_32c2eb74ad2c0cc0,0001193125-20-050884,8-K,,current_report_body,https://www.sec.gov/Archives/edgar/data/320193/000119312520050884/0001193125-20-050884.txt,retrieved,daf2bc771d4f42db4033f1f19b1bfdadce5b91f2bbe3441e18aaed0882ad3f83,180266,,excluded_no_target_link
3421959020,doc_368c833080ff3f7a,0001193125-19-292676,8-K,8-K,current_report_body,https://www.sec.gov/Archives/edgar/data/320193/000119312519292676/d828969d8k.htm,retrieved,796782b4b6e332cae8c0dd5b0448512d2f9f7900d749c58f33ba30b0ed80fa1c,7978,,excluded_no_target_link
3421959020,doc_37f256c7272596cb,0000320193-19-000093,8-K,EX-101.DEF,employment_or_plan,https://www.sec.gov/Archives/edgar/data/320193/000032019319000093/aapl-20190910_def.xml,retrieved,03b6e8edb7185b9c91f6dc8f3a823cc5320e42686f7e5c981c7483d3bb377515,18332,,excluded_no_target_link
3421959020,doc_39c9191f44a6a6a1,0000320193-20-000050,8-K,EX-101.PRE,employment_or_plan,https://www.sec.gov/Archives/edgar/data/320193/000032019320000050/aapl-20200428_pre.xml,retrieved,420f6c671070134916a344eec942ad500503cad87a4d8b725298d6a3e05ae747,21655,,excluded_no_target_link
3421959020,doc_3a3b32726643a3b9,0001193125-20-001450,DEF 14A,GRAPHIC,proxy_statement,https://www.sec.gov/Archives/edgar/data/320193/000119312520001450/g799303bellvector2.jpg,retrieved,cf2763e6531f2192f80f7dae3ef9eae50e1682f148d688f762e28043de69064b,55161,,excluded_no_target_link
3421959020,doc_3acf7d278ce3c007,0001193125-20-001450,DEF 14A,GRAPHIC,proxy_statement,https://www.sec.gov/Archives/edgar/data/320193/000119312520001450/g799303adamsvector2.jpg,retrieved,24c43e7e4347d13f97512ef13d63b87ebbce4194044eee45df183452b79c7f93,41533,,excluded_no_target_link
3421959020,doc_3e64a7acd579bfca,0001193125-19-292676,8-K,,current_report_body,https://www.sec.gov/Archives/edgar/data/320193/000119312519292676/0001193125-19-292676.txt,retrieved,d4c653a11beed6972e36e467a29647fe3b263757599152c8087d2cda3988f849,374127,,excluded_no_target_link
3421959020,doc_3f803f9c978f9b16,0001193125-19-292676,8-K,EX-101.DEF,employment_or_plan,https://www.sec.gov/Archives/edgar/data/320193/000119312519292676/aapl-20191107_def.xml,retrieved,a9e752a2a305effbd2105389a9e27a99c867abbab706e68af251a49e4e291b4a,15926,,excluded_no_target_link
3421959020,doc_491e98d72279c61f,0001193125-20-001450,DEF 14A,DEF 14A,proxy_statement,https://www.sec.gov/Archives/edgar/data/320193/000119312520001450/d799303ddef14a.htm,retrieved,ece4d99fac5f7da0472a9a0aeb4eedb0c1c659188cc40b35a54c958d81498617,207416,,target_linked
3421959020,doc_4bedc66228b2be05,0001193125-20-050884,8-K,EX-101.DEF,employment_or_plan,https://www.sec.gov/Archives/edgar/data/320193/000119312520050884/aapl-20200226_def.xml,retrieved,59d314a53b58c5ee48694116acc80dcd0af7202bca3bb082483f2d23d13845ab,17199,,excluded_no_target_link
3421959020,doc_6168cf67fe552240,0000320193-19-000093,8-K,EX-101.PRE,employment_or_plan,https://www.sec.gov/Archives/edgar/data/320193/000032019319000093/aapl-20190910_pre.xml,retrieved,34b18dfdc56a760d8b44871ce73d5973a5dfd2e42ea98f791567e6e1ce8eaea6,20658,,excluded_no_target_link
3421959020,doc_63f17bb723f8cc26,0000320193-20-000050,8-K,EX-101.LAB,employment_or_plan,https://www.sec.gov/Archives/edgar/data/320193/000032019320000050/aapl-20200428_lab.xml,retrieved,e259e0713df597d2714660219dc150562e45e4ff06c4b3f6f7f8709371c3509c,45659,,excluded_no_target_link
3421959020,doc_646af572878cf07b,0001193125-19-242975,8-K,EX-101.SCH,employment_or_plan,https://www.sec.gov/Archives/edgar/data/320193/000119312519242975/aapl-20190904.xsd,retrieved,4ab166e465fe09b9c7f7c3ebb621e8d37ab79d86a307467324cb6a0250f30f3b,5756,,excluded_no_target_link
3421959020,doc_6703fe7ba55ccdd5,0001193125-20-139112,8-K,,current_report_body,https://www.sec.gov/Archives/edgar/data/320193/000119312520139112/0001193125-20-139112.txt,retrieved,b455b0206eb50fb683a7b6b928da61471355504017c1b82bf3fde3b4b2a9e2b4,432162,,excluded_no_target_link
3421959020,doc_73fdc2d1d4185b42,0000320193-19-000093,8-K,EX-101.LAB,employment_or_plan,https://www.sec.gov/Archives/edgar/data/320193/000032019319000093/aapl-20190910_lab.xml,retrieved,33026b9239f8d2a22f6dab5cc19583038485710700416ccc5a61272c9f66c5c1,42847,,excluded_no_target_link
3421959020,doc_743c3371f7cd993d,0001193125-20-139112,8-K,EX-101.SCH,employment_or_plan,https://www.sec.gov/Archives/edgar/data/320193/000119312520139112/aapl-20200504.xsd,retrieved,8df7839da1382fa69b29e201c6afd7b00366c952fa20adab647d1ba44bf90236,6165,,excluded_no_target_link
3421959020,doc_8272c4b299165c28,0001193125-19-242975,8-K,8-K,current_report_body,https://www.sec.gov/Archives/edgar/data/320193/000119312519242975/d777124d8k.htm,retrieved,8e442926518098c0f80b853b324edec71454c17d6948d5c9c61dd3180175932e,8924,,excluded_no_target_link
3421959020,doc_88788e1bb27df7ca,0001193125-20-139112,8-K,EX-101.LAB,employment_or_plan,https://www.sec.gov/Archives/edgar/data/320193/000119312520139112/aapl-20200504_lab.xml,retrieved,cb7b8b4add6b48bae9f7f087d13c7398719d471db8b3cdc5fe3c532ca29b882f,28581,,excluded_no_target_link
3421959020,doc_8a0f336e241b7824,0000320193-20-000050,8-K,EX-99.1,press_release_exhibit,https://www.sec.gov/Archives/edgar/data/320193/000032019320000050/a8-kexhibit991q2202032.htm,retrieved,244dc76e2fee2351e4166deda8fe753269b6dcb882bc94f18cf396f124651a43,15004,,excluded_no_target_link
3421959020,doc_9140711e43d99229,0001193125-20-139112,8-K,EX-101.PRE,employment_or_plan,https://www.sec.gov/Archives/edgar/data/320193/000119312520139112/aapl-20200504_pre.xml,retrieved,a5bb13baf541c9f53d1f95e1f1fbf34b4060f29695ab096756cacf1a691fac64,18141,,excluded_no_target_link
3421959020,doc_965c4af4b9cf2935,0001193125-20-039203,8-K,EX-101.PRE,employment_or_plan,https://www.sec.gov/Archives/edgar/data/320193/000119312520039203/aapl-20200217_pre.xml,retrieved,c41f4fff2924c65543f3cbb091bde620d8cfa5c4087ccd29ce84122b08663b24,18142,,excluded_no_target_link
3421959020,doc_981404fcf6daf0a4,0001193125-19-292676,8-K,EX-101.PRE,employment_or_plan,https://www.sec.gov/Archives/edgar/data/320193/000119312519292676/aapl-20191107_pre.xml,retrieved,9696e40e331e7a8ecf3214b35fff1466bfad4418ca9951902771377eb791ac6b,17285,,excluded_no_target_link
3421959020,doc_9d61a341b7a390fd,0001193125-20-050884,8-K,8-K,current_report_body,https://www.sec.gov/Archives/edgar/data/320193/000119312520050884/d865740d8k.htm,retrieved,79dd522357cf858c3fb5afe2b0d1a67d55ce1f426ce6be7a627f32f9769b280b,7626,,excluded_no_target_link
3421959020,doc_a53217d63effe1bd,0001193125-20-039203,8-K,EX-101.LAB,employment_or_plan,https://www.sec.gov/Archives/edgar/data/320193/000119312520039203/aapl-20200217_lab.xml,retrieved,a88c6502b21727ff4ce0494f159eb297e50bd34ade6008d62edc32a266a68828,28582,,excluded_no_target_link
3421959020,doc_ac0493b5423b46eb,0001193125-19-292676,8-K,EX-101.SCH,employment_or_plan,https://www.sec.gov/Archives/edgar/data/320193/000119312519292676/aapl-20191107.xsd,retrieved,a2bffe4103cb5ba20141b22985d33f44881b593915096f167440c297fc068ec4,5757,,excluded_no_target_link
3421959020,doc_b1162024e70554bc,0001193125-20-039203,8-K,EX-101.SCH,employment_or_plan,https://www.sec.gov/Archives/edgar/data/320193/000119312520039203/aapl-20200217.xsd,retrieved,8c11a27eafebcae083205e845489c0ac0bc7e46458f353e969831049418a4ef4,6166,,excluded_no_target_link
3421959020,doc_b6684724138bd43f,0000320193-20-000050,8-K,EX-101.CAL,employment_or_plan,https://www.sec.gov/Archives/edgar/data/320193/000032019320000050/aapl-20200428_cal.xml,retrieved,b6a91a55f6133655b5dc7ca9e992fa61d091be868c543c935a80104534bea896,614,,excluded_no_target_link
3421959020,doc_c4727c77bfcaea39,0001193125-20-039203,8-K,8-K,current_report_body,https://www.sec.gov/Archives/edgar/data/320193/000119312520039203/d845033d8k.htm,retrieved,b459c2702547e19b85db8e5b0c90e5827e1a9388372901bca83ff1365076a617,5724,,excluded_no_target_link
3421959020,doc_c6246c673b050370,0001193125-20-001450,DEF 14A,GRAPHIC,proxy_statement,https://www.sec.gov/Archives/edgar/data/320193/000119312520001450/g799303cookvector2.jpg,retrieved,7347c28f8809b54581b3e9cacdc1a7cf90c62e301afefc85db3cc1cc267ec621,30810,,excluded_no_target_link
3421959020,doc_c75ccc47e5a81658,0000320193-20-000050,8-K,EX-101.SCH,employment_or_plan,https://www.sec.gov/Archives/edgar/data/320193/000032019320000050/aapl-20200428.xsd,retrieved,ade0d531426b338f0a996cf295a4872bf099d1134fb88258ce01d038acd01fc4,6589,,excluded_no_target_link
3421959020,doc_c78d2e0f3c78075e,0000320193-19-000073,8-K,EX-99.1,press_release_exhibit,https://www.sec.gov/Archives/edgar/data/320193/000032019319000073/a8-kexhibit991q320196292019.htm,retrieved,0917ffeea7844391ef5e51182fb70c9766f8d51bb4f415e95de4f09310a0ff55,14559,,excluded_no_target_link
3421959020,doc_cb419b2d974aa92b,0000320193-19-000117,8-K,EX-99.1,press_release_exhibit,https://www.sec.gov/Archives/edgar/data/320193/000032019319000117/a8-kexhibit991q4201992.htm,retrieved,64a3b032e523262a219a602bb5e6dceda79d246a2433095305f8e09b26a6acf4,14422,,excluded_no_target_link
3421959020,doc_cb7c0bf6675d134b,0001193125-19-242975,8-K,EX-101.DEF,employment_or_plan,https://www.sec.gov/Archives/edgar/data/320193/000119312519242975/aapl-20190904_def.xml,retrieved,029deb06938234c7f0fb5e414fa53472c4db4f441fcd62ec514ae749947c2df2,15925,,excluded_no_target_link
3421959020,doc_cf1eebfcf1520921,0000320193-20-000050,8-K,EX-101.DEF,employment_or_plan,https://www.sec.gov/Archives/edgar/data/320193/000032019320000050/aapl-20200428_def.xml,retrieved,6fe05317afc37222e1a03926b536990d741980d20cd3ed6a9de7b9b3664c1c10,19259,,excluded_no_target_link
3421959020,doc_d0c5be996fbe013c,0001193125-20-001450,DEF 14A,,proxy_statement,https://www.sec.gov/Archives/edgar/data/320193/000119312520001450/0001193125-20-001450.txt,retrieved,87e3e677f298ac4717ef5729e37407b34aaaa3a4df154720bca3121dd86f2c57,4299752,,target_linked
3421959020,doc_d2e1e1014f4c7ae2,0000320193-19-000073,8-K,8-K,current_report_body,https://www.sec.gov/Archives/edgar/data/320193/000032019319000073/a8-kq320196292019.htm,retrieved,5abdda123104e41b3cebf04602df6cfd93973c02515f56ad4f247c29f3383ae2,3656,,excluded_no_target_link
3421959020,doc_d5a916f6cbf59d8e,0001193125-20-050884,8-K,EX-101.SCH,employment_or_plan,https://www.sec.gov/Archives/edgar/data/320193/000119312520050884/aapl-20200226.xsd,retrieved,054d58af7e2955347118944bdc72d68541fef9d1f61d76d8aa54ad62bd5e8fc1,6041,,excluded_no_target_link
3421959020,doc_de11f9937f2f1807,0001193125-20-139112,8-K,8-K,current_report_body,https://www.sec.gov/Archives/edgar/data/320193/000119312520139112/d926511d8k.htm,retrieved,c8ba3ee71d161d465d404abe00adb2ee9db0b33419a1927e5d2cf256817cb545,8879,,excluded_no_target_link
3421959020,doc_de72cb546af2fd24,0000320193-19-000117,8-K,EX-101.PRE,employment_or_plan,https://www.sec.gov/Archives/edgar/data/320193/000032019319000117/aapl-20191030_pre.xml,retrieved,4a15bbd0a37384c1fa0d21ee9c0aa9e88923c3742983cf4365d68a61249c1cfc,20631,,excluded_no_target_link
3421959020,doc_e4b00f84f9e55fae,0000320193-19-000117,8-K,EX-101.DEF,employment_or_plan,https://www.sec.gov/Archives/edgar/data/320193/000032019319000117/aapl-20191030_def.xml,retrieved,f25c6aaff586003cde8347e93734edc50f95cbeb71013d341d399392b6b8b75d,18305,,excluded_no_target_link
3421959020,doc_e8fb9166d6119842,0000320193-20-000008,8-K,EX-101.PRE,employment_or_plan,https://www.sec.gov/Archives/edgar/data/320193/000032019320000008/aapl-20200127_pre.xml,retrieved,777eb76f5ce8e3c92b0e6f9ebe462b093ea199f6e09b329fbdb1f8c9e9b34ac4,21655,,excluded_no_target_link
3421959020,doc_e971cff486b3283c,0000320193-19-000093,8-K,8-K,current_report_body,https://www.sec.gov/Archives/edgar/data/320193/000032019319000093/a8-kseptember201991019.htm,retrieved,36ebf8cadde2f775b63e23125d8a2367ea56bf701448c8827e5de41a3da61418,3922,,excluded_no_target_link
3421959020,doc_ec16bc6e05b68d22,0001193125-20-039203,8-K,EX-99.1,press_release_exhibit,https://www.sec.gov/Archives/edgar/data/320193/000119312520039203/d845033dex991.htm,retrieved,9d9f88d9bb142321d6ede0085f689e3ce6562e060ff46c07cb853db7f5de0138,8086,,excluded_no_target_link
3421959020,doc_f002dea62f222b4c,0000320193-19-000073,8-K,,current_report_body,https://www.sec.gov/Archives/edgar/data/320193/000032019319000073/0000320193-19-000073.txt,retrieved,b80a36590cb7664d9f06a74f6858e8e40dd46c42870b00380d8dc78c9916f22f,20620,,excluded_no_target_link
3421959020,doc_f26a4595c822d7a6,0000320193-20-000008,8-K,EX-101.CAL,employment_or_plan,https://www.sec.gov/Archives/edgar/data/320193/000032019320000008/aapl-20200127_cal.xml,retrieved,57484e780c705a7cb9cc0b4ab3ae559ed505e2f243c8b021241f236844f50e1a,614,,excluded_no_target_link
3421959020,doc_f41780500c0ea675,0000320193-20-000008,8-K,EX-101.LAB,employment_or_plan,https://www.sec.gov/Archives/edgar/data/320193/000032019320000008/aapl-20200127_lab.xml,retrieved,e8d7df3bca59388424bdf026e413e0161cfd0ba4f3f9714c7d04e4ebaacf96a5,45659,,excluded_no_target_link
3421959020,doc_f4a530f63943fb94,0001193125-20-039203,8-K,EX-101.DEF,employment_or_plan,https://www.sec.gov/Archives/edgar/data/320193/000119312520039203/aapl-20200217_def.xml,retrieved,5db8d3a5afa0f4573b9b2d0f055aa19474d1a08fc1be4acc77550cb74c372439,16653,,excluded_no_target_link
3421959020,doc_f8bc94ae1660f864,0000320193-19-000073,8-K,GRAPHIC,current_report_body,https://www.sec.gov/Archives/edgar/data/320193/000032019319000073/g325078g0426062022046a21.jpg,retrieved,39c5681c85660e4ebbd41dbb7da12b1f68e72556895810f5000fd6f844c07f7d,1239,,excluded_no_target_link
3421959020,doc_f8fa1503c7a96195,0001193125-19-242975,8-K,EX-101.PRE,employment_or_plan,https://www.sec.gov/Archives/edgar/data/320193/000119312519242975/aapl-20190904_pre.xml,retrieved,6881bd1a95bbce31b97fc6ab34559416c623b8a51798c19aea98329adce6ec07,17284,,excluded_no_target_link
3421959020,doc_f99dac468b3a4daa,0001193125-20-139112,8-K,EX-101.DEF,employment_or_plan,https://www.sec.gov/Archives/edgar/data/320193/000119312520139112/aapl-20200504_def.xml,retrieved,bccd4ea4bc91972bb26d3a5073d3a0be7542756796fc703bfe3161e3467967bf,16652,,excluded_no_target_link
3421959020,doc_faeb354f9fd68d85,0000320193-19-000093,8-K,EX-101.SCH,employment_or_plan,https://www.sec.gov/Archives/edgar/data/320193/000032019319000093/aapl-20190910.xsd,retrieved,fc1925bb841619add89751672e8334bb7009ce6d230805b23979c24eb4e27d7b,6347,,excluded_no_target_link
3421959020,doc_fddf68b5f2d78b99,0000320193-19-000117,8-K,EX-101.SCH,employment_or_plan,https://www.sec.gov/Archives/edgar/data/320193/000032019319000117/aapl-20191030.xsd,retrieved,2e682e0f71de07b2236ec37d7e3758785b6098a6e8aed644a292d1c8839dfbe0,6317,,excluded_no_target_link
3426068020,supp_24e34863bc502dcb,,OFFICIAL-SOURCE,official_company_announcement,official_announcement,https://www.waystar.com/news/waystar-acquires-digitize-ai-to-automate-prior-authorization/,retrieved,6a8942bcc2041d1ffe42f28d32b683aa4625cb5b2ff9b8d4c9ba1e0b04a8e3f1,194,curated_excerpt_preferred_for_incremental_rescreen,target_linked
3434593020,supp_041c284ce693e913,,OFFICIAL-SOURCE,primary_sec_filing,official_announcement,https://www.sec.gov/Archives/edgar/data/1745317/000162828022004461/vldr-20211231.htm,retrieved,8abb0fb42cb7e72577aa7c785ea80dde23bf8dbcce16a07af0db421b341b01c7,416734,,target_linked
3439275020,supp_db9957049be64ba8,,OFFICIAL-SOURCE,official_company_announcement,official_announcement,https://www.siemens-healthineers.com/en-us/press-room/press-releases/corindus.html,retrieved,67161565408e53fd5b9af5ec4b6273a5262e42fffe7cf24559207bde21c441e0,7632,,target_linked
3456854020,supp_f336b2444eff2f14,,OFFICIAL-SOURCE,official_company_announcement,official_announcement,https://about.fb.com/news/2021/03/inside-facebook-reality-labs-wrist-based-interaction-for-the-next-computing-platform/amp/,retrieved,6afb14f9d7ed3d7d3935151fa761ea6b262e0e1965bdbb0c5dbf4effb17f0538,6855,,target_linked
3508418020,supp_481be70c17b4acbe,,OFFICIAL-SOURCE,official_company_announcement,official_announcement,https://www.hitachivantara.com/pt-br/news-old/gl200122,retrieved,88632fd21b77ed3b11bb466f2e199befc8df4fb80d48dd54d1f7f6be60180ff6,171,curated_excerpt_preferred_for_incremental_rescreen,target_linked
3524280020,doc_0286112d8650835b,0001193125-20-050884,8-K,EX-101.LAB,employment_or_plan,https://www.sec.gov/Archives/edgar/data/320193/000119312520050884/aapl-20200226_lab.xml,retrieved,06efbc4c52ca4174ff479eb17575118380eebe9a1e514a073d63461be3114c2c,29328,,excluded_no_target_link
3524280020,doc_06064fc50e096fd0,0001193125-21-001982,8-K,8-K,current_report_body,https://www.sec.gov/Archives/edgar/data/320193/000119312521001982/d29637d8k.htm,retrieved,6d9db3cc803f8fa1d7639339f5b91d04b89427ed0b9cb1083ec09377635cb827,5949,,excluded_no_target_link
3524280020,doc_066d604bcd2ffd07,0000320193-20-000008,8-K,EX-99.1,press_release_exhibit,https://www.sec.gov/Archives/edgar/data/320193/000032019320000008/a8-kexhibit991q1202012.htm,retrieved,7df6a514e3acca41639b016ebf51b2ed2f2f027372abe4170a01d8a01a85160b,13635,,excluded_no_target_link
3524280020,doc_0a4372ad22d237e0,0001193125-21-001982,8-K,EX-101.DEF,employment_or_plan,https://www.sec.gov/Archives/edgar/data/320193/000119312521001982/aapl-20201229_def.xml,retrieved,d61e32eefad56f23be217b63dfb2bb7a1983f8502da772c9575057fb3790372c,16861,,excluded_no_target_link
3524280020,doc_15ff2d51dd849908,0001193125-20-001450,DEF 14A,DEF 14A,proxy_statement,https://www.sec.gov/Archives/edgar/data/320193/000119312520001450/d799303ddef14a1.pdf,retrieved,46fa3a7ab483cd110accae5e92b0ed252e4c1a78bbd27c1d716d95c7d3369325,1434535,,excluded_no_target_link
3524280020,doc_1630730f642325ac,0001193125-21-001987,DEF 14A,GRAPHIC,proxy_statement,https://www.sec.gov/Archives/edgar/data/320193/000119312521001987/g767770adamsvector2.jpg,retrieved,4b79e72296180e268e6be4bb60a8abfad86ccc18bb57e4a1722a1f3ef6f7fb08,57184,,excluded_no_target_link
3524280020,doc_18d92d3d46150b3c,0001193125-20-213158,8-K,EX-101.PRE,employment_or_plan,https://www.sec.gov/Archives/edgar/data/320193/000119312520213158/aapl-20200803_pre.xml,retrieved,603122231fdc0acad743474d95c4dc4f4ea1813fc3f29a55b4f2814050d26253,18591,,excluded_no_target_link
3524280020,doc_1cc9fdcc8ce3a491,0000320193-20-000008,8-K,EX-101.DEF,employment_or_plan,https://www.sec.gov/Archives/edgar/data/320193/000032019320000008/aapl-20200127_def.xml,retrieved,c54759a9bc7d4ac96b25058f8bc557f6424525f626c9976779dbe2529bc8e40a,19209,,excluded_no_target_link
3524280020,doc_2a21154f4b667f1a,0001193125-21-001982,8-K,EX-101.LAB,employment_or_plan,https://www.sec.gov/Archives/edgar/data/320193/000119312521001982/aapl-20201229_lab.xml,retrieved,87e62d5c39863d89d078e7f1ff3ae291960966711fadf4460a98601015a96573,28987,,excluded_no_target_link
3524280020,doc_2aa21bc703cc154a,0001193125-20-050884,8-K,EX-101.PRE,employment_or_plan,https://www.sec.gov/Archives/edgar/data/320193/000119312520050884/aapl-20200226_pre.xml,retrieved,0d5b88595087986c028387066b7d831408471fd7377f9397025ff1ce0f16e404,18570,,excluded_no_target_link
3524280020,doc_2dba7135e037bdd1,0000320193-20-000008,8-K,EX-101.SCH,employment_or_plan,https://www.sec.gov/Archives/edgar/data/320193/000032019320000008/aapl-20200127.xsd,retrieved,c9df38744f750ba447aa1585ab4eaf5e3c7fd7b18c80eac3a37c26c96bbd89ac,6727,,excluded_no_target_link
3524280020,doc_2f521c68e1f26055,0000320193-20-000094,8-K,EX-99.1,press_release_exhibit,https://www.sec.gov/Archives/edgar/data/320193/000032019320000094/a8-kex991q420209262020.htm,retrieved,d2360df967fae8755668a7165d090401c936b8fee67a010261ce4923199c1118,14259,,excluded_no_target_link
3524280020,doc_32c2eb74ad2c0cc0,0001193125-20-050884,8-K,,current_report_body,https://www.sec.gov/Archives/edgar/data/320193/000119312520050884/0001193125-20-050884.txt,retrieved,daf2bc771d4f42db4033f1f19b1bfdadce5b91f2bbe3441e18aaed0882ad3f83,180266,,excluded_no_target_link
3524280020,doc_33169c75288500a3,0001193125-20-213158,8-K,EX-101.SCH,employment_or_plan,https://www.sec.gov/Archives/edgar/data/320193/000119312520213158/aapl-20200803.xsd,retrieved,ba76669da56b7781799affb24edb6483e399fd9036b5fd38077d83733d80a174,5360,,excluded_no_target_link
3524280020,doc_340517327eec263c,0000320193-20-000060,8-K,EX-101.CAL,employment_or_plan,https://www.sec.gov/Archives/edgar/data/320193/000032019320000060/aapl-20200730_cal.xml,retrieved,240827fe744073b53d8671a9775711c19ba41940bef21a78af52222d1ccca8ac,716,,excluded_no_target_link
3524280020,doc_34806bf5bcbdf715,0001193125-20-225672,8-K,EX-101.LAB,employment_or_plan,https://www.sec.gov/Archives/edgar/data/320193/000119312520225672/aapl-20200813_lab.xml,retrieved,d29d0949d6a48ef35bc389fb17e8485c300eead1fd7d26995858e6f6a13d8988,28990,,excluded_no_target_link
3524280020,doc_39c9191f44a6a6a1,0000320193-20-000050,8-K,EX-101.PRE,employment_or_plan,https://www.sec.gov/Archives/edgar/data/320193/000032019320000050/aapl-20200428_pre.xml,retrieved,420f6c671070134916a344eec942ad500503cad87a4d8b725298d6a3e05ae747,21655,,excluded_no_target_link
3524280020,doc_3a3b32726643a3b9,0001193125-20-001450,DEF 14A,GRAPHIC,proxy_statement,https://www.sec.gov/Archives/edgar/data/320193/000119312520001450/g799303bellvector2.jpg,retrieved,cf2763e6531f2192f80f7dae3ef9eae50e1682f148d688f762e28043de69064b,55161,,excluded_no_target_link
3524280020,doc_3acf7d278ce3c007,0001193125-20-001450,DEF 14A,GRAPHIC,proxy_statement,https://www.sec.gov/Archives/edgar/data/320193/000119312520001450/g799303adamsvector2.jpg,retrieved,24c43e7e4347d13f97512ef13d63b87ebbce4194044eee45df183452b79c7f93,41533,,excluded_no_target_link
3524280020,doc_4017a8a11a4be23c,0001193125-21-001982,8-K,EX-101.SCH,employment_or_plan,https://www.sec.gov/Archives/edgar/data/320193/000119312521001982/aapl-20201229.xsd,retrieved,5ea41e9c4d1b5fc92efbab6db83ad3c616b6fecb683b444d358045284296cff1,5357,,excluded_no_target_link
3524280020,doc_429857c6ce632b97,0001193125-21-001982,8-K,,current_report_body,https://www.sec.gov/Archives/edgar/data/320193/000119312521001982/0001193125-21-001982.txt,retrieved,ef0314ede0e801769368631fdcef11489846f7c3be9a63127ea0e90bac6d4957,109017,,excluded_no_target_link
3524280020,doc_491e98d72279c61f,0001193125-20-001450,DEF 14A,DEF 14A,proxy_statement,https://www.sec.gov/Archives/edgar/data/320193/000119312520001450/d799303ddef14a.htm,retrieved,ece4d99fac5f7da0472a9a0aeb4eedb0c1c659188cc40b35a54c958d81498617,207416,,excluded_no_target_link
3524280020,doc_4bedc66228b2be05,0001193125-20-050884,8-K,EX-101.DEF,employment_or_plan,https://www.sec.gov/Archives/edgar/data/320193/000119312520050884/aapl-20200226_def.xml,retrieved,59d314a53b58c5ee48694116acc80dcd0af7202bca3bb082483f2d23d13845ab,17199,,excluded_no_target_link
3524280020,doc_4d03ba2b7505e5b0,0001193125-21-001987,DEF 14A,GRAPHIC,proxy_statement,https://www.sec.gov/Archives/edgar/data/320193/000119312521001987/g767770bellvector2.jpg,retrieved,cf2763e6531f2192f80f7dae3ef9eae50e1682f148d688f762e28043de69064b,55161,,excluded_no_target_link
3524280020,doc_55684677c4110bda,0000320193-20-000094,8-K,EX-101.CAL,employment_or_plan,https://www.sec.gov/Archives/edgar/data/320193/000032019320000094/aapl-20201029_cal.xml,retrieved,285c124e3c02739c32deffc9e6c6821713d50587494b4aecb7575113255d5d1b,716,,excluded_no_target_link
3524280020,doc_63f17bb723f8cc26,0000320193-20-000050,8-K,EX-101.LAB,employment_or_plan,https://www.sec.gov/Archives/edgar/data/320193/000032019320000050/aapl-20200428_lab.xml,retrieved,e259e0713df597d2714660219dc150562e45e4ff06c4b3f6f7f8709371c3509c,45659,,excluded_no_target_link
3524280020,doc_6703fe7ba55ccdd5,0001193125-20-139112,8-K,,current_report_body,https://www.sec.gov/Archives/edgar/data/320193/000119312520139112/0001193125-20-139112.txt,retrieved,b455b0206eb50fb683a7b6b928da61471355504017c1b82bf3fde3b4b2a9e2b4,432162,,excluded_no_target_link
3524280020,doc_6955bb5ff2db6718,0001193125-20-213158,8-K,,current_report_body,https://www.sec.gov/Archives/edgar/data/320193/000119312520213158/0001193125-20-213158.txt,retrieved,047cf60e9b0753b4a333f93abf482914564beb924063db25228601edd50f76a3,111718,,excluded_no_target_link
3524280020,doc_743c3371f7cd993d,0001193125-20-139112,8-K,EX-101.SCH,employment_or_plan,https://www.sec.gov/Archives/edgar/data/320193/000119312520139112/aapl-20200504.xsd,retrieved,8df7839da1382fa69b29e201c6afd7b00366c952fa20adab647d1ba44bf90236,6165,,excluded_no_target_link
3524280020,doc_753746be3bb9a6b4,0001193125-20-225672,8-K,EX-101.SCH,employment_or_plan,https://www.sec.gov/Archives/edgar/data/320193/000119312520225672/aapl-20200813.xsd,retrieved,a8e87c2d36e4270d5cbd87e62dbb120eaf60d4f0b96d0dbcceee8bbc16c41a3b,5360,,excluded_no_target_link
3524280020,doc_75613c0abb062d2f,0000320193-20-000094,8-K,EX-101.SCH,employment_or_plan,https://www.sec.gov/Archives/edgar/data/320193/000032019320000094/aapl-20201029.xsd,retrieved,202992937ff97b4a13c1c6f94443ec7f6a53e3234c933323f2ef471308f4341c,4842,,excluded_no_target_link
3524280020,doc_7f188a8bcf92e322,0000320193-20-000060,8-K,EX-99.1,press_release_exhibit,https://www.sec.gov/Archives/edgar/data/320193/000032019320000060/a8-kexhibit991q3202062.htm,retrieved,6830ad7c65b270a42e37fc59f3056f3d3f1014c19c57cd595efadd472d46cd85,15054,,excluded_no_target_link
3524280020,doc_8173e09f40a9b482,0001193125-20-213158,8-K,EX-101.LAB,employment_or_plan,https://www.sec.gov/Archives/edgar/data/320193/000119312520213158/aapl-20200803_lab.xml,retrieved,f11c3ae44369e2b7ee3da84c6fb483daac1c14357eb607f306bae8349500b52d,29741,,excluded_no_target_link
3524280020,doc_88788e1bb27df7ca,0001193125-20-139112,8-K,EX-101.LAB,employment_or_plan,https://www.sec.gov/Archives/edgar/data/320193/000119312520139112/aapl-20200504_lab.xml,retrieved,cb7b8b4add6b48bae9f7f087d13c7398719d471db8b3cdc5fe3c532ca29b882f,28581,,excluded_no_target_link
3524280020,doc_8a0f336e241b7824,0000320193-20-000050,8-K,EX-99.1,press_release_exhibit,https://www.sec.gov/Archives/edgar/data/320193/000032019320000050/a8-kexhibit991q2202032.htm,retrieved,244dc76e2fee2351e4166deda8fe753269b6dcb882bc94f18cf396f124651a43,15004,,excluded_no_target_link
3524280020,doc_9140711e43d99229,0001193125-20-139112,8-K,EX-101.PRE,employment_or_plan,https://www.sec.gov/Archives/edgar/data/320193/000119312520139112/aapl-20200504_pre.xml,retrieved,a5bb13baf541c9f53d1f95e1f1fbf34b4060f29695ab096756cacf1a691fac64,18141,,excluded_no_target_link
3524280020,doc_93a03b2d22c94c70,0000320193-20-000060,8-K,EX-101.PRE,employment_or_plan,https://www.sec.gov/Archives/edgar/data/320193/000032019320000060/aapl-20200730_pre.xml,retrieved,c04d145e3b74ae8a2c231033bbd057c7882cf3bd984d09930811ed8eac2abed3,20887,,excluded_no_target_link
3524280020,doc_95381068442ccbfb,0000320193-20-000060,8-K,EX-101.DEF,employment_or_plan,https://www.sec.gov/Archives/edgar/data/320193/000032019320000060/aapl-20200730_def.xml,retrieved,68e581b9f6ccadc7cc6c6bb0d53e003873dff3356738b174ea9697d627af8571,19727,,excluded_no_target_link
3524280020,doc_965c4af4b9cf2935,0001193125-20-039203,8-K,EX-101.PRE,employment_or_plan,https://www.sec.gov/Archives/edgar/data/320193/000119312520039203/aapl-20200217_pre.xml,retrieved,c41f4fff2924c65543f3cbb091bde620d8cfa5c4087ccd29ce84122b08663b24,18142,,excluded_no_target_link
3524280020,doc_9d61a341b7a390fd,0001193125-20-050884,8-K,8-K,current_report_body,https://www.sec.gov/Archives/edgar/data/320193/000119312520050884/d865740d8k.htm,retrieved,79dd522357cf858c3fb5afe2b0d1a67d55ce1f426ce6be7a627f32f9769b280b,7626,,excluded_no_target_link
3524280020,doc_a1d70176cefddc0c,0000320193-20-000060,8-K,EX-101.LAB,employment_or_plan,https://www.sec.gov/Archives/edgar/data/320193/000032019320000060/aapl-20200730_lab.xml,retrieved,ed7a0c791b2cd8bb0cafd79c9a466f81537d882d118db4707aba11560dc69482,42152,,excluded_no_target_link
3524280020,doc_a53217d63effe1bd,0001193125-20-039203,8-K,EX-101.LAB,employment_or_plan,https://www.sec.gov/Archives/edgar/data/320193/000119312520039203/aapl-20200217_lab.xml,retrieved,a88c6502b21727ff4ce0494f159eb297e50bd34ade6008d62edc32a266a68828,28582,,excluded_no_target_link
3524280020,doc_a937ad7bd57473c5,0000320193-20-000094,8-K,EX-101.PRE,employment_or_plan,https://www.sec.gov/Archives/edgar/data/320193/000032019320000094/aapl-20201029_pre.xml,retrieved,c5f2db216e066451038b44dbb27ed5c616544d62eaeae2b09e5eb7bb31b9f414,21426,,excluded_no_target_link
3524280020,doc_af29c1fb5c1e7602,0000320193-20-000094,8-K,EX-101.DEF,employment_or_plan,https://www.sec.gov/Archives/edgar/data/320193/000032019320000094/aapl-20201029_def.xml,retrieved,d22e33db28abf86c5dc01416d27a05bec2ccc1fd27c1f92fc4d15ed308c63de1,20206,,excluded_no_target_link
3524280020,doc_b1162024e70554bc,0001193125-20-039203,8-K,EX-101.SCH,employment_or_plan,https://www.sec.gov/Archives/edgar/data/320193/000119312520039203/aapl-20200217.xsd,retrieved,8c11a27eafebcae083205e845489c0ac0bc7e46458f353e969831049418a4ef4,6166,,excluded_no_target_link
3524280020,doc_b3ada844c3d4cf41,0001193125-21-001987,DEF 14A,,proxy_statement,https://www.sec.gov/Archives/edgar/data/320193/000119312521001987/0001193125-21-001987.txt,retrieved,178f06cc7cce73fd6aa88aa59cbcb3ef091e49d9a0ecfd86bb18682e3c106c4e,6062050,,excluded_no_target_link
3524280020,doc_b3d303ca0967a61c,0001193125-20-225672,8-K,8-K,current_report_body,https://www.sec.gov/Archives/edgar/data/320193/000119312520225672/d937363d8k.htm,retrieved,0f858cbd604175564f103a40e573a5beead02b494bdd060cbfcf26c48fa25436,8319,,excluded_no_target_link
3524280020,doc_b590c21843956a74,0001193125-20-213158,8-K,EX-101.DEF,employment_or_plan,https://www.sec.gov/Archives/edgar/data/320193/000119312520213158/aapl-20200803_def.xml,retrieved,d178affbcabe2dfb1b4824d4730372cdf51aaadcd67c03c1e7dc75b8b70f6277,17181,,excluded_no_target_link
3524280020,doc_b6684724138bd43f,0000320193-20-000050,8-K,EX-101.CAL,employment_or_plan,https://www.sec.gov/Archives/edgar/data/320193/000032019320000050/aapl-20200428_cal.xml,retrieved,b6a91a55f6133655b5dc7ca9e992fa61d091be868c543c935a80104534bea896,614,,excluded_no_target_link
3524280020,doc_c146499ae7ae75f7,0001193125-20-225672,8-K,,current_report_body,https://www.sec.gov/Archives/edgar/data/320193/000119312520225672/0001193125-20-225672.txt,retrieved,bfdcd0e8834fc937ef549ba673efe1442a7e24e08075db0746ab4a128805b642,373534,,excluded_no_target_link
3524280020,doc_c4727c77bfcaea39,0001193125-20-039203,8-K,8-K,current_report_body,https://www.sec.gov/Archives/edgar/data/320193/000119312520039203/d845033d8k.htm,retrieved,b459c2702547e19b85db8e5b0c90e5827e1a9388372901bca83ff1365076a617,5724,,excluded_no_target_link
3524280020,doc_c6246c673b050370,0001193125-20-001450,DEF 14A,GRAPHIC,proxy_statement,https://www.sec.gov/Archives/edgar/data/320193/000119312520001450/g799303cookvector2.jpg,retrieved,7347c28f8809b54581b3e9cacdc1a7cf90c62e301afefc85db3cc1cc267ec621,30810,,excluded_no_target_link
3524280020,doc_c75ccc47e5a81658,0000320193-20-000050,8-K,EX-101.SCH,employment_or_plan,https://www.sec.gov/Archives/edgar/data/320193/000032019320000050/aapl-20200428.xsd,retrieved,ade0d531426b338f0a996cf295a4872bf099d1134fb88258ce01d038acd01fc4,6589,,excluded_no_target_link
3524280020,doc_cccc6d1e46fcd90e,0001193125-20-225672,8-K,EX-101.DEF,employment_or_plan,https://www.sec.gov/Archives/edgar/data/320193/000119312520225672/aapl-20200813_def.xml,retrieved,0d6dcf021d725b9167af52aecb22bf303812281ee0c4b578c8b1b0cc880eac74,16776,,excluded_no_target_link
3524280020,doc_cf1eebfcf1520921,0000320193-20-000050,8-K,EX-101.DEF,employment_or_plan,https://www.sec.gov/Archives/edgar/data/320193/000032019320000050/aapl-20200428_def.xml,retrieved,6fe05317afc37222e1a03926b536990d741980d20cd3ed6a9de7b9b3664c1c10,19259,,excluded_no_target_link
3524280020,doc_d091f83aff29a7d3,0000320193-20-000060,8-K,EX-101.SCH,employment_or_plan,https://www.sec.gov/Archives/edgar/data/320193/000032019320000060/aapl-20200730.xsd,retrieved,56a2c325fa38cdc57394db64724255076bbcae149d4934dfb36232ff945a25bf,4842,,excluded_no_target_link
3524280020,doc_d0c5be996fbe013c,0001193125-20-001450,DEF 14A,,proxy_statement,https://www.sec.gov/Archives/edgar/data/320193/000119312520001450/0001193125-20-001450.txt,retrieved,87e3e677f298ac4717ef5729e37407b34aaaa3a4df154720bca3121dd86f2c57,4299752,,excluded_no_target_link
3524280020,doc_d439dab6b415e4c5,0001193125-21-001987,DEF 14A,GRAPHIC,proxy_statement,https://www.sec.gov/Archives/edgar/data/320193/000119312521001987/g767770cookvector2.jpg,retrieved,7347c28f8809b54581b3e9cacdc1a7cf90c62e301afefc85db3cc1cc267ec621,30810,,excluded_no_target_link
3524280020,doc_d5a916f6cbf59d8e,0001193125-20-050884,8-K,EX-101.SCH,employment_or_plan,https://www.sec.gov/Archives/edgar/data/320193/000119312520050884/aapl-20200226.xsd,retrieved,054d58af7e2955347118944bdc72d68541fef9d1f61d76d8aa54ad62bd5e8fc1,6041,,excluded_no_target_link
3524280020,doc_dad5708c7cc324bb,0000320193-20-000094,8-K,EX-101.LAB,employment_or_plan,https://www.sec.gov/Archives/edgar/data/320193/000032019320000094/aapl-20201029_lab.xml,retrieved,9b8094c8fb0e905b9ad52e91307c5b5ddfe9c58d828218ae35094a602f9d5d3e,43107,,excluded_no_target_link
3524280020,doc_de11f9937f2f1807,0001193125-20-139112,8-K,8-K,current_report_body,https://www.sec.gov/Archives/edgar/data/320193/000119312520139112/d926511d8k.htm,retrieved,c8ba3ee71d161d465d404abe00adb2ee9db0b33419a1927e5d2cf256817cb545,8879,,excluded_no_target_link
3524280020,doc_e00ec353e742ec3a,0001193125-21-001987,DEF 14A,DEF 14A,proxy_statement,https://www.sec.gov/Archives/edgar/data/320193/000119312521001987/d767770ddef14a.htm,retrieved,0c326207a58bf25c984d7236c340eeba386453517669a4ee4ef4b47787879380,213646,,excluded_no_target_link
3524280020,doc_e7263195123dcd64,0001193125-20-213158,8-K,8-K,current_report_body,https://www.sec.gov/Archives/edgar/data/320193/000119312520213158/d49399d8k.htm,retrieved,f61cb669cf80d0689807d7212a993e0783684bb1fffcb48464068edf6d2c1a6a,5727,,excluded_no_target_link
3524280020,doc_e8fb9166d6119842,0000320193-20-000008,8-K,EX-101.PRE,employment_or_plan,https://www.sec.gov/Archives/edgar/data/320193/000032019320000008/aapl-20200127_pre.xml,retrieved,777eb76f5ce8e3c92b0e6f9ebe462b093ea199f6e09b329fbdb1f8c9e9b34ac4,21655,,excluded_no_target_link
3524280020,doc_eb7e64995539da1a,0001193125-20-225672,8-K,EX-101.PRE,employment_or_plan,https://www.sec.gov/Archives/edgar/data/320193/000119312520225672/aapl-20200813_pre.xml,retrieved,0df185ebfa77e5c28d51b50d561b2dbdbc2857ab7ff34951474d67b9bc32edd1,18126,,excluded_no_target_link
3524280020,doc_ec16bc6e05b68d22,0001193125-20-039203,8-K,EX-99.1,press_release_exhibit,https://www.sec.gov/Archives/edgar/data/320193/000119312520039203/d845033dex991.htm,retrieved,9d9f88d9bb142321d6ede0085f689e3ce6562e060ff46c07cb853db7f5de0138,8086,,excluded_no_target_link
3524280020,doc_f26a4595c822d7a6,0000320193-20-000008,8-K,EX-101.CAL,employment_or_plan,https://www.sec.gov/Archives/edgar/data/320193/000032019320000008/aapl-20200127_cal.xml,retrieved,57484e780c705a7cb9cc0b4ab3ae559ed505e2f243c8b021241f236844f50e1a,614,,excluded_no_target_link
3524280020,doc_f41780500c0ea675,0000320193-20-000008,8-K,EX-101.LAB,employment_or_plan,https://www.sec.gov/Archives/edgar/data/320193/000032019320000008/aapl-20200127_lab.xml,retrieved,e8d7df3bca59388424bdf026e413e0161cfd0ba4f3f9714c7d04e4ebaacf96a5,45659,,excluded_no_target_link
3524280020,doc_f4a530f63943fb94,0001193125-20-039203,8-K,EX-101.DEF,employment_or_plan,https://www.sec.gov/Archives/edgar/data/320193/000119312520039203/aapl-20200217_def.xml,retrieved,5db8d3a5afa0f4573b9b2d0f055aa19474d1a08fc1be4acc77550cb74c372439,16653,,excluded_no_target_link
3524280020,doc_f4cb2c0a143c860d,0001193125-21-001982,8-K,EX-101.PRE,employment_or_plan,https://www.sec.gov/Archives/edgar/data/320193/000119312521001982/aapl-20201229_pre.xml,retrieved,523658a16e69946562dc6413456111746e757910c705cbc06e67282c9e68cffc,18211,,excluded_no_target_link
3524280020,doc_f99dac468b3a4daa,0001193125-20-139112,8-K,EX-101.DEF,employment_or_plan,https://www.sec.gov/Archives/edgar/data/320193/000119312520139112/aapl-20200504_def.xml,retrieved,bccd4ea4bc91972bb26d3a5073d3a0be7542756796fc703bfe3161e3467967bf,16652,,excluded_no_target_link
3524280020,doc_fd6d79e66e9f382c,0001193125-21-001987,DEF 14A,DEF 14A,proxy_statement,https://www.sec.gov/Archives/edgar/data/320193/000119312521001987/d767770ddef14a1.pdf,retrieved,b6edf90654bf24621fc3ac560bc66d83b661f012063f483eb37b7bab23e1a1f0,2249168,,excluded_no_target_link
3535746020,supp_0d563879c627e619,,OFFICIAL-SOURCE,official_company_announcement,official_announcement,https://www.nylas.com/blog/nylas-juneai-acquisition/,retrieved,8f8269f0cc415b2cce1c58ba5de76907eda5c3cfb8552f53c92bbe6e44b45fbf,6214,,target_linked
3541403020,supp_90ae73638955701d,,OFFICIAL-SOURCE,official_company_announcement,official_announcement,https://medium.com/6d-ai/6d-ai-joins-niantic-making-a-major-step-toward-building-the-ar-cloud-1594be62e85f,retrieved,a80c2c49a1d5cfe6b09b49c383c881e16e7b248b41262a954ac9b18f81801ccc,171,curated_excerpt_preferred_for_incremental_rescreen,target_linked
3572126040,doc_0291a278741a1eab,0001308179-21-000035,DEF 14A,DEF 14A,proxy_statement,https://www.sec.gov/Archives/edgar/data/37785/000130817921000035/lfmc2021_def14a.htm,retrieved,cadc4e258f4d7f8f57b95ecc380ff6c00bfa964ac7083a2c4adccb2d25435ad7,263727,,excluded_no_target_link
3572126040,doc_0b95a160a044a814,0001308179-21-000035,DEF 14A,,proxy_statement,https://www.sec.gov/Archives/edgar/data/37785/000130817921000035/0001308179-21-000035.txt,retrieved,d872b28c673016fdccb60ec2e1e02e5bd810602928dd16ce9a4adc542b4689c4,1660307,,target_linked
3572126040,doc_0e00433b0c4bb08f,0000037785-20-000101,8-K,EX-101.DEF,employment_or_plan,https://www.sec.gov/Archives/edgar/data/37785/000003778520000101/fmc-20200804_def.xml,retrieved,6b632fb92ce5737e6df1ec0f204cdc341874d1eeb4840acc0dc5edea9bf564c5,1648,,excluded_no_target_link
3572126040,doc_0e2b79b899d847e4,0000037785-20-000059,8-K,EX-101.PRE,employment_or_plan,https://www.sec.gov/Archives/edgar/data/37785/000003778520000059/fmc-20200427_pre.xml,retrieved,1a9c15b0771d554fcd01e4009d9bcaf014a6d5a3781a62a75b39c183cd81cb2a,12647,,excluded_no_target_link
3572126040,doc_12f9e291584f01f7,0000037785-20-000059,8-K,EX-101.CAL,employment_or_plan,https://www.sec.gov/Archives/edgar/data/37785/000003778520000059/fmc-20200427_cal.xml,retrieved,45053582e08660323d7a577a8301fdd7389a5001e3214de1584ac2682c4a1ff3,711,,excluded_no_target_link
3572126040,doc_166bfc06f5cb9076,0000037785-20-000119,8-K,EX-101.PRE,employment_or_plan,https://www.sec.gov/Archives/edgar/data/37785/000003778520000119/fmc-20201102_pre.xml,retrieved,91cf5df8d99c0be643c05bc399a7f6bfafb22a5e71a24098bb737dfd7a75e80b,12647,,excluded_no_target_link
3572126040,doc_19035a573ac06cf3,0000037785-21-000013,8-K,EX-101.PRE,employment_or_plan,https://www.sec.gov/Archives/edgar/data/37785/000003778521000013/fmc-20210209_pre.xml,retrieved,eb1854801cd31b9d35c0078603d628cd400a2dd7b7663e599037262aad7b572c,12647,,excluded_no_target_link
3572126040,doc_1d6743ef7d143b5d,0000037785-21-000004,8-K,EX-99.1,press_release_exhibit,https://www.sec.gov/Archives/edgar/data/37785/000003778521000004/ex9911192021.htm,retrieved,ce736270599641f0c51e0c5099442baa7d07682aa3520640c6a58512bc79df89,9018,,excluded_no_target_link
3572126040,doc_1f4c2d90de135856,0000037785-20-000055,8-K,EX-10.2,employment_or_plan,https://www.sec.gov/Archives/edgar/data/37785/000003778520000055/ex102-amendmentno2.htm,retrieved,36cd26139777f4335e6c83c6380ca9934f7c4f061efc55f11764265e0a4f1e73,16119,,excluded_no_target_link
3572126040,doc_202ed83d4fbd9214,0000037785-21-000004,8-K,EX-101.SCH,employment_or_plan,https://www.sec.gov/Archives/edgar/data/37785/000003778521000004/fmc-20210119.xsd,retrieved,f239c64a49260dc82207fb9800c4319e7c12d91aea8d79f79de7da02b465ed8c,2416,,excluded_no_target_link
3572126040,doc_2561cbb414aa2a19,0000037785-21-000012,8-K,EX-101.CAL,employment_or_plan,https://www.sec.gov/Archives/edgar/data/37785/000003778521000012/fmc-20210209_cal.xml,retrieved,b909bdc75e4f60cb4422e9449fb8615d99499539fafaa77c9e1cf681515972a5,711,,excluded_no_target_link
3572126040,doc_25c5b15ef93836c8,0000037785-20-000072,8-K,EX-101.CAL,employment_or_plan,https://www.sec.gov/Archives/edgar/data/37785/000003778520000072/fmc-20200505_cal.xml,retrieved,2c6cc87251568d601a5e4305145cb28d7c406fafe78ea8788d31e55135e60b63,711,,excluded_no_target_link
3572126040,doc_278a738fa92b2021,0000037785-20-000072,8-K,EX-101.SCH,employment_or_plan,https://www.sec.gov/Archives/edgar/data/37785/000003778520000072/fmc-20200505.xsd,retrieved,085294e4b0e2264048c1371fdc4ec1cdd7bfdf5e53861518d4245b78aa4b411c,2557,,excluded_no_target_link
3572126040,doc_2a85b852a119bd6d,0000037785-20-000101,8-K,EX-99.1,press_release_exhibit,https://www.sec.gov/Archives/edgar/data/37785/000003778520000101/fmcex991063020ng.htm,retrieved,83e748ff162f255922068cae9bf28d99f71c66a382b352ccd357899a902531e1,31875,,excluded_no_target_link
3572126040,doc_329a1122aaad5857,0000037785-21-000013,8-K,EX-101.LAB,employment_or_plan,https://www.sec.gov/Archives/edgar/data/37785/000003778521000013/fmc-20210209_lab.xml,retrieved,0b38c05da34c707af5677ce2f16eac2ffba5c251e5d93e7532392e78ac8ded4a,24270,,excluded_no_target_link
3572126040,doc_329c3794f88a4693,0001308179-21-000035,DEF 14A,GRAPHIC,proxy_statement,https://www.sec.gov/Archives/edgar/data/37785/000130817921000035/lfmcx12x1.jpg,retrieved,b2c482eff178dc5ac00272366317a2813ca17cfcef5f2fd6fd5cead145fc222b,10209,,excluded_no_target_link
3572126040,doc_356cd516f4c9a353,0000037785-21-000027,8-K,EX-101.LAB,employment_or_plan,https://www.sec.gov/Archives/edgar/data/37785/000003778521000027/fmc-20210427_lab.xml,retrieved,2fc275c2836e748b2e0d345681aca580e227b11030eed428dd2240070a128ae3,24270,,excluded_no_target_link
3572126040,doc_3793892d9a918c0e,0000037785-20-000119,8-K,EX-101.DEF,employment_or_plan,https://www.sec.gov/Archives/edgar/data/37785/000003778520000119/fmc-20201102_def.xml,retrieved,a30a4f94f46a5bfcbc1e569be621d6476bf20f2bdba573f58a43fe1778c1cc78,1648,,excluded_no_target_link
3572126040,doc_38bbabe66760de9a,0000037785-21-000037,8-K,EX-101.LAB,employment_or_plan,https://www.sec.gov/Archives/edgar/data/37785/000003778521000037/fmc-20210505_lab.xml,retrieved,ce978dfa0d2d365c4110259395c71495c337d16bcd6f7c135580d3c7023a2ccd,24270,,excluded_no_target_link
3572126040,doc_39e83b84e7616830,0000037785-21-000037,8-K,EX-101.DEF,employment_or_plan,https://www.sec.gov/Archives/edgar/data/37785/000003778521000037/fmc-20210505_def.xml,retrieved,e9ad9a0527269cf356e0afec70d099b1472aec252428660cacdc93fb15d2fcf0,1648,,excluded_no_target_link
3572126040,doc_3a66f10a8293cc3a,0001308179-21-000035,DEF 14A,GRAPHIC,proxy_statement,https://www.sec.gov/Archives/edgar/data/37785/000130817921000035/lfmcx12x2.jpg,retrieved,76fd6c33b958e6ecf357ebc254a7dd31b6cdbfd2c80b022a5a826e4875a5f71b,9215,,excluded_no_target_link
3572126040,doc_3e202974aa7e3cbb,0000037785-21-000004,8-K,EX-101.CAL,employment_or_plan,https://www.sec.gov/Archives/edgar/data/37785/000003778521000004/fmc-20210119_cal.xml,retrieved,6550738142e18a4c96ab7cbe04201b6551d63f3045da5fbfb65e07d809b81cc5,711,,excluded_no_target_link
3572126040,doc_40e32491aed3cb99,0000037785-21-000013,8-K,EX-101.SCH,employment_or_plan,https://www.sec.gov/Archives/edgar/data/37785/000003778521000013/fmc-20210209.xsd,retrieved,eaf02bd340e29759c87015bbdd67e489a7c63756c70b15465b387ac85baf9519,2416,,excluded_no_target_link
3572126040,doc_4c23660a5382689a,0000037785-20-000093,8-K,EX-101.DEF,employment_or_plan,https://www.sec.gov/Archives/edgar/data/37785/000003778520000093/fmc-20200713_def.xml,retrieved,2f150088425f0f7e1ad2c982aee031f3bec0d9cceb77c9fbc7f563a40d6c5c65,1648,,excluded_no_target_link
3572126040,doc_4ea1c9f4adf6650b,0000037785-21-000013,8-K,EX-101.CAL,employment_or_plan,https://www.sec.gov/Archives/edgar/data/37785/000003778521000013/fmc-20210209_cal.xml,retrieved,0cbed717039f14225ae8b5e6c28f0e9b0d837a6d73fb8cb1ad40f629fb0d9f89,711,,excluded_no_target_link
3572126040,doc_500a5b427b1ef6b7,0000037785-21-000012,8-K,EX-101.LAB,employment_or_plan,https://www.sec.gov/Archives/edgar/data/37785/000003778521000012/fmc-20210209_lab.xml,retrieved,ccf93fe689b3dc4f1d29b864f67ffc33897e79549b2c746c21c9b12e6de144f7,23970,,excluded_no_target_link
3572126040,doc_56e3f04e884b5bda,0000037785-20-000059,8-K,EX-101.DEF,employment_or_plan,https://www.sec.gov/Archives/edgar/data/37785/000003778520000059/fmc-20200427_def.xml,retrieved,b08816ae2e2d7aa7b8e097508a33706b704fac8bd16575956e4a7d18bd266134,1648,,excluded_no_target_link
3572126040,doc_5741090628efdfa6,0000037785-20-000055,8-K,EX-99.1,press_release_exhibit,https://www.sec.gov/Archives/edgar/data/37785/000003778520000055/ex9912020debtamendment.htm,retrieved,3a9c4d33fce3353011d351ed848764f3145fdc074385b82a8d141842bee4c81e,5948,,excluded_no_target_link
3572126040,doc_583321d5ff09cdc5,0000037785-20-000059,8-K,EX-10.1,employment_or_plan,https://www.sec.gov/Archives/edgar/data/37785/000003778520000059/completterpbv2.htm,retrieved,24b30b7a11014f7636ca4213c44c5746e2c73d69c18016b9667f1a979f916c55,3588,,excluded_no_target_link
3572126040,doc_67d2ce1fac75b847,0000037785-21-000027,8-K,EX-101.DEF,employment_or_plan,https://www.sec.gov/Archives/edgar/data/37785/000003778521000027/fmc-20210427_def.xml,retrieved,a21dfd2f08b35c30af59ddb86eb46756d6cc19844de3749388995195090e2591,1648,,excluded_no_target_link
3572126040,doc_68ea008e47d2f6c9,0000037785-21-000037,8-K,EX-101.PRE,employment_or_plan,https://www.sec.gov/Archives/edgar/data/37785/000003778521000037/fmc-20210505_pre.xml,retrieved,acab6cc65acaf430a8f55bbde32b305e3a2386d1922693e82d6372d9fba12138,12647,,excluded_no_target_link
3572126040,doc_6a71c3bed0c3b66f,0000037785-20-000072,8-K,EX-101.LAB,employment_or_plan,https://www.sec.gov/Archives/edgar/data/37785/000003778520000072/fmc-20200505_lab.xml,retrieved,c66d71169a98c447e13fc701e973d21969c050cb2c442d7101edc7c2138f102f,24270,,excluded_no_target_link
3572126040,doc_6b5cafee93abf3fa,0000037785-20-000072,8-K,EX-101.DEF,employment_or_plan,https://www.sec.gov/Archives/edgar/data/37785/000003778520000072/fmc-20200505_def.xml,retrieved,bfcac9dbeb68da68d0b2cc3aeedf831d27e14998c21ef32dd75d3f3fa255fd28,1648,,excluded_no_target_link
3572126040,doc_6ebc9c28d623ec00,0000037785-20-000093,8-K,EX-101.CAL,employment_or_plan,https://www.sec.gov/Archives/edgar/data/37785/000003778520000093/fmc-20200713_cal.xml,retrieved,37a17475c3d566408eca94f988dea141d9c56eadb4aa715bfe5bf843409fb83f,711,,excluded_no_target_link
3572126040,doc_7211f95c1400e847,0000037785-20-000101,8-K,EX-101.LAB,employment_or_plan,https://www.sec.gov/Archives/edgar/data/37785/000003778520000101/fmc-20200804_lab.xml,retrieved,2cad6a366c755f9e834d0cc6b0e30c23f928df6cb649c1ab3a0b15bb1d5d73db,24270,,excluded_no_target_link
3572126040,doc_771686fa2eff5f73,0000037785-21-000037,8-K,EX-101.SCH,employment_or_plan,https://www.sec.gov/Archives/edgar/data/37785/000003778521000037/fmc-20210505.xsd,retrieved,94a66d1055df350912353f095f267632c207ccf7015f7388a028130dff2c8499,2416,,excluded_no_target_link
3572126040,doc_77e2cf4fedfac07b,0000037785-20-000119,8-K,EX-101.LAB,employment_or_plan,https://www.sec.gov/Archives/edgar/data/37785/000003778520000119/fmc-20201102_lab.xml,retrieved,3b19e5348bbc533c8922270ef1bc661e1df28b41427f3f8a7018a6971560c668,24270,,excluded_no_target_link
3572126040,doc_7e2f48e34c9e2f8e,0000037785-20-000055,8-K,EX-101.CAL,employment_or_plan,https://www.sec.gov/Archives/edgar/data/37785/000003778520000055/fmc-20200422_cal.xml,retrieved,7d1a7b3031aa5fea8be21d450492499b08f3516227cee8f38951394e39d6d30f,711,,excluded_no_target_link
3572126040,doc_806496df0e03da7b,0000037785-21-000027,8-K,EX-101.CAL,employment_or_plan,https://www.sec.gov/Archives/edgar/data/37785/000003778521000027/fmc-20210427_cal.xml,retrieved,4daceb332a516261f41af38138f7b09cfd9b4be2304764020c68225683dc86ce,711,,excluded_no_target_link
3572126040,doc_829db14848a78893,0000037785-20-000093,8-K,EX-101.LAB,employment_or_plan,https://www.sec.gov/Archives/edgar/data/37785/000003778520000093/fmc-20200713_lab.xml,retrieved,aed96b63526e19886cb501274fd545381be2567f1b6493999a491a2ad4ea6063,24270,,excluded_no_target_link
3572126040,doc_855350b6e408866b,0000037785-21-000012,8-K,EX-99.1,press_release_exhibit,https://www.sec.gov/Archives/edgar/data/37785/000003778521000012/fmcex991123120ng.htm,retrieved,9137ddb15db700063198e6872c507e045325c1d64b47798bf20b567c0a7a6de5,34603,,target_linked
3572126040,doc_8daf1d65269550a1,0000037785-21-000037,8-K,EX-101.CAL,employment_or_plan,https://www.sec.gov/Archives/edgar/data/37785/000003778521000037/fmc-20210505_cal.xml,retrieved,5a97d79345783fb32d7c840fbbee65b3f1eba52644868559f878670748df3243,711,,excluded_no_target_link
3572126040,doc_930504645ee36608,0000037785-21-000004,8-K,EX-101.PRE,employment_or_plan,https://www.sec.gov/Archives/edgar/data/37785/000003778521000004/fmc-20210119_pre.xml,retrieved,fff033e6b72f49757304a0dde91bbc5556be3649bba1a75e030f9d4d81d8cb38,12647,,excluded_no_target_link
3572126040,doc_98fb15ba4fc5fb6b,0000037785-21-000013,8-K,EX-99.1,press_release_exhibit,https://www.sec.gov/Archives/edgar/data/37785/000003778521000013/ex991pierrebrondeautransit.htm,retrieved,ba25e6ee5b1bb0304d7a8f9498ab4611752754f5baafbc93831437c8c3be4c31,4528,,excluded_no_target_link
3572126040,doc_9a81ac5383739d08,0000037785-20-000059,8-K,EX-101.LAB,employment_or_plan,https://www.sec.gov/Archives/edgar/data/37785/000003778520000059/fmc-20200427_lab.xml,retrieved,2a2321691851e000a8e3f42833b3d2d38a105262a120954aa932390d4f852418,24270,,excluded_no_target_link
3572126040,doc_a1a091160e9b47e2,0000037785-20-000101,8-K,EX-101.SCH,employment_or_plan,https://www.sec.gov/Archives/edgar/data/37785/000003778520000101/fmc-20200804.xsd,retrieved,d131d3c2bd6cbe8c59297d44ce1e11f10b0f7cf189c3b661d30b75a186814714,2416,,excluded_no_target_link
3572126040,doc_a59121136719751c,0000037785-21-000012,8-K,EX-101.SCH,employment_or_plan,https://www.sec.gov/Archives/edgar/data/37785/000003778521000012/fmc-20210209.xsd,retrieved,c448245824abd8a82cec62052f4ffb2fc1afced33b304abc6c15f3a5d3dfb2ac,2416,,excluded_no_target_link
3572126040,doc_ae87a1e5f64ae56a,0000037785-20-000093,8-K,EX-101.PRE,employment_or_plan,https://www.sec.gov/Archives/edgar/data/37785/000003778520000093/fmc-20200713_pre.xml,retrieved,e443eae052dbc4755b6d88930251573f1c8cabe40ed51025e64b6aed57674432,12647,,excluded_no_target_link
3572126040,doc_b01f99e410b151bc,0000037785-21-000027,8-K,EX-101.PRE,employment_or_plan,https://www.sec.gov/Archives/edgar/data/37785/000003778521000027/fmc-20210427_pre.xml,retrieved,5b5d2b6c56d3a5b0bf97299d5dccc2524ef4811bd8e22deff34d01fe16103f5f,12647,,excluded_no_target_link
3572126040,doc_b3ff43d6fe8a707a,0000037785-21-000027,8-K,EX-101.SCH,employment_or_plan,https://www.sec.gov/Archives/edgar/data/37785/000003778521000027/fmc-20210427.xsd,retrieved,664311331af7e9ac3b01d3f6006b1b1c9530c43ade67e4095255d191a335a419,2416,,excluded_no_target_link
3572126040,doc_bc2c2ccc4423de96,0000037785-20-000119,8-K,EX-101.CAL,employment_or_plan,https://www.sec.gov/Archives/edgar/data/37785/000003778520000119/fmc-20201102_cal.xml,retrieved,82afdb28de0ffd24c8a10abc5f9ec8f2f6390f6c1d52590914f1e0b873753c41,711,,excluded_no_target_link
3572126040,doc_bd18ba69d00a7c43,0000037785-21-000012,8-K,EX-101.PRE,employment_or_plan,https://www.sec.gov/Archives/edgar/data/37785/000003778521000012/fmc-20210209_pre.xml,retrieved,f56b49555708871cfe9638abf7de9f155827bc32cff6b6a9412508e7501b3f63,12647,,excluded_no_target_link
3572126040,doc_bdc1acb85a65cee1,0000037785-20-000119,8-K,EX-99.1,press_release_exhibit,https://www.sec.gov/Archives/edgar/data/37785/000003778520000119/fmcex991093020ng.htm,retrieved,fd8b06ec27091fabe60fe8e8f2cd65ca179e2fc8e2fad7d966cf87e81a1ac8e7,30654,,target_linked
3572126040,doc_bf658cc7a2e0fee2,0001308179-21-000035,DEF 14A,GRAPHIC,proxy_statement,https://www.sec.gov/Archives/edgar/data/37785/000130817921000035/check.jpg,retrieved,d366ceddb8bb6252ccd7eb449d9e300689d0b4b3000ea8683ffdda8cd8b7cced,1304,,excluded_no_target_link
3572126040,doc_c3377754c617c0ed,0000037785-20-000119,8-K,EX-101.SCH,employment_or_plan,https://www.sec.gov/Archives/edgar/data/37785/000003778520000119/fmc-20201102.xsd,retrieved,7e4a428f17f73b747937398f88186fe9293cd54c2b49ce3f34944bcf08ca1418,2416,,excluded_no_target_link
3572126040,doc_c7e7d72f1c819055,0000037785-20-000093,8-K,EX-99.1,press_release_exhibit,https://www.sec.gov/Archives/edgar/data/37785/000003778520000093/ex991johndavidsonboard.htm,retrieved,75232e6f7d3accdf2d3afead2928a604f17ef456e21db74f29fe3ec7564895cb,5280,,excluded_no_target_link
3572126040,doc_c8b5ef9ef47a76a0,0000037785-21-000012,8-K,EX-101.DEF,employment_or_plan,https://www.sec.gov/Archives/edgar/data/37785/000003778521000012/fmc-20210209_def.xml,retrieved,0432867b4463e727e4ece93f8df7c05d6f065d654819b92ad356f2a69ddfdec9,1648,,excluded_no_target_link
3572126040,doc_cfc97db08b99b12b,0000037785-21-000037,8-K,EX-99.1,press_release_exhibit,https://www.sec.gov/Archives/edgar/data/37785/000003778521000037/fmcex991033121ng.htm,retrieved,953321e964e382a41c7d0ae4c2cc5aed090505b888c1caa7a98086783c5c0fc6,27219,,excluded_no_target_link
3572126040,doc_d0774be046132532,0000037785-21-000004,8-K,EX-101.LAB,employment_or_plan,https://www.sec.gov/Archives/edgar/data/37785/000003778521000004/fmc-20210119_lab.xml,retrieved,6689a98bb68b42914d067a147859b718bef66781452798d64d8ad2432a978b0c,24270,,excluded_no_target_link
3572126040,doc_d5afb91be052596c,0000037785-20-000059,8-K,EX-101.SCH,employment_or_plan,https://www.sec.gov/Archives/edgar/data/37785/000003778520000059/fmc-20200427.xsd,retrieved,348027030f0a74de95dbff6b492163041ed888e61ab9a518f4ae0bcce1d139f5,2557,,excluded_no_target_link
3572126040,doc_d7739d18ced1f016,0000037785-21-000027,8-K,8-K,current_report_body,https://www.sec.gov/Archives/edgar/data/37785/000003778521000027/fmc-20210427.htm,retrieved,f3c9e7f5ffe05ab41938aa9d34a20f69f5cb8abb5f2b9d0d6fe89432a700a947,5320,,excluded_no_target_link
3572126040,doc_daa3242241d4020b,0000037785-20-000055,8-K,EX-101.DEF,employment_or_plan,https://www.sec.gov/Archives/edgar/data/37785/000003778520000055/fmc-20200422_def.xml,retrieved,446d89f36c9d86f236b963dc2bb871f9a12fd98476e1aba8ef0b3cb948faf8a1,1675,,excluded_no_target_link
3572126040,doc_dd5e10b8b84cf7ba,0000037785-20-000055,8-K,EX-101.SCH,employment_or_plan,https://www.sec.gov/Archives/edgar/data/37785/000003778520000055/fmc-20200422.xsd,retrieved,3b03f05e8389e64b579e89c4303e908146cadcc0847fab837ca0629c8ee84585,2557,,excluded_no_target_link
3572126040,doc_de070a9cec63d861,0001308179-21-000035,DEF 14A,GRAPHIC,proxy_statement,https://www.sec.gov/Archives/edgar/data/37785/000130817921000035/lfmcx13x1.jpg,retrieved,ead900b1bc35b65a7dc96479abc3a625efa14ceaca4d4cd9d580fe49a62f688a,9720,,excluded_no_target_link
3572126040,doc_e24e5fd9594c9b5d,0000037785-21-000004,8-K,EX-101.DEF,employment_or_plan,https://www.sec.gov/Archives/edgar/data/37785/000003778521000004/fmc-20210119_def.xml,retrieved,80f920c12604eb59754526279bb34dc84591a365f821ddc2399c53251b5c3ca9,1648,,excluded_no_target_link
3572126040,doc_e99b40690433cf2b,0000037785-20-000072,8-K,EX-101.PRE,employment_or_plan,https://www.sec.gov/Archives/edgar/data/37785/000003778520000072/fmc-20200505_pre.xml,retrieved,842fbec1d9dc75256fc3000848cc752100f4c484f4521a3d773dfa015bba0795,12647,,excluded_no_target_link
3572126040,doc_ea4ff4b87a172b78,0000037785-20-000072,8-K,EX-99.1,press_release_exhibit,https://www.sec.gov/Archives/edgar/data/37785/000003778520000072/fmcex991033120ng.htm,retrieved,cc58b8cf831cd4c50eda088b0f44209d6849c5fec7be4fce69c2293e7f05fce0,27922,,excluded_no_target_link
3572126040,doc_efaf912d075dc9fe,0000037785-20-000101,8-K,EX-101.PRE,employment_or_plan,https://www.sec.gov/Archives/edgar/data/37785/000003778520000101/fmc-20200804_pre.xml,retrieved,fba8d42759de6856a111d0ee060a304f9dd321cdb25af32c8e83eba75d770d80,12647,,excluded_no_target_link
3572126040,doc_f2f60a17cb098838,0000037785-20-000101,8-K,EX-101.CAL,employment_or_plan,https://www.sec.gov/Archives/edgar/data/37785/000003778520000101/fmc-20200804_cal.xml,retrieved,05654e576aaf071e27f785002bd4f5b557ded07c19db5bb2482483f6dc27125f,711,,excluded_no_target_link
3572126040,doc_f339e795cf58bec3,0000037785-21-000013,8-K,EX-101.DEF,employment_or_plan,https://www.sec.gov/Archives/edgar/data/37785/000003778521000013/fmc-20210209_def.xml,retrieved,0e164bd11d6b0a0391a906af01fe9bb151c66256dac3a925cc0415f6485a48ce,1648,,excluded_no_target_link
3572126040,doc_f4bbf215fa40b354,0000037785-20-000055,8-K,EX-10.1,employment_or_plan,https://www.sec.gov/Archives/edgar/data/37785/000003778520000055/ex101-amendmentno1.htm,retrieved,c7b17e40348f099795dc12198215cf16639439b5a6224cf4aef7c0aee93801e1,15496,,excluded_no_target_link
3572126040,doc_fab1322da134daff,0000037785-20-000093,8-K,EX-101.SCH,employment_or_plan,https://www.sec.gov/Archives/edgar/data/37785/000003778520000093/fmc-20200713.xsd,retrieved,335fed97942c562eaf060b179c7bcf18c0522838bd22a2cf63bbc10bd1f0cbc5,2416,,excluded_no_target_link
3601921020,doc_0020dbb392cf52c2,0001104659-21-059159,8-K,EX-101.PRE,employment_or_plan,https://www.sec.gov/Archives/edgar/data/1371489/000110465921059159/iii-20210429_pre.xml,retrieved,acbb9ea38cd099525386d5fa52fdcf8cdce8712bb8f9879ca2ac8f724f870362,22720,,excluded_no_target_link
3601921020,doc_08f21756d20958bb,0001104659-21-035036,8-K,EX-99.1,press_release_exhibit,https://www.sec.gov/Archives/edgar/data/1371489/000110465921035036/tm219397d1_ex99-1.htm,retrieved,e7c85e8d163f2fa44f2c0138cb09b3912b734c62c4557fb383beeb88e058a668,23042,,excluded_no_target_link
3601921020,doc_0bdce36c8462728b,0001104659-21-035036,8-K,EX-101.LAB,employment_or_plan,https://www.sec.gov/Archives/edgar/data/1371489/000110465921035036/iii-20210311_lab.xml,retrieved,c2e6ad27c13134aa520553473cee73997a7a31f70c7a29a162ec77cea276a68c,34592,,excluded_no_target_link
3601921020,doc_0e2d4ec80f926ff7,0001104659-20-092356,8-K,,current_report_body,https://www.sec.gov/Archives/edgar/data/1371489/000110465920092356/0001104659-20-092356.txt,retrieved,de643b0c57ae30b226588c9ee3111a60101760feefa581115d1b7d1c8e7ed370,31306,,target_linked
3601921020,doc_14d1cac1cc76bcb8,0001104659-21-038338,DEF 14A,GRAPHIC,proxy_statement,https://www.sec.gov/Archives/edgar/data/1371489/000110465921038338/sg_michaelpconnors-bw.jpg,retrieved,b9b0b55909a10e8a9c772c182c1d17849b3d93f61c57054229514637d78baf73,8152,,excluded_no_target_link
3601921020,doc_1a185193222fd5f3,0001104659-20-122754,8-K,EX-101.PRE,employment_or_plan,https://www.sec.gov/Archives/edgar/data/1371489/000110465920122754/iii-20201109_pre.xml,retrieved,3cd4385ebe8a7bf6bd97c409ed3d8c41bcf6a967d1117a91f9d9ffc24c52d27b,22719,,excluded_no_target_link
3601921020,doc_1b8d07f9c082126a,0001104659-20-092356,8-K,GRAPHIC,current_report_body,https://www.sec.gov/Archives/edgar/data/1371489/000110465920092356/tm2027052d1_ex99-1img01.jpg,retrieved,86bc5ae2e1885cf84132844373c59ed5c2a10573118d813e2e6b820c98b2b434,3926,,excluded_no_target_link
3601921020,doc_1dc2fec961c4f4fe,0001104659-21-035036,8-K,EX-101.PRE,employment_or_plan,https://www.sec.gov/Archives/edgar/data/1371489/000110465921035036/iii-20210311_pre.xml,retrieved,4e0aeac81e41ba68412b605ff5e3db08ca9196d60494b0d03dbfbc945797cca9,22720,,excluded_no_target_link
3601921020,doc_2f3e221eb65d8a98,0001104659-20-122754,8-K,EX-101.LAB,employment_or_plan,https://www.sec.gov/Archives/edgar/data/1371489/000110465920122754/iii-20201109_lab.xml,retrieved,0dff5a21e8da76898969935cc597ecbedf23ffd677c545373dae6507467d7f09,34591,,excluded_no_target_link
3601921020,doc_30a4eaac5eb6d9ef,0001104659-21-059159,8-K,EX-101.LAB,employment_or_plan,https://www.sec.gov/Archives/edgar/data/1371489/000110465921059159/iii-20210429_lab.xml,retrieved,bd3349939b1eeb6806bca00cd4624c16385bcad4b32d42949f5fde69c4201282,34592,,excluded_no_target_link
3601921020,doc_332459e0e217dfc1,0001104659-21-063905,8-K,EX-101.PRE,employment_or_plan,https://www.sec.gov/Archives/edgar/data/1371489/000110465921063905/iii-20210510_pre.xml,retrieved,ae24645594388361dfeba291cf84a0b49f7f2c257a2b7fbaad8ab9b7c9d9a278,22720,,excluded_no_target_link
3601921020,doc_3368ffdd717e21eb,0001104659-20-122754,8-K,EX-101.SCH,employment_or_plan,https://www.sec.gov/Archives/edgar/data/1371489/000110465920122754/iii-20201109.xsd,retrieved,f619e5fab5cbe96d2e0fe0e5e13f2ca43a1a4c353f0ee0e2347d3ceec9a52dab,3198,,excluded_no_target_link
3601921020,doc_3b7cbd1d244ec192,0001104659-20-122754,8-K,8-K,current_report_body,https://www.sec.gov/Archives/edgar/data/1371489/000110465920122754/tm2030191d5_8k.htm,retrieved,8950e65cd35faf23c9f098aa69db8a800d6dabad83d5d1e5d7d862b7015639a8,6119,,excluded_no_target_link
3601921020,doc_43eec8be7a6fa4b2,0001104659-21-061796,8-K,EX-99.1,press_release_exhibit,https://www.sec.gov/Archives/edgar/data/1371489/000110465921061796/tm2115224d1_ex99-1.htm,retrieved,e690be5554dea1a0e1bbd562fdc84157629946028e3da04213a9688e9c24e1c2,4883,,excluded_no_target_link
3601921020,doc_46c1123e2abe82f2,0001104659-20-092356,8-K,8-K,current_report_body,https://www.sec.gov/Archives/edgar/data/1371489/000110465920092356/tm2027052-1_8k.htm,retrieved,8c49c684bf103e8172e9a382ace2f8d4b8afc8eac19e4a427d7a444b3f84c2e0,5863,,excluded_no_target_link
3601921020,doc_4e35184eb40e4f0b,0001104659-20-140588,8-K,,current_report_body,https://www.sec.gov/Archives/edgar/data/1371489/000110465920140588/0001104659-20-140588.txt,retrieved,4d3bd7e1cf7364628fe25bfd35427817a21b9db494faf5b9fc2dad855b15073d,92601,,excluded_no_target_link
3601921020,doc_533b858d41f7fc20,0001104659-21-059159,8-K,XML,current_report_body,https://www.sec.gov/Archives/edgar/data/1371489/000110465921059159/tm2114731d1_8k_htm.xml,retrieved,2f95a363baa8182a53a6e0677a9c73671f2ab1b9c3f94c6320dd7b8f694ad219,3501,,excluded_no_target_link
3601921020,doc_576d03bba5a0dc96,0001104659-20-122754,8-K,EX-99.1,press_release_exhibit,https://www.sec.gov/Archives/edgar/data/1371489/000110465920122754/tm2030191d5_99-1.htm,retrieved,19282f221c3c1baeb4d3bc6444a89d17c3907ac4a8b555ee7fac0a41ab4ef236,20546,,target_linked
3601921020,doc_5ef84963df2171bd,0001104659-21-063905,8-K,EX-101.SCH,employment_or_plan,https://www.sec.gov/Archives/edgar/data/1371489/000110465921063905/iii-20210510.xsd,retrieved,f09855f1354b58124ef1f5d7d016e8fb578e715d6eeb76e247075c3b81534288,3199,,excluded_no_target_link
3601921020,doc_63b42523c96d8075,0001104659-21-059159,8-K,8-K,current_report_body,https://www.sec.gov/Archives/edgar/data/1371489/000110465921059159/tm2114731d1_8k.htm,retrieved,57f5583bbd4ce2dba861dc87e344e4cd7cce168b32621fcd9f72e3a52a186417,4763,,excluded_no_target_link
3601921020,doc_6f54304196f2d56f,0001104659-21-063905,8-K,8-K,current_report_body,https://www.sec.gov/Archives/edgar/data/1371489/000110465921063905/tm2115751d1_8k.htm,retrieved,3dc76b2009d3cc0f32c8898e4fe2664c8fc17511a5ae3266be25083ae248a6a6,6611,,excluded_no_target_link
3601921020,doc_781f7fde55db2a5b,0001104659-20-140588,8-K,EX-101.LAB,employment_or_plan,https://www.sec.gov/Archives/edgar/data/1371489/000110465920140588/iii-20201230_lab.xml,retrieved,f6a2effd861182cf7ca56bf999d98180ca46b1c58575bf7c427aac7ae5a775cc,34592,,excluded_no_target_link
3601921020,doc_8054851989fec170,0001104659-21-035036,8-K,,current_report_body,https://www.sec.gov/Archives/edgar/data/1371489/000110465921035036/0001104659-21-035036.txt,retrieved,ad692d229206eacbf858b6315ad19bfd537a8430b904e8154de6313cc488b9bb,139858,,excluded_no_target_link
3601921020,doc_85925572d4ffb5ad,0001104659-21-063905,8-K,EX-101.LAB,employment_or_plan,https://www.sec.gov/Archives/edgar/data/1371489/000110465921063905/iii-20210510_lab.xml,retrieved,bd3349939b1eeb6806bca00cd4624c16385bcad4b32d42949f5fde69c4201282,34592,,excluded_no_target_link
3601921020,doc_8a085d39f3e8989b,0001104659-21-035036,8-K,8-K,current_report_body,https://www.sec.gov/Archives/edgar/data/1371489/000110465921035036/tm219397d1_8k.htm,retrieved,7157a2fcc6b42fd3dbb28eb60a0e148d57116c89482afb0f8bc1530a91b202a3,6345,,excluded_no_target_link
3601921020,doc_906b6ec1b5b97f17,0001104659-20-140588,8-K,8-K,current_report_body,https://www.sec.gov/Archives/edgar/data/1371489/000110465920140588/tm2039614d1_8k.htm,retrieved,e28714dba401c07f93418aed03aec79f568b6c6136acd5f1cf3aed92bd599dc8,5472,,excluded_no_target_link
3601921020,doc_9c15672b7007eb1a,0001104659-20-140588,8-K,EX-101.PRE,employment_or_plan,https://www.sec.gov/Archives/edgar/data/1371489/000110465920140588/iii-20201230_pre.xml,retrieved,475d5b4c00528081bd530764dac6661b6371c81f2ad4ec11c851ae707a84e9f8,22720,,excluded_no_target_link
3601921020,doc_9d5af2abd5044dba,0001104659-21-061796,8-K,EX-101.SCH,employment_or_plan,https://www.sec.gov/Archives/edgar/data/1371489/000110465921061796/iii-20210430.xsd,retrieved,ec999a9930ce1735733afe5c48a9185c2c7ee9706aec5579911762ffaecd3f4c,3199,,excluded_no_target_link
3601921020,doc_a1be7584b163380b,0001104659-21-061796,8-K,8-K,current_report_body,https://www.sec.gov/Archives/edgar/data/1371489/000110465921061796/tm2115224d1_8k.htm,retrieved,e6d4ef77e57b59c50a2537413647361c915926e91af8c3fa66734f314884930e,10320,,excluded_no_target_link
3601921020,doc_a1dad6563ef21231,0001104659-21-038338,DEF 14A,GRAPHIC,proxy_statement,https://www.sec.gov/Archives/edgar/data/1371489/000110465921038338/tm212411d1_pc1.jpg,retrieved,0e8626f86459659657cd47ff675e8cbf02c3ecc23508a1ff55a3e7013ffdad19,255493,,excluded_no_target_link
3601921020,doc_a5a8f4ef79ac7473,0001104659-20-092356,8-K,EX-99.1,press_release_exhibit,https://www.sec.gov/Archives/edgar/data/1371489/000110465920092356/tm2027052d1_ex99-1.htm,retrieved,2ed4d86009f66d1c5544727b78c48adccb0dcb49ce0118e5ea5f74769178e2df,20233,,target_linked
3601921020,doc_a70284cdcf602419,0001104659-21-035036,8-K,EX-101.SCH,employment_or_plan,https://www.sec.gov/Archives/edgar/data/1371489/000110465921035036/iii-20210311.xsd,retrieved,6fa84deac587b5180f75316ebbf706b8c7a5302fc49a46431edad80dabc18b25,3199,,excluded_no_target_link
3601921020,doc_b159a0ab7f94610d,0001104659-21-061796,8-K,EX-10.1,employment_or_plan,https://www.sec.gov/Archives/edgar/data/1371489/000110465921061796/tm2115224d1_ex10-1.htm,retrieved,680622522c3ae72a8ccb473d2a6535713c54c4563fbe51e4c3a17f306bb55959,5013,,excluded_no_target_link
3601921020,doc_b263357df8e43594,0001104659-20-140588,8-K,EX-101.SCH,employment_or_plan,https://www.sec.gov/Archives/edgar/data/1371489/000110465920140588/iii-20201230.xsd,retrieved,2b651204e3a55e63b88bdb56aea9290f892556e2fc9ad88e2ff89b8efe64dc86,3199,,excluded_no_target_link
3601921020,doc_b682712634a94068,0001104659-21-059159,8-K,,current_report_body,https://www.sec.gov/Archives/edgar/data/1371489/000110465921059159/0001104659-21-059159.txt,retrieved,99d488f21473381480ddf9a283f01dfd0a48e670bebfddaefd98df38272fe79f,79145,,excluded_no_target_link
3601921020,doc_b88050f8eb83aa8f,0001104659-21-061796,8-K,EX-101.LAB,employment_or_plan,https://www.sec.gov/Archives/edgar/data/1371489/000110465921061796/iii-20210430_lab.xml,retrieved,bd3349939b1eeb6806bca00cd4624c16385bcad4b32d42949f5fde69c4201282,34592,,excluded_no_target_link
3601921020,doc_bd3317209c050345,0001104659-20-122754,8-K,,current_report_body,https://www.sec.gov/Archives/edgar/data/1371489/000110465920122754/0001104659-20-122754.txt,retrieved,aeb4b3aacfb5945495823506c02e00417c81aab5450900fa020d0e54477ac23e,139052,,target_linked
3601921020,doc_c0271b5b084959cb,0001104659-21-063905,8-K,EX-99.2,press_release_exhibit,https://www.sec.gov/Archives/edgar/data/1371489/000110465921063905/tm2115751d1_ex99-2.htm,retrieved,a5d6a3ff2f276c49c9d89960a323dfcc346e178c01ac1627b3dbd1aa67378560,3452,,excluded_no_target_link
3601921020,doc_c069836871482270,0001104659-20-140588,8-K,EX-10.1,employment_or_plan,https://www.sec.gov/Archives/edgar/data/1371489/000110465920140588/tm2039614d1_ex10-1.htm,retrieved,5cbf94fbcb6a6a45c95a42c270f361593e0f2e968ef888d94db986e4540340bf,4889,,excluded_no_target_link
3601921020,doc_cf706e12160698fc,0001104659-21-061796,8-K,EX-101.PRE,employment_or_plan,https://www.sec.gov/Archives/edgar/data/1371489/000110465921061796/iii-20210430_pre.xml,retrieved,962248195d60e8edb6371dfae743ec3dc291213d0efa3f4407d5d364dafeef56,22720,,excluded_no_target_link
3601921020,doc_d43f71a00c7d51d1,0001104659-21-063905,8-K,EX-99.1,press_release_exhibit,https://www.sec.gov/Archives/edgar/data/1371489/000110465921063905/tm2115751d1_ex99-1.htm,retrieved,ec415240d2c6d5598c8ade0f1cbc4c478bd92c1fc31ac40f91441d9c0b284165,18250,,excluded_no_target_link
3601921020,doc_d83673c122e21839,0001104659-21-038338,DEF 14A,GRAPHIC,proxy_statement,https://www.sec.gov/Archives/edgar/data/1371489/000110465921038338/tm212411d1_pc2.jpg,retrieved,4e965d517acc5537104f9d13b2ec1d169029911a73e0bb9bf23dcf1c7b3588ca,278820,,excluded_no_target_link
3601921020,doc_da8a83e2f61a072b,0001104659-21-059159,8-K,EX-101.SCH,employment_or_plan,https://www.sec.gov/Archives/edgar/data/1371489/000110465921059159/iii-20210429.xsd,retrieved,e7a08cc61bbbcba512a8bf3acc744053f65f20ee5924cb34f92809d9a9a7c9e8,3199,,excluded_no_target_link
3601921020,doc_e5e7c012a6465ede,0001104659-21-038338,DEF 14A,,proxy_statement,https://www.sec.gov/Archives/edgar/data/1371489/000110465921038338/0001104659-21-038338.txt,retrieved,2887f5e2dea833067e207efa6cd3b840f7a24605a7f799e2287fd9a0221e5ad4,981140,,excluded_no_target_link
3601921020,doc_fd1ad8f93277dd20,0001104659-21-038338,DEF 14A,DEF 14A,proxy_statement,https://www.sec.gov/Archives/edgar/data/1371489/000110465921038338/tm212411-1_def14a.htm,retrieved,1d690e5acbd2dd2a9c98eacf475f17b27f577bddc6ece6aec8801289229e7c8b,138209,,excluded_no_target_link
3623364020,supp_483684a4076e1a42,,OFFICIAL-SOURCE,official_company_announcement,official_announcement,https://365retailmarkets.com/blog/365-retail-markets-acquires-stockwell,retrieved,2a01526519cf84f6e4c9e44049e4c74ef6b5631112cff8c93a6d4dc0dd8c705d,9668,,target_linked
3666590040,doc_0bbfec5ffa1fb886,0001193125-20-315448,8-K,EX-101.LAB,employment_or_plan,https://www.sec.gov/Archives/edgar/data/1564408/000119312520315448/snap-20201210_lab.xml,retrieved,dd33ad28a533d9cc545076e8a5629715cce60e31be8a50cbecd9ed889f457cb0,17374,,excluded_no_target_link
3666590040,doc_0be320bab7ba3a43,0001193125-21-181351,8-K,EX-101.LAB,employment_or_plan,https://www.sec.gov/Archives/edgar/data/1564408/000119312521181351/snap-20210603_lab.xml,retrieved,620e48c0a659984b227d12398b3ac82d4c44c5a413f7c65ece7fabad3af98ef5,17373,,excluded_no_target_link
3666590040,doc_12790257ea44d740,0001193125-20-291819,8-K,XML,current_report_body,https://www.sec.gov/Archives/edgar/data/1564408/000119312520291819/d87827d8k_htm.xml,retrieved,36d18e44a2513d74f04cdc00628f690fa934f0be55761ffab6d8587ccf9a33b2,3291,,excluded_no_target_link
3666590040,doc_17353fc931348bb0,0001193125-20-291819,8-K,,current_report_body,https://www.sec.gov/Archives/edgar/data/1564408/000119312520291819/0001193125-20-291819.txt,retrieved,050de8f64e00b66b08be96b518b47f98fa9e5725ef1bbf7472ba6641a42751ee,53512,,excluded_no_target_link
3666590040,doc_1777f49e51c2db31,0001193125-21-181351,8-K,,current_report_body,https://www.sec.gov/Archives/edgar/data/1564408/000119312521181351/0001193125-21-181351.txt,retrieved,ea92cfef0c073219eb55bec6348ba37385b5683511d75ef0e57fd814521552b7,68947,,excluded_no_target_link
3666590040,doc_1dda96bd239a88a3,0001193125-21-145731,8-K,EX-101.LAB,employment_or_plan,https://www.sec.gov/Archives/edgar/data/1564408/000119312521145731/snap-20210427_lab.xml,retrieved,d45a92ed407c339c2d73c4d50749c5756d266c58926d6705f8e6cc9babbf2255,17372,,excluded_no_target_link
3666590040,doc_1ffc255f8848843e,0001193125-20-291819,8-K,EX-101.SCH,employment_or_plan,https://www.sec.gov/Archives/edgar/data/1564408/000119312520291819/snap-20201110.xsd,retrieved,f09a53954d3279348c27cf537ee4390e77863fc5d09a933161631b63401e6f14,3058,,excluded_no_target_link
3666590040,doc_2023bf2ca026d584,0001564590-21-051448,8-K,8-K,current_report_body,https://www.sec.gov/Archives/edgar/data/1564408/000156459021051448/snap-8k_20211021.htm,retrieved,d259c66b027b16f46d780c0d41d526410330226f7d7b8a0040ec158d27d3bd38,3984,,excluded_no_target_link
3666590040,doc_21573df3227a475d,0001193125-21-181351,8-K,EX-101.SCH,employment_or_plan,https://www.sec.gov/Archives/edgar/data/1564408/000119312521181351/snap-20210603.xsd,retrieved,b3160f10b1799a957d6f565b9bbf6098ca56f7d8eb96bf6ed68774cb63a4bf3b,3057,,excluded_no_target_link
3666590040,doc_21f86f35448679ed,0000950123-21-012001,8-K,,current_report_body,https://www.sec.gov/Archives/edgar/data/1564408/000095012321012001/0000950123-21-012001.txt,retrieved,0714d97f7e4514b21dea62827e29c439eff969eaf980e5700c866a150987a6e2,58951,,excluded_no_target_link
3666590040,doc_299598142363da78,0001564590-21-051448,8-K,,current_report_body,https://www.sec.gov/Archives/edgar/data/1564408/000156459021051448/0001564590-21-051448.txt,retrieved,d0fe36d2686caf40959d7117cc4498c5b3211a6118ae2f5c6801525fa0b01431,166833,,excluded_no_target_link
3666590040,doc_2c210035e8e96d70,0001564590-21-051448,8-K,EX-101.SCH,employment_or_plan,https://www.sec.gov/Archives/edgar/data/1564408/000156459021051448/snap-20211021.xsd,retrieved,5378facee74e1b37d5c9149b2b7820ac1db8b352141741ebea2ad2430369d23f,5669,,excluded_no_target_link
3666590040,doc_2d74b7b85dfc5f07,0001564590-21-037602,8-K,EX-101.PRE,employment_or_plan,https://www.sec.gov/Archives/edgar/data/1564408/000156459021037602/snap-20210722_pre.xml,retrieved,a5e441c3aa12a9baba56a6fa66b85decde8eaaf2b367a3860c9d9f62f622da13,11161,,excluded_no_target_link
3666590040,doc_37208e125143369b,0001564590-21-020117,8-K,8-K,current_report_body,https://www.sec.gov/Archives/edgar/data/1564408/000156459021020117/snap-8k_20210422.htm,retrieved,9c16ac2744f6a63060ee703e876581b23fa65f331f8a00e4576cf19ffd91758a,3977,,excluded_no_target_link
3666590040,doc_37c21ba2bf1bb266,0001564590-21-004325,8-K,8-K,current_report_body,https://www.sec.gov/Archives/edgar/data/1564408/000156459021004325/snap-8k_20210204.htm,retrieved,74b9bdba2093dff697654f81d0dbae8bd3a1dc504dc1390dceece8e3329d6e02,3998,,excluded_no_target_link
3666590040,doc_3a43f641f52149f6,0001193125-21-284200,8-K,8-K,current_report_body,https://www.sec.gov/Archives/edgar/data/1564408/000119312521284200/d233227d8k.htm,retrieved,38f8c3690a7ee42ef647a1203c4a4cc1469c8c73059897fd3b0d370924ffaea7,3332,,excluded_no_target_link
3666590040,doc_3cb39d02b5f7a0b5,0001564590-21-037602,8-K,EX-99.1,press_release_exhibit,https://www.sec.gov/Archives/edgar/data/1564408/000156459021037602/snap-ex991_6.htm,retrieved,39e239051438f2ba2fe28134ea7c1beeee6ec313f13ea9cd3b5ce0448ecf5e62,56015,,excluded_no_target_link
3666590040,doc_3ccf611785cc23ed,0001564590-21-004325,8-K,EX-101.PRE,employment_or_plan,https://www.sec.gov/Archives/edgar/data/1564408/000156459021004325/snap-20210204_pre.xml,retrieved,58ce0a59d8484f9b72fc6ca2fc0ed1e5443e910bdec9fc07450c101ae5f98f25,11163,,excluded_no_target_link
3666590040,doc_3d3b27d03ab828da,0001564590-20-046960,8-K,8-K,current_report_body,https://www.sec.gov/Archives/edgar/data/1564408/000156459020046960/snap-8k_20201020.htm,retrieved,51691496f44bcdce6bf970a8bb352f0311f9ef082b2160ecfb9e719d18e94163,4016,,excluded_no_target_link
3666590040,doc_3dfadfc1c2fb3f9c,0001564590-21-004325,8-K,,current_report_body,https://www.sec.gov/Archives/edgar/data/1564408/000156459021004325/0001564590-21-004325.txt,retrieved,0dce09065e8303470fcdd860bd86c39b4e4be1bc0bbdd782d0cebb4040a7b377,169781,,excluded_no_target_link
3666590040,doc_44381e80de44a5c0,0001193125-21-284200,8-K,EX-101.LAB,employment_or_plan,https://www.sec.gov/Archives/edgar/data/1564408/000119312521284200/snap-20210922_lab.xml,retrieved,6ade0ac280e1a300777b45e1d207df9666713a21669d882a1a8cc8fbe51d699e,17373,,excluded_no_target_link
3666590040,doc_44df7101aeb40bd9,0001193125-20-315448,8-K,EX-99.1,press_release_exhibit,https://www.sec.gov/Archives/edgar/data/1564408/000119312520315448/d27353dex991.htm,retrieved,269d86e24bdc231651a9ac12c5c621be2d86807ee4693d74a087c2a5e2b2a601,2102,,excluded_no_target_link
3666590040,doc_47b9f276f114f985,0001193125-21-181351,8-K,XML,current_report_body,https://www.sec.gov/Archives/edgar/data/1564408/000119312521181351/d186456d8k_htm.xml,retrieved,3242aa5ae1c5d310c5ec63b4f62f306783487261714fbc4c7cda587ee2d2ce26,3282,,excluded_no_target_link
3666590040,doc_491cffdc68d84bd2,0000950123-21-012001,8-K,EX-101.LAB,employment_or_plan,https://www.sec.gov/Archives/edgar/data/1564408/000095012321012001/snap-20210830_lab.xml,retrieved,fa465dc20beb4a5cb2847fdcf4195c7e88ba21b67635dafa7d482b253f5852d0,17372,,excluded_no_target_link
3666590040,doc_4f7c2fedd8b4dabc,0001193125-20-291819,8-K,EX-101.LAB,employment_or_plan,https://www.sec.gov/Archives/edgar/data/1564408/000119312520291819/snap-20201110_lab.xml,retrieved,a1d0dde9792ec95b9f759c0de852bcdfcbd4a00e8ea4076801dfd9d4c10c7ad7,17374,,excluded_no_target_link
3666590040,doc_4fd9dd5afb6a163a,0001193125-20-315448,8-K,,current_report_body,https://www.sec.gov/Archives/edgar/data/1564408/000119312520315448/0001193125-20-315448.txt,retrieved,a67964b18c73387e09ca2b7074a8048e62cc242a245b41c43f08f9468726a008,58618,,excluded_no_target_link
3666590040,doc_528b1b3f1d0937a7,0001564590-21-004325,8-K,EX-99.1,press_release_exhibit,https://www.sec.gov/Archives/edgar/data/1564408/000156459021004325/snap-ex991_6.htm,retrieved,adda87bb2ef6bd43bcfaa08952636cbe054eae5a542841f4a0cd5a236201829b,58996,,excluded_no_target_link
3666590040,doc_5527e0f0a69a1687,0000950123-21-012001,8-K,EX-101.SCH,employment_or_plan,https://www.sec.gov/Archives/edgar/data/1564408/000095012321012001/snap-20210830.xsd,retrieved,b8a3332be2039f22b29d5f025e9213a4dcfbab78fafef414436f0ccb14f5f3c8,2878,,excluded_no_target_link
3666590040,doc_58e3c0d7b533b9c8,0001193125-21-145731,8-K,EX-101.PRE,employment_or_plan,https://www.sec.gov/Archives/edgar/data/1564408/000119312521145731/snap-20210427_pre.xml,retrieved,efff65bded107fd58d68f9174c688ad17c1768765c9c3f7b34b46fef95cf58d8,10943,,excluded_no_target_link
3666590040,doc_5c16d12d30cfd068,0001564590-21-020117,8-K,EX-99.1,press_release_exhibit,https://www.sec.gov/Archives/edgar/data/1564408/000156459021020117/snap-ex991_6.htm,retrieved,e17ee0f18ebbefb603c1bab3574bce3357a53e58001b6247a2815f8bf390b67d,47922,,excluded_no_target_link
3666590040,doc_5d3ff610bdf9b692,0001564590-21-051448,8-K,EX-99.1,press_release_exhibit,https://www.sec.gov/Archives/edgar/data/1564408/000156459021051448/snap-ex991_7.htm,retrieved,bf70cf74b04c83e6bf19aae7d32b80ba0cd6ac75f214732f8d4daea1594b55f1,56611,,excluded_no_target_link
3666590040,doc_66bb12528e443091,0001564590-20-046960,8-K,EX-99.1,press_release_exhibit,https://www.sec.gov/Archives/edgar/data/1564408/000156459020046960/snap-ex991_6.htm,retrieved,4456c25d0910f9151d75643a01cf2ba02b8024cc74c269211a91879a167a0c9c,56198,,excluded_no_target_link
3666590040,doc_6d85a9f1d7780d4a,0001193125-21-284200,8-K,,current_report_body,https://www.sec.gov/Archives/edgar/data/1564408/000119312521284200/0001193125-21-284200.txt,retrieved,7c636ba6a023073650f1c2a6c2d274d0b5dfa95cb5618fccf7fc0383312def46,52359,,excluded_no_target_link
3666590040,doc_769839c26c05ec45,0001193125-21-284200,8-K,EX-101.PRE,employment_or_plan,https://www.sec.gov/Archives/edgar/data/1564408/000119312521284200/snap-20210922_pre.xml,retrieved,e9ef73b53ece0b7d5f147a0bbb9c1b8bb0ebec483bc27c518497f9ed3215820d,10944,,excluded_no_target_link
3666590040,doc_7a6dd44d68d6e1c3,0001564590-20-046960,8-K,EX-101.LAB,employment_or_plan,https://www.sec.gov/Archives/edgar/data/1564408/000156459020046960/snap-20201020_lab.xml,retrieved,37ee44fe76fbd6d62448b82b27f4875256abe3e145b702bf8a27bb49c6254068,18708,,excluded_no_target_link
3666590040,doc_7c0514a4a75a5cd6,0001564590-21-051448,8-K,EX-101.LAB,employment_or_plan,https://www.sec.gov/Archives/edgar/data/1564408/000156459021051448/snap-20211021_lab.xml,retrieved,ede7a431d529778ba15cea2318532d222af45e2e3042cea1488658ce3abf0d6b,18571,,excluded_no_target_link
3666590040,doc_7c2af49ac6a856fc,0001564590-21-037602,8-K,8-K,current_report_body,https://www.sec.gov/Archives/edgar/data/1564408/000156459021037602/snap-8k_20210722.htm,retrieved,794ffe3b941698edd3c3ba8c5fbdd62c98cc9df9ecd72f4453d8aa90051850f2,3966,,excluded_no_target_link
3666590040,doc_7d02f820fee623b1,0001564590-21-020117,8-K,EX-101.LAB,employment_or_plan,https://www.sec.gov/Archives/edgar/data/1564408/000156459021020117/snap-20210422_lab.xml,retrieved,205536e8b87a5abc080fa340736b6117ddc814b2c7f9001b9d29ec646c7c036c,18710,,excluded_no_target_link
3666590040,doc_7e272ec520a7c0f3,0001193125-20-291819,8-K,EX-101.PRE,employment_or_plan,https://www.sec.gov/Archives/edgar/data/1564408/000119312520291819/snap-20201110_pre.xml,retrieved,b0b7ae32bd36780f36c6fefb0bf3c98394821a0bcf8d093491a478fb90e0b37a,10945,,excluded_no_target_link
3666590040,doc_897beea11b89a591,0001564590-21-004325,8-K,EX-101.LAB,employment_or_plan,https://www.sec.gov/Archives/edgar/data/1564408/000156459021004325/snap-20210204_lab.xml,retrieved,2fe9c1ba3776e861a7adfdd3a6644239b5c230d90ba41afd83e827ba4049813b,18710,,excluded_no_target_link
3666590040,doc_8c87bd42b0e41fb4,0001193125-21-204751,8-K,EX-101.LAB,employment_or_plan,https://www.sec.gov/Archives/edgar/data/1564408/000119312521204751/snap-20210630_lab.xml,retrieved,2f4d3dd74218dd606c0af52a4ecebc3db36fb95091dd5297744860dae4eae766,17373,,excluded_no_target_link
3666590040,doc_90728bdd4cecaadd,0001193125-21-145731,8-K,EX-10.1,employment_or_plan,https://www.sec.gov/Archives/edgar/data/1564408/000119312521145731/d165819dex101.htm,retrieved,6effe930a1c343f6ee4ee4726f5ed6303573d115a694a05c595d80f5c5ec9cb3,16837,,excluded_no_target_link
3666590040,doc_944a97ed01f50280,0001564590-21-004325,8-K,EX-101.SCH,employment_or_plan,https://www.sec.gov/Archives/edgar/data/1564408/000156459021004325/snap-20210204.xsd,retrieved,9e3f9f41cda5cbdc3e13f7aa18ab569f3069b7518185ea79431815dc439338f9,5760,,excluded_no_target_link
3666590040,doc_94bf3cdfdeaadc95,0001564590-21-037602,8-K,EX-101.LAB,employment_or_plan,https://www.sec.gov/Archives/edgar/data/1564408/000156459021037602/snap-20210722_lab.xml,retrieved,f5d91d0b1213ac62d8eadb251f200bfe4fb300a9947dea475509a2df3eee8d40,18708,,excluded_no_target_link
3666590040,doc_96a961d171381984,0001193125-20-315448,8-K,8-K,current_report_body,https://www.sec.gov/Archives/edgar/data/1564408/000119312520315448/d27353d8k.htm,retrieved,9b1934e1ef440618e6c75e9eaf6c26cf84a9af5cfbf6cb0c124f72ce852a5601,5122,,excluded_no_target_link
3666590040,doc_98a0f679aa51c05b,0001193125-21-204751,8-K,EX-101.PRE,employment_or_plan,https://www.sec.gov/Archives/edgar/data/1564408/000119312521204751/snap-20210630_pre.xml,retrieved,18439cb47f1f52049e1d0ff93dda3ef599312364246c823d8535a48ab640d116,10944,,excluded_no_target_link
3666590040,doc_9f31c332f506ba29,0001193125-20-291819,8-K,8-K,current_report_body,https://www.sec.gov/Archives/edgar/data/1564408/000119312520291819/d87827d8k.htm,retrieved,944577a64dbda2becac8a284e848767a083c402d14d38dc6a3e9400deee24a62,3612,,excluded_no_target_link
3666590040,doc_a92173a361d2150d,0000950123-21-012001,8-K,EX-101.PRE,employment_or_plan,https://www.sec.gov/Archives/edgar/data/1564408/000095012321012001/snap-20210830_pre.xml,retrieved,b6f743c7968cc770ff471faf65aab5c1dc1474dcfbcb5620d0f8ea0f87e83abd,10943,,excluded_no_target_link
3666590040,doc_b22ebe3867a265f0,0001193125-21-145731,8-K,EX-101.SCH,employment_or_plan,https://www.sec.gov/Archives/edgar/data/1564408/000119312521145731/snap-20210427.xsd,retrieved,edbb8c4330a87010e8dca566c535c5aabf621214104b2c300fcc685f8cd5dba3,3056,,excluded_no_target_link
3666590040,doc_b772f9eff84492f7,0001193125-21-181351,8-K,EX-101.PRE,employment_or_plan,https://www.sec.gov/Archives/edgar/data/1564408/000119312521181351/snap-20210603_pre.xml,retrieved,7a597210768c9668808d594d23590857f1913171cac15c1081984318007782d9,10944,,excluded_no_target_link
3666590040,doc_b845e82455521da7,0000950123-21-012001,8-K,8-K,current_report_body,https://www.sec.gov/Archives/edgar/data/1564408/000095012321012001/d201094d8k.htm,retrieved,6a0c50326a3494022de620adb794efb50672fc575bc1eaadd4d74a76857cb80e,6015,,excluded_no_target_link
3666590040,doc_b883f62e44f7894d,0001193125-21-284200,8-K,XML,current_report_body,https://www.sec.gov/Archives/edgar/data/1564408/000119312521284200/d233227d8k_htm.xml,retrieved,3ab84b13a5d4613b81b42d0fa7d4ef80b4083b44f2adae7d59b26991ab0632f3,3277,,excluded_no_target_link
3666590040,doc_b97d396f0d9e5723,0001193125-21-145731,8-K,8-K,current_report_body,https://www.sec.gov/Archives/edgar/data/1564408/000119312521145731/d165819d8k.htm,retrieved,20c877a21530936c02abc2d01736c8eb4cee45943c9ad788edf86b5864f2e71e,20406,,excluded_no_target_link
3666590040,doc_bef0c383fb5b8d25,0001193125-21-284200,8-K,EX-101.SCH,employment_or_plan,https://www.sec.gov/Archives/edgar/data/1564408/000119312521284200/snap-20210922.xsd,retrieved,93c10ac12d30204e11ddf4b51ae1a0ac250d188fedf964165a5de9362b05be19,2879,,excluded_no_target_link
3666590040,doc_cd88072fc0900b26,0001564590-21-020117,8-K,EX-101.PRE,employment_or_plan,https://www.sec.gov/Archives/edgar/data/1564408/000156459021020117/snap-20210422_pre.xml,retrieved,901870081a2445536857a0031e947fb4ef180c60374ed7db66d0ce70cd2dd71d,11163,,excluded_no_target_link
3666590040,doc_cf07c7a11f4fe422,0001193125-21-181351,8-K,8-K,current_report_body,https://www.sec.gov/Archives/edgar/data/1564408/000119312521181351/d186456d8k.htm,retrieved,a16bb4ab4f9a943b331c5159fd47a7f9f52a3d920d1ac0d25570e2a9eb497c93,3568,,excluded_no_target_link
3666590040,doc_d75cf9304ba40df8,0001193125-21-145731,8-K,EX-99.1,press_release_exhibit,https://www.sec.gov/Archives/edgar/data/1564408/000119312521145731/d165819dex991.htm,retrieved,f0c959fd0b2d3fc196593caae4c1e96cbabe583110693be713e3a0f035d76032,106845,,excluded_no_target_link
3666590040,doc_ddd0d7307a337360,0001564590-21-051448,8-K,EX-101.PRE,employment_or_plan,https://www.sec.gov/Archives/edgar/data/1564408/000156459021051448/snap-20211021_pre.xml,retrieved,ea7fec7bf4b6f9faaea5bee2ae344ef49fb11307384d49f4c5f075c0e38e6034,11023,,excluded_no_target_link
3666590040,doc_de05d2d1dbdd5e85,0001193125-21-204751,8-K,,current_report_body,https://www.sec.gov/Archives/edgar/data/1564408/000119312521204751/0001193125-21-204751.txt,retrieved,8bf0b7e06cd606fb1c1b8aa847cc4383698a41991ee58c63a66f1069f6b91c0f,98900,,excluded_no_target_link
3666590040,doc_df76ce6460a9eb55,0001193125-20-315448,8-K,EX-101.SCH,employment_or_plan,https://www.sec.gov/Archives/edgar/data/1564408/000119312520315448/snap-20201210.xsd,retrieved,3432a21cbc9edb76ee96abfed9f767b6715ab88d02c4a0bcae9faade9c96af5b,3058,,excluded_no_target_link
3666590040,doc_e1af2ba26fe32799,0001564590-20-046960,8-K,EX-101.SCH,employment_or_plan,https://www.sec.gov/Archives/edgar/data/1564408/000156459020046960/snap-20201020.xsd,retrieved,87dd9b3e55d65554f4d58967d568e0d1099bacf64f30dccd776f24a0a9687aed,5760,,excluded_no_target_link
3666590040,doc_e46a7b8a504fc9b7,0001193125-21-204751,8-K,8-K,current_report_body,https://www.sec.gov/Archives/edgar/data/1564408/000119312521204751/d177941d8k.htm,retrieved,c8ed7c6244a10141d12e1b5de465ff2550742fddbbde0fe7e817f2a19b932182,3592,,excluded_no_target_link
3666590040,doc_eb295a7535e1666e,0001193125-20-315448,8-K,EX-101.PRE,employment_or_plan,https://www.sec.gov/Archives/edgar/data/1564408/000119312520315448/snap-20201210_pre.xml,retrieved,af31c9d9d166daf33bac819d37906e08b960069d20f835b45a9da36cac804b00,10945,,excluded_no_target_link
3666590040,doc_ee0c0b3657c23fa7,0001564590-21-037602,8-K,EX-101.SCH,employment_or_plan,https://www.sec.gov/Archives/edgar/data/1564408/000156459021037602/snap-20210722.xsd,retrieved,b88b23360f1840d0a6a0e4fc3cb470fbac47c592072498ea26911eaaa6e84394,5760,,excluded_no_target_link
3666590040,doc_f1d64a9752ad4cb0,0001564590-20-046960,8-K,EX-101.PRE,employment_or_plan,https://www.sec.gov/Archives/edgar/data/1564408/000156459020046960/snap-20201020_pre.xml,retrieved,ed143946e03dac6d6d933d185802db8205d18fff8f5ee8dffb139f03067eaba8,11161,,excluded_no_target_link
3666590040,doc_f537fe097ac5a01f,0001564590-21-020117,8-K,EX-101.SCH,employment_or_plan,https://www.sec.gov/Archives/edgar/data/1564408/000156459021020117/snap-20210422.xsd,retrieved,700c35e4c5d9a7830225814d6e6eaaad001d9d92cf5ec8e146cd64adf882ff44,5760,,excluded_no_target_link
3666590040,doc_f58d044860123229,0001193125-21-204751,8-K,EX-99.1,press_release_exhibit,https://www.sec.gov/Archives/edgar/data/1564408/000119312521204751/d177941dex991.htm,retrieved,416f2c3c6eed50596e3196592eb19f8abdf58758cae64da188875686493180d7,29846,,excluded_no_target_link
3666590040,doc_fb0ed68f22c97cbe,0001193125-21-204751,8-K,EX-101.SCH,employment_or_plan,https://www.sec.gov/Archives/edgar/data/1564408/000119312521204751/snap-20210630.xsd,retrieved,982af69a6636a74a7c2fee2f0554206d1649ff52f42557b8e2baa6a105a6539b,2879,,excluded_no_target_link
3666590040,doc_ff84b4e9257bf41f,0000950123-21-012001,8-K,XML,current_report_body,https://www.sec.gov/Archives/edgar/data/1564408/000095012321012001/d201094d8k_htm.xml,retrieved,20e3e44cc6cee3fd124b490ca23a0302bf4fca6188ad9f2b96b37ed7e190a3de,3282,,excluded_no_target_link
3681964040,doc_0122165120870894,0001701605-21-000099,8-K,8-K,current_report_body,https://www.sec.gov/Archives/edgar/data/808362/000170160521000099/bkr-20210908.htm,retrieved,9942ee357e873e105d62edf7126cfd3b6bdb11010fb57b530455af68daaca6e4,4734,,excluded_no_target_link
3681964040,doc_02b1a2c7edd9710d,0001701605-20-000081,8-K,EX-99.1,press_release_exhibit,https://www.sec.gov/Archives/edgar/data/808362/000170160520000081/a2bakerhughes-barclaysce.htm,retrieved,ebd593d9c49c2525e3d09647169664128d3eea98fedde0d5941e7fbd17f913c7,1753,,excluded_no_target_link
3681964040,doc_05258c478c43f7c9,0001701605-21-000039,DEF 14A,GRAPHIC,proxy_statement,https://www.sec.gov/Archives/edgar/data/1701605/000170160521000039/brianworrellcda1a.jpg,retrieved,2b8aa8e83c8b625dc5c466d06f4416c30ee64703bb9afeccb2a4ff7af3cf9ee9,1395847,,excluded_no_target_link
3681964040,doc_08605475f60e0843,0000950103-21-011821,8-K,EX-101.LAB,employment_or_plan,https://www.sec.gov/Archives/edgar/data/808362/000095010321011821/bkr-20210729_lab.xml,retrieved,204abef2e676d0416a6712120d4be0e8a03853ce817efc7244804c3c88589d33,35851,,excluded_no_target_link
3681964040,doc_098fe6088d732081,0001701605-20-000083,8-K,EX-101.SCH,employment_or_plan,https://www.sec.gov/Archives/edgar/data/808362/000170160520000083/bkr-20201021.xsd,retrieved,bd35b732b7a396555cf9f057a2569a52cfaa2b93c46fa0413c4156d8bc5cbe99,2877,,excluded_no_target_link
3681964040,doc_09fddebee8fb27e4,0001701605-21-000039,DEF 14A,DEF 14A,proxy_statement,https://www.sec.gov/Archives/edgar/data/1701605/000170160521000039/a2021proxystatement.htm,retrieved,ca47a3087364bc8a7e9c31cc0de42dc2d2de1e537b98a4391c22ceb2b6575846,360974,,target_linked
3681964040,doc_0d7e92092d5d0f8d,0001701605-20-000090,8-K,EX-101.PRE,employment_or_plan,https://www.sec.gov/Archives/edgar/data/808362/000170160520000090/bkr-20201029_pre.xml,retrieved,86f6ee1550195191c7779f0dcb6edad144d7bb6839127a9b0d99525f2ffee59f,15532,,excluded_no_target_link
3681964040,doc_12506536c8d3e801,0001701605-21-000084,8-K,EX-101.SCH,employment_or_plan,https://www.sec.gov/Archives/edgar/data/808362/000170160521000084/bkr-20210721.xsd,retrieved,cd3dc9dfc6fec55839bf38750229850d901672042989b4213a1de27d9a150181,2611,,excluded_no_target_link
3681964040,doc_14d172bedc9819e4,0000950103-21-011821,8-K,8-K,current_report_body,https://www.sec.gov/Archives/edgar/data/808362/000095010321011821/dp155764_8k.htm,retrieved,99f88a5dd52eaf905d09dba596f8a87503b54460def58208b47a2a27533c4040,4242,,excluded_no_target_link
3681964040,doc_1568062162f53041,0001701605-21-000084,8-K,EX-101.LAB,employment_or_plan,https://www.sec.gov/Archives/edgar/data/808362/000170160521000084/bkr-20210721_lab.xml,retrieved,a5e3379a21e9bb3eb5b414393140438a4b06aa7a3d2fdabc0533ebcc2fb6606a,29204,,excluded_no_target_link
3681964040,doc_1b28a763f738aca0,0000950103-20-024463,8-K,EX-101.LAB,employment_or_plan,https://www.sec.gov/Archives/edgar/data/808362/000095010320024463/bkr-20201214_lab.xml,retrieved,ce9ee7ba8f8fab9f1b593f44765167b3a22b89beba64549f088ea993fdf4d1e2,36222,,excluded_no_target_link
3681964040,doc_1b9e0c808e8a84e0,0000950103-20-024463,8-K,EX-101.DEF,employment_or_plan,https://www.sec.gov/Archives/edgar/data/808362/000095010320024463/bkr-20201214_def.xml,retrieved,118504ac66eef12431b359d2ae69573f30cb4b15764a8a25b106a1ee8eb3bb98,26542,,excluded_no_target_link
3681964040,doc_2016914fc9abdcc8,0001701605-21-000099,8-K,EX-99.1,press_release_exhibit,https://www.sec.gov/Archives/edgar/data/808362/000170160521000099/bhc-barclayssep82021.htm,retrieved,d40f5ddb898fc714c51e45118b079bbbc2afc6124073de8a4fef19e2ffce7751,623,,excluded_no_target_link
3681964040,doc_287d0d268d86d156,0000950103-20-024463,8-K,EX-10.1,employment_or_plan,https://www.sec.gov/Archives/edgar/data/808362/000095010320024463/dp143135_ex1001.htm,retrieved,fa9e9e4f984392e82ca8bdc6e77facd5e1ed1da99a59f5db90d187fa234a1ed6,16293,,excluded_no_target_link
3681964040,doc_2a631bb7264075e3,0001701605-20-000081,8-K,EX-101.PRE,employment_or_plan,https://www.sec.gov/Archives/edgar/data/808362/000170160520000081/bkr-20200908_pre.xml,retrieved,841756bcbc6d373520c386234387b47aa183a441ea80a406c9843a0658434f00,15532,,excluded_no_target_link
3681964040,doc_3c5f72fd7e8292d9,0000950103-21-011821,8-K,,current_report_body,https://www.sec.gov/Archives/edgar/data/808362/000095010321011821/0000950103-21-011821.txt,retrieved,57831256bf4feea61ee93d2cea99519feaadfcc0fe32e9c2027035adc690054a,85652,,excluded_no_target_link
3681964040,doc_3e3da589805197d1,0001701605-20-000083,8-K,EX-101.LAB,employment_or_plan,https://www.sec.gov/Archives/edgar/data/808362/000170160520000083/bkr-20201021_lab.xml,retrieved,89174e159faae8633c2a6cc26ce1b63bf16b6c7a870d839370a5e70d029e301d,29366,,excluded_no_target_link
3681964040,doc_44275d06ba8d9767,0000950103-21-011821,8-K,EX-101.PRE,employment_or_plan,https://www.sec.gov/Archives/edgar/data/808362/000095010321011821/bkr-20210729_pre.xml,retrieved,421e5448c51a58d174b22fb2539c2466ea7764383ff49d45ccdccfbfa32a2c05,24846,,excluded_no_target_link
3681964040,doc_484555ac92ebab94,0001701605-20-000081,8-K,EX-101.CAL,employment_or_plan,https://www.sec.gov/Archives/edgar/data/808362/000170160520000081/bkr-20200908_cal.xml,retrieved,81300c719f167fa213be54b9feb810842a439bb12a91cb8c0eedd538127275d0,713,,excluded_no_target_link
3681964040,doc_49aab8786bc80222,0001701605-21-000002,8-K,EX-101.SCH,employment_or_plan,https://www.sec.gov/Archives/edgar/data/808362/000170160521000002/bkr-20210121.xsd,retrieved,eb71d81f13d390ee58169f3b7281e447dbb619afd68cc41968ead326d9e42b7d,2898,,excluded_no_target_link
3681964040,doc_4d50688373808246,0001701605-21-000002,8-K,EX-101.LAB,employment_or_plan,https://www.sec.gov/Archives/edgar/data/808362/000170160521000002/bkr-20210121_lab.xml,retrieved,ee15d96d10bdfca42883a9dfe049e3a9136b9ebca013f7dd8146b6f5bbe333bb,29371,,excluded_no_target_link
3681964040,doc_539799f25581d5d6,0001701605-21-000099,8-K,EX-101.SCH,employment_or_plan,https://www.sec.gov/Archives/edgar/data/808362/000170160521000099/bkr-20210908.xsd,retrieved,91c664e5babef9c59685c3a567643d0a861bf56cabdcd48293e0b54515e7b7db,2623,,excluded_no_target_link
3681964040,doc_5a4fa72694e28c01,0001701605-21-000099,8-K,EX-101.LAB,employment_or_plan,https://www.sec.gov/Archives/edgar/data/808362/000170160521000099/bkr-20210908_lab.xml,retrieved,6cf14f2fffdd37d554364fa406b06173c913e35f4ea353a00a75b7236a7d229d,29366,,excluded_no_target_link
3681964040,doc_629b872c2e36164e,0001701605-20-000083,8-K,EX-101.PRE,employment_or_plan,https://www.sec.gov/Archives/edgar/data/808362/000170160520000083/bkr-20201021_pre.xml,retrieved,11bcac3f6e62eaf2ab600815080623938706f221f4c1be01fd5d54a9ce15bdfd,15532,,excluded_no_target_link
3681964040,doc_6530f780abdbfeb6,0001701605-20-000090,8-K,EX-101.SCH,employment_or_plan,https://www.sec.gov/Archives/edgar/data/808362/000170160520000090/bkr-20201029.xsd,retrieved,593987c9dbd965b6a7df79f4db267c01fb1a5e020f7c286983c6a632a11780de,2877,,excluded_no_target_link
3681964040,doc_66563e55cb82575d,0001701605-21-000002,8-K,EX-101.PRE,employment_or_plan,https://www.sec.gov/Archives/edgar/data/808362/000170160521000002/bkr-20210121_pre.xml,retrieved,a35ec61b12e2d6fdadc527abaa2d2c73f75c753eb27b2fd377c5d21f84910242,15546,,excluded_no_target_link
3681964040,doc_720105932b5d4b40,0001701605-21-000072,8-K,EX-101.SCH,employment_or_plan,https://www.sec.gov/Archives/edgar/data/1701605/000170160521000072/bkr-20210514.xsd,retrieved,5e2fa49c417b25ab1282884498b48b4d7432417b32262d7963eade766d6c1492,2165,,excluded_no_target_link
3681964040,doc_73c342d99210b051,0001701605-21-000084,8-K,EX-99.1,press_release_exhibit,https://www.sec.gov/Archives/edgar/data/808362/000170160521000084/earningsreleaseex991063020.htm,retrieved,3c5abc3cb91d8a2bff7ca47fd5e9107990a5800fbaa6815fdf2fae4fb177dddb,42898,,target_linked
3681964040,doc_757d61d0c6319937,0000950103-20-024463,8-K,8-K,current_report_body,https://www.sec.gov/Archives/edgar/data/808362/000095010320024463/dp143135_8k.htm,retrieved,7383eaac9f3c3d90b4ede1b5dc9b0b0ef4ccb5a315f298785c9d624618228271,6847,,excluded_no_target_link
3681964040,doc_767d429e42ba6b77,0000950103-21-011821,8-K,EX-101.DEF,employment_or_plan,https://www.sec.gov/Archives/edgar/data/808362/000095010321011821/bkr-20210729_def.xml,retrieved,e31ce72eacb8e9ecf1bd93726a5f52c461ef477fc84658c55886170d5928d8be,26165,,excluded_no_target_link
3681964040,doc_770fd054ddfec133,0001701605-21-000039,DEF 14A,,proxy_statement,https://www.sec.gov/Archives/edgar/data/1701605/000170160521000039/0001701605-21-000039.txt,retrieved,842960cd65d3614f4a8f21489cdd020c7f08b3435a1cc099bbd7f8741109a38e,29571826,,target_linked
3681964040,doc_779217d041fb4e17,0001701605-21-000099,8-K,EX-101.PRE,employment_or_plan,https://www.sec.gov/Archives/edgar/data/808362/000170160521000099/bkr-20210908_pre.xml,retrieved,5fa14b5e014c4de317c12b4e287757353620d34675ec756bff9d1957b89b663a,15532,,excluded_no_target_link
3681964040,doc_7cb04c3a8bd35da3,0001701605-20-000083,8-K,EX-101.CAL,employment_or_plan,https://www.sec.gov/Archives/edgar/data/808362/000170160520000083/bkr-20201021_cal.xml,retrieved,1db178213cb8469e315f6ec24cf04021f6b57a8dafbae1a2d46ddb6d5f0f2572,713,,excluded_no_target_link
3681964040,doc_8c52b28d761ae202,0000950103-20-024463,8-K,EX-101.PRE,employment_or_plan,https://www.sec.gov/Archives/edgar/data/808362/000095010320024463/bkr-20201214_pre.xml,retrieved,9b93186f5df5fa337f0586ddddfc3bf2b99608d8f7c8ca8e6d46953b216fc0be,25223,,excluded_no_target_link
3681964040,doc_8c7cc0427029a28a,0001701605-20-000090,8-K,EX-10,employment_or_plan,https://www.sec.gov/Archives/edgar/data/808362/000170160520000090/bhcicseveranceplanconfor.htm,retrieved,4bb5d10e08f3140b7b55add1d389b13436d735dd58af522fdfb30dff4d33c453,79991,,excluded_no_target_link
3681964040,doc_8e9a7995883f0a17,0001701605-21-000044,8-K,EX-101.LAB,employment_or_plan,https://www.sec.gov/Archives/edgar/data/808362/000170160521000044/bkr-20210421_lab.xml,retrieved,be7c656e4d773cf1e5b5e94fb3a2b5779724490815e9096b3c725dcccef21747,29366,,excluded_no_target_link
3681964040,doc_9f7bc2dbf97f8247,0001701605-21-000044,8-K,EX-101.CAL,employment_or_plan,https://www.sec.gov/Archives/edgar/data/808362/000170160521000044/bkr-20210421_cal.xml,retrieved,4e145f973c1365f9d29b945beb294b4479b405888f998873a5a7a450e8b9519c,713,,excluded_no_target_link
3681964040,doc_9ff676059bb2b87b,0001701605-21-000072,8-K,EX-10.2,employment_or_plan,https://www.sec.gov/Archives/edgar/data/1701605/000170160521000072/bh_2021rsu3yearratableawar.htm,retrieved,6a7191897b7dfeed0aa558b741a442c1d9811885505337123760f3d0cd2139cd,15983,,excluded_no_target_link
3681964040,doc_a3ec48bdf1549fd7,0001701605-21-000002,8-K,EX-101.DEF,employment_or_plan,https://www.sec.gov/Archives/edgar/data/808362/000170160521000002/bkr-20210121_def.xml,retrieved,17247840295a7c6d62ecaa9394763078cc3b4a9fc17511c5079d711e0b26e9ff,14930,,excluded_no_target_link
3681964040,doc_a63901aabb9b77b9,0001701605-21-000099,8-K,EX-101.DEF,employment_or_plan,https://www.sec.gov/Archives/edgar/data/808362/000170160521000099/bkr-20210908_def.xml,retrieved,11dae87963c3b9636d2a8e3a545b84485e78210e3ab4b4484bd8c0bda922a75c,14916,,excluded_no_target_link
3681964040,doc_aab2bf9765ad4a9d,0001701605-21-000072,8-K,EX-10.3,employment_or_plan,https://www.sec.gov/Archives/edgar/data/1701605/000170160521000072/bh_2021rsu3yearcliffawardu.htm,retrieved,1f9c1a4551f983e38518d1a3aaf4d7153933f1ee3178d3ab2c3639111045577d,15762,,excluded_no_target_link
3681964040,doc_b0dece77ef6c2fe1,0001701605-21-000039,DEF 14A,GRAPHIC,proxy_statement,https://www.sec.gov/Archives/edgar/data/1701605/000170160521000039/check_withbg1a.jpg,retrieved,a87fd9294c40f9ce5e3cf1712772594bbfdac715f66b81d5e1c679984d5cefae,17413,,excluded_no_target_link
3681964040,doc_b669d1d490c5f535,0001701605-20-000090,8-K,EX-101.CAL,employment_or_plan,https://www.sec.gov/Archives/edgar/data/808362/000170160520000090/bkr-20201029_cal.xml,retrieved,324a99969b7e69f68fce254f17364bdf3e9634b2d5c545eb9333a6c2c1beadbf,713,,excluded_no_target_link
3681964040,doc_baa85346b1293a23,0001701605-21-000044,8-K,EX-99.2,press_release_exhibit,https://www.sec.gov/Archives/edgar/data/808362/000170160521000044/exhibit99203312021.htm,retrieved,5be669fde6d2ba6a9667ebc1d113d4392780e572b2f6ce9971e5919184f9a21e,5558,,excluded_no_target_link
3681964040,doc_bc2c19986582c4cc,0001701605-20-000081,8-K,EX-101.SCH,employment_or_plan,https://www.sec.gov/Archives/edgar/data/808362/000170160520000081/bkr-20200908.xsd,retrieved,16dae0d357a393d0a9420193f078341bea4cd02d7f2620b2817ee39cde8450a3,2877,,excluded_no_target_link
3681964040,doc_c16a45c51d1d6331,0001701605-21-000084,8-K,8-K,current_report_body,https://www.sec.gov/Archives/edgar/data/808362/000170160521000084/bkr-20210721.htm,retrieved,39747e2298bcb71dd35b07720ba6cdf31aeb1cfb8b6cae6a0fca72c679a39a7e,6549,,excluded_no_target_link
3681964040,doc_c410e597f71f7221,0001701605-21-000044,8-K,EX-101.SCH,employment_or_plan,https://www.sec.gov/Archives/edgar/data/808362/000170160521000044/bkr-20210421.xsd,retrieved,70f6f4d3783cb852b62b6d6da05329bd610a6fc0707a45994b693bf84ede0416,2877,,excluded_no_target_link
3681964040,doc_c981ca4fda340760,0001701605-21-000002,8-K,EX-99.1,press_release_exhibit,https://www.sec.gov/Archives/edgar/data/808362/000170160521000002/earningsreleaseex991123120.htm,retrieved,f6c2ea6f084c118dfbd839f376a64f53ac844784b721d134f9a653dd725eea81,39604,,target_linked
3681964040,doc_cdfddbeeea1c9fea,0001701605-21-000084,8-K,EX-101.PRE,employment_or_plan,https://www.sec.gov/Archives/edgar/data/808362/000170160521000084/bkr-20210721_pre.xml,retrieved,625bc2efeb19683d60ad621356f01107b52b984df441b8d3e097ef13b8a4cc4e,15370,,excluded_no_target_link
3681964040,doc_d02570815bcd6d36,0001701605-20-000081,8-K,EX-101.DEF,employment_or_plan,https://www.sec.gov/Archives/edgar/data/808362/000170160520000081/bkr-20200908_def.xml,retrieved,456cc213e6e845a1dbcc04baa6b2dcab0f344c56bf1a3ccfa1b64fb8daea0df1,14916,,excluded_no_target_link
3681964040,doc_d28e0e82705bfa39,0001701605-20-000090,8-K,EX-101.DEF,employment_or_plan,https://www.sec.gov/Archives/edgar/data/808362/000170160520000090/bkr-20201029_def.xml,retrieved,fe3a6afd9135abf002af4c20a0af320da3c91fa688c70ce375d43ee756c194ae,14916,,excluded_no_target_link
3681964040,doc_d45a31dbd570c119,0001701605-21-000039,DEF 14A,GRAPHIC,proxy_statement,https://www.sec.gov/Archives/edgar/data/1701605/000170160521000039/bigcrosswithbg1a.jpg,retrieved,5fb568ca400ecc340816e619c87437d5099b15732cb621c9f08b79566de12ae9,14448,,excluded_no_target_link
3681964040,doc_d46b81f943cd68f4,0001701605-21-000072,8-K,EX-101.DEF,employment_or_plan,https://www.sec.gov/Archives/edgar/data/1701605/000170160521000072/bkr-20210514_def.xml,retrieved,9621c6b687bd4fb8b5d6d7dd4f49ab5baf3a0a16a84af14ff95b85e032b7d977,14451,,excluded_no_target_link
3681964040,doc_ddc6d018d6035876,0001701605-21-000072,8-K,EX-10.4,employment_or_plan,https://www.sec.gov/Archives/edgar/data/1701605/000170160521000072/bh_2021psuawardunder2021lt.htm,retrieved,5fd38bfe8ff6af6c75af593e5a658931766a596b3408e26b84ae80a0ae0af482,35432,,excluded_no_target_link
3681964040,doc_ddc9f8fdfae71754,0001701605-20-000090,8-K,EX-101.LAB,employment_or_plan,https://www.sec.gov/Archives/edgar/data/808362/000170160520000090/bkr-20201029_lab.xml,retrieved,ead290f07b897c44f0fc258fb36ff4efd947ac2dd316a6cc0129f28a486e4502,29366,,excluded_no_target_link
3681964040,doc_e649cb19070d1c52,0001701605-21-000072,8-K,EX-10.5,employment_or_plan,https://www.sec.gov/Archives/edgar/data/1701605/000170160521000072/bh_2021stockoptionawardund.htm,retrieved,8e1305e5602e65f2dd031688e6e92b61ca6385f247726b82b63ddbbbee34843a,19212,,excluded_no_target_link
3681964040,doc_e6ada22aab7d5120,0001701605-20-000081,8-K,EX-101.LAB,employment_or_plan,https://www.sec.gov/Archives/edgar/data/808362/000170160520000081/bkr-20200908_lab.xml,retrieved,051e2e25c8a2bd9748248a7e49dfbbbd69ec36f09b5749419e1d6695b16ac823,29366,,excluded_no_target_link
3681964040,doc_e6bc9fc2715eaaae,0000950103-21-011821,8-K,EX-101.SCH,employment_or_plan,https://www.sec.gov/Archives/edgar/data/808362/000095010321011821/bkr-20210729.xsd,retrieved,cc3843c8aaebcbbe127736dc5ab154b4d72e320a8f790c7ef96405ef4670b4a6,3501,,excluded_no_target_link
3681964040,doc_e756bdf6a36e02d3,0001701605-20-000083,8-K,EX-101.DEF,employment_or_plan,https://www.sec.gov/Archives/edgar/data/808362/000170160520000083/bkr-20201021_def.xml,retrieved,cfdf00675c1ca114ea257031d225abd2b2ad0386b00edf35d67c2d9ec45c8c3a,14916,,excluded_no_target_link
3681964040,doc_e7acf39f5a6ad18a,0001701605-21-000002,8-K,EX-101.CAL,employment_or_plan,https://www.sec.gov/Archives/edgar/data/808362/000170160521000002/bkr-20210121_cal.xml,retrieved,0380f7132b87e6cf06f17756bc5103ef48ed687fd34f237a092b51c26d272d11,727,,excluded_no_target_link
3681964040,doc_ecad5fc9e76b1c7f,0000950103-20-024463,8-K,EX-101.SCH,employment_or_plan,https://www.sec.gov/Archives/edgar/data/808362/000095010320024463/bkr-20201214.xsd,retrieved,f563e5cddd1a771cd5fb46d14b43e216e824857d666c00d3c1542905be995441,3659,,excluded_no_target_link
3681964040,doc_ef538aa006a1ccb0,0001701605-21-000084,8-K,EX-101.DEF,employment_or_plan,https://www.sec.gov/Archives/edgar/data/808362/000170160521000084/bkr-20210721_def.xml,retrieved,9eef6c51b6b5889f1d3f526ec9f8d59f009896d3ec8e50084f1fd401eee288ff,14754,,excluded_no_target_link
3681964040,doc_f59ac3124c361655,0001701605-20-000083,8-K,EX-99.1,press_release_exhibit,https://www.sec.gov/Archives/edgar/data/808362/000170160520000083/earningsreleaseexhibit.htm,retrieved,2e9a073ad41f0bb37022c6611976fd069ebb86d337a005a154f568d076d24d7a,36262,,target_linked
3681964040,doc_f69c480bcd0f1af3,0001701605-21-000044,8-K,EX-99.1,press_release_exhibit,https://www.sec.gov/Archives/edgar/data/808362/000170160521000044/earningsreleaseex991033120.htm,retrieved,1aed19ad2040b40415d52f45873f88cb27ac74336c482d53b1918ee23e894a7a,40714,,excluded_no_target_link
3681964040,doc_f7936495fc6f751b,0001701605-21-000044,8-K,EX-101.DEF,employment_or_plan,https://www.sec.gov/Archives/edgar/data/808362/000170160521000044/bkr-20210421_def.xml,retrieved,90b0ef860c231649ed42c4edd29f63dd598acd6e62d3791916c6537edff22af9,14916,,excluded_no_target_link
3681964040,doc_ff30db895ec75c71,0001701605-21-000039,DEF 14A,GRAPHIC,proxy_statement,https://www.sec.gov/Archives/edgar/data/1701605/000170160521000039/a20210312stockpricechart21.jpg,retrieved,aa1d4fc7bf1ea027cd42e4afcf7539d14166c16e32e556fe3af9e10bc98a01ec,604293,,excluded_no_target_link
3688880020,supp_a47910b5436bd97a,,OFFICIAL-SOURCE,official_company_announcement,official_announcement,https://swoop.com/blog/w2o-acquires-swoop/,retrieved,f9b6971488035c0e6e488abdfa9cc88a5c0a9deadb35ca9c35262803efb15dc8,158,curated_excerpt_preferred_for_incremental_rescreen,target_linked
3701573020,supp_5c5e3c455537ea83,,OFFICIAL-SOURCE,official_company_announcement,official_announcement,https://www.corpay.com/corporate-newsroom/14201/fleetcor-acquires-cloud-software-platform-provider-of-b2b-online-bill-payment,retrieved,b1f0fc2d34b18dfbddb6c49c73e5ffcac0ec9245ae1587335fde6949f7ba34ba,143,curated_excerpt_preferred_for_incremental_rescreen,target_linked
3701621020,supp_de9d737d2dd430ac,,OFFICIAL-SOURCE,official_company_announcement,official_announcement,https://www.algolia.com/blog/algolia/i-co-founded-the-ai-company-that-joined-algolia,retrieved,90042349ba97daf0255ca189f858d1054b061f95e4927bda7bdd6c792f4a1330,17209,,target_linked
3701621020,supp_f27a205c0a017de2,,OFFICIAL-SOURCE,official_company_press_release_distributor,official_announcement,https://www.globenewswire.com/news-release/2021/01/26/2164201/0/en/Algolia-Acquires-MorphL-Launches-AI-Powered-Predictive-Experiences-and-Personalization.html,retrieved,f86dc9fc93bc41acfe46e57fb0c59741f50a4299e5dbebcbff4daadbf6544380,9786,,target_linked
3708541020,doc_04da3d038ab36c5c,0000737758-21-000004,8-K,EX-101.SCH,employment_or_plan,https://www.sec.gov/Archives/edgar/data/737758/000073775821000004/ttc-20210304.xsd,retrieved,3a3bf24710e93f2ad2b2f7271196fd45d81526cd0df94d575fb6c043668071a3,2419,,excluded_no_target_link
3708541020,doc_05191d3753c6c6d0,0000737758-21-000004,8-K,EX-101.LAB,employment_or_plan,https://www.sec.gov/Archives/edgar/data/737758/000073775821000004/ttc-20210304_lab.xml,retrieved,ebee0ad8a4212abef5b5b29679227a5d84c184971d52d8bcce425b4013098b5c,24275,,excluded_no_target_link
3708541020,doc_0dc350eae17e1c11,0000737758-21-000004,8-K,EX-101.DEF,employment_or_plan,https://www.sec.gov/Archives/edgar/data/737758/000073775821000004/ttc-20210304_def.xml,retrieved,8b087ab606ae4ef711063b6cb1e42c3995dec756604d2404fd781d5d853d0428,1650,,excluded_no_target_link
3708541020,doc_166a46193de99763,0000737758-21-000020,8-K,EX-99.1,press_release_exhibit,https://www.sec.gov/Archives/edgar/data/737758/000073775821000020/ttc09022021exhibit991.htm,retrieved,e39c2c4554bf7032465ac97fc0a7d8eb3fa18772aebc16e3f431ae8ec9ecb6b2,33606,,excluded_no_target_link
3708541020,doc_183e757bcc920bf3,0001564590-21-050239,8-K,EX-10.1,employment_or_plan,https://www.sec.gov/Archives/edgar/data/737758/000156459021050239/ttc-ex101_6.htm,retrieved,c26c138951174fd5edcd4cb0b94089035a9d1f787e88f92f750ab3912510ae8f,523799,,target_linked
3708541020,doc_25ad045f3fccf7f7,0001564590-21-050239,8-K,8-K,current_report_body,https://www.sec.gov/Archives/edgar/data/737758/000156459021050239/ttc-8k_20211005.htm,retrieved,8577fa8366a05dd459b13ec1c351d552782f7f3c28618502aa8742be8afca4ae,11741,,excluded_no_target_link
3708541020,doc_26a7ffb15f1ab2ba,0001564590-21-050239,8-K,EX-101.SCH,employment_or_plan,https://www.sec.gov/Archives/edgar/data/737758/000156459021050239/ttc-20211005.xsd,retrieved,77766e4dcc1a16d859158ef62191cde310e0c524d94399bf3f6c4274dd4e7c58,5698,,excluded_no_target_link
3708541020,doc_275a5720ab2643ff,0000737758-21-000020,8-K,EX-101.LAB,employment_or_plan,https://www.sec.gov/Archives/edgar/data/737758/000073775821000020/ttc-20210902_lab.xml,retrieved,ef25416dd3b0933ff71d1173071868e1e991e633c1bdcecdcfd2bf227948b51b,24137,,excluded_no_target_link
3708541020,doc_28e7de1d0be8aa33,0001564590-21-004094,DEF 14A,GRAPHIC,proxy_statement,https://www.sec.gov/Archives/edgar/data/737758/000156459021004094/gr0siaxerdel000001.jpg,retrieved,befd2032f1f41a4677e17b3a4afbb487ea9dc0696701a13bb39ba2422fc43459,12881,,excluded_no_target_link
3708541020,doc_2d2886c23065aef5,0001140361-22-001679,8-K,EX-101.SCH,employment_or_plan,https://www.sec.gov/Archives/edgar/data/737758/000114036122001679/ttc-20220114.xsd,retrieved,45acbf03faa8a21d15efe16110ea05188c22bcdf60b08ec9873fa65ec2c5676e,3938,,excluded_no_target_link
3708541020,doc_31faa9dd2569a329,0000737758-21-000010,8-K,8-K,current_report_body,https://www.sec.gov/Archives/edgar/data/737758/000073775821000010/ttc-20210603.htm,retrieved,61c65da429745a75f109c98a3f56a14af4f428c95745c377c21723efba983d67,3560,,excluded_no_target_link
3708541020,doc_32aca74bc04fb6cd,0001564590-22-003617,DEF 14A,GRAPHIC,proxy_statement,https://www.sec.gov/Archives/edgar/data/737758/000156459022003617/gjfwzeccc2se000001.jpg,retrieved,b7ae7175449960cb045fa2624f064946c8ac04797e736869af616af5be2257f4,178373,,excluded_no_target_link
3708541020,doc_3347faf1858c7e47,0001140361-22-001679,8-K,8-K,current_report_body,https://www.sec.gov/Archives/edgar/data/737758/000114036122001679/brhc10032851_8k.htm,retrieved,ef9d63cfad12b8da197cf7aa6e975211321c81222699d5b0ab357199af0a83fe,4747,,target_linked
3708541020,doc_4119c5169b53f37a,0000737758-21-000010,8-K,,current_report_body,https://www.sec.gov/Archives/edgar/data/737758/000073775821000010/0000737758-21-000010.txt,retrieved,893024d48032ee6f7ce493d32dec5306d65e5e7ee0f024a92ba18d4360f028d4,238233,,target_linked
3708541020,doc_43c663c283ae7fef,0001564590-22-003617,DEF 14A,GRAPHIC,proxy_statement,https://www.sec.gov/Archives/edgar/data/737758/000156459022003617/gjfwzeccc2se000003.jpg,retrieved,ad774b302b4b28afc9caeb346c96b064de061f3300038fbf4eb5709ed3bc6447,5316,,excluded_no_target_link
3708541020,doc_4b1d278332c35c61,0001140361-22-001679,8-K,EX-101.LAB,employment_or_plan,https://www.sec.gov/Archives/edgar/data/737758/000114036122001679/ttc-20220114_lab.xml,retrieved,1eed9c3831f792b9d1dd46a1de31f029d16c971f539ed162678cbd25b210288e,22544,,excluded_no_target_link
3708541020,doc_523044a356b2a898,0001564590-21-014058,8-K,8-K,current_report_body,https://www.sec.gov/Archives/edgar/data/737758/000156459021014058/ttc-8k_20210316.htm,retrieved,f8f6fd91c9361ce592d1d1e3277bae3a4a8bba4d8ed659f732cfa571b9957ab4,5054,,excluded_no_target_link
3708541020,doc_53c80fecd17bf31a,0001564590-22-003617,DEF 14A,DEF 14A,proxy_statement,https://www.sec.gov/Archives/edgar/data/737758/000156459022003617/ttc-def14a_20220315.htm,retrieved,6802180931ddf31651bb3b89530b43246b517f80ecd81dc9877cb28bf411c07a,501433,,target_linked
3708541020,doc_56d6dfe386d4f97f,0000737758-21-000026,8-K,,current_report_body,https://www.sec.gov/Archives/edgar/data/737758/000073775821000026/0000737758-21-000026.txt,retrieved,d44a2615f87a5be29481a7ba5a6143b005369cc9297307716183cafa3855e9c4,240802,,target_linked
3708541020,doc_5ba440d33f63d357,0000737758-21-000004,8-K,EX-101.CAL,employment_or_plan,https://www.sec.gov/Archives/edgar/data/737758/000073775821000004/ttc-20210304_cal.xml,retrieved,4cd72bb6f94dc0c6ab88efd70304ba579f21c170033cab2de113b555789df08a,713,,excluded_no_target_link
3708541020,doc_5c602359676f449f,0000737758-21-000026,8-K,EX-99.1,press_release_exhibit,https://www.sec.gov/Archives/edgar/data/737758/000073775821000026/ttc12152021exhibit991.htm,retrieved,3553927b50f19e46c689343f4fccee63210677028303dd705284e5d6bf644209,35372,,excluded_no_target_link
3708541020,doc_6cfda6b366a6065b,0001564590-21-014058,8-K,,current_report_body,https://www.sec.gov/Archives/edgar/data/737758/000156459021014058/0001564590-21-014058.txt,retrieved,4ed24d9ad4dabb64b0f6b0f710591faebc97735bb648cf43128e575d00ae91c4,55139,,target_linked
3708541020,doc_72a27d82bf2a99d9,0001564590-21-014058,8-K,XML,current_report_body,https://www.sec.gov/Archives/edgar/data/737758/000156459021014058/ttc-8k_20210316_htm.xml,retrieved,3f8bea265852b3e92a345fd6846d7a9ff3297dcf22869112c6ffaeafb237ea81,3415,,excluded_no_target_link
3708541020,doc_75f522da890b71ef,0000737758-21-000010,8-K,EX-101.SCH,employment_or_plan,https://www.sec.gov/Archives/edgar/data/737758/000073775821000010/ttc-20210603.xsd,retrieved,c9b712ee99954c918f9b86389d98e4e55d7c96765e55fcdb3366f4b002c2690d,1912,,excluded_no_target_link
3708541020,doc_76171c021068e4df,0001564590-21-004094,DEF 14A,GRAPHIC,proxy_statement,https://www.sec.gov/Archives/edgar/data/737758/000156459021004094/gr0siaxerdel000004.jpg,retrieved,2b8b433fb2575c9f497831039515857a0f2a3c85ed4c8e076136472130abd5de,2763,,excluded_no_target_link
3708541020,doc_8241ef23ac698b5a,0001564590-21-004094,DEF 14A,GRAPHIC,proxy_statement,https://www.sec.gov/Archives/edgar/data/737758/000156459021004094/gr0siaxerdel000002.jpg,retrieved,2b8b433fb2575c9f497831039515857a0f2a3c85ed4c8e076136472130abd5de,2763,,excluded_no_target_link
3708541020,doc_8d04c3d6ccd72f8f,0000737758-21-000026,8-K,EX-101.SCH,employment_or_plan,https://www.sec.gov/Archives/edgar/data/737758/000073775821000026/ttc-20211215.xsd,retrieved,c9d83e6e5a9cf68eaaee343f74fdbeb5380dec4f096201f031af14b0af686ba8,1900,,excluded_no_target_link
3708541020,doc_924b1f84c6c7c220,0000737758-21-000020,8-K,EX-101.SCH,employment_or_plan,https://www.sec.gov/Archives/edgar/data/737758/000073775821000020/ttc-20210902.xsd,retrieved,694e92f4c0e5bc4f2d7c93c99da3c8ca9088af1bd758551282fca55563270576,1900,,excluded_no_target_link
3708541020,doc_94dbfee431273a1a,0001564590-22-003617,DEF 14A,GRAPHIC,proxy_statement,https://www.sec.gov/Archives/edgar/data/737758/000156459022003617/gjfwzeccc2se000004.jpg,retrieved,27d10209af727166c4c718a8e4be394db657c81728a4c31d008accdf15d65d0a,5213,,excluded_no_target_link
3708541020,doc_a95c15b312bbe39a,0000737758-21-000026,8-K,EX-101.LAB,employment_or_plan,https://www.sec.gov/Archives/edgar/data/737758/000073775821000026/ttc-20211215_lab.xml,retrieved,af3f0984a5d5953b2022615a281a5384cad59843689308d9f0642ccabe20e504,24137,,excluded_no_target_link
3708541020,doc_b68a1679c66cfef5,0001564590-21-004094,DEF 14A,,proxy_statement,https://www.sec.gov/Archives/edgar/data/737758/000156459021004094/0001564590-21-004094.txt,retrieved,16376c4372901b5ceddf62e4086e69400c0db5f2976e6e30313a4478f4b72a3a,648779,,target_linked
3708541020,doc_bbf90717483c32e9,0000737758-21-000020,8-K,8-K,current_report_body,https://www.sec.gov/Archives/edgar/data/737758/000073775821000020/ttc-20210902.htm,retrieved,609ca776d27a81998f1f661b9c53def9fd199c638c7d01b794ff1de54ee63bcd,3580,,excluded_no_target_link
3708541020,doc_bfc2e270dde4bd37,0001564590-21-004094,DEF 14A,GRAPHIC,proxy_statement,https://www.sec.gov/Archives/edgar/data/737758/000156459021004094/gr0siaxerdel000003.jpg,retrieved,ad774b302b4b28afc9caeb346c96b064de061f3300038fbf4eb5709ed3bc6447,5316,,excluded_no_target_link
3708541020,doc_bfcf303a74f3dcaf,0000737758-21-000026,8-K,8-K,current_report_body,https://www.sec.gov/Archives/edgar/data/737758/000073775821000026/ttc-20211215.htm,retrieved,178730f216f7ce1c9358fdf48f1c11b8dcacdd3ad7f4acfb33044ee8ee30904b,3547,,excluded_no_target_link
3708541020,doc_c46374cd60eea149,0000737758-21-000004,8-K,EX-99.1,press_release_exhibit,https://www.sec.gov/Archives/edgar/data/737758/000073775821000004/ttc03042021exhibit991.htm,retrieved,75271e3317aab541c00460a007eb49111660d50da80f544da3d85efcb4a72ccb,28681,,excluded_no_target_link
3708541020,doc_c46da42b6e0de34e,0000737758-21-000020,8-K,,current_report_body,https://www.sec.gov/Archives/edgar/data/737758/000073775821000020/0000737758-21-000020.txt,retrieved,28a6fb6a08dd7438d64a94faeae6ed064832811aab760d8b108c90ece1403978,238059,,target_linked
3708541020,doc_cfa1850111d35fef,0001564590-21-004094,DEF 14A,DEF 14A,proxy_statement,https://www.sec.gov/Archives/edgar/data/737758/000156459021004094/ttc-def14a_20210316.htm,retrieved,a72cf17e5e43da0efc3183db50e4b70dc6b18f01a866fac77fd3ee85c004258f,316071,,target_linked
3708541020,doc_d1d59dad937b9a17,0001564590-21-014058,8-K,EX-101.SCH,employment_or_plan,https://www.sec.gov/Archives/edgar/data/737758/000156459021014058/ttc-20210316.xsd,retrieved,f1bf62eda1cce2eeb583675285d662934aa5cf43034a91f20af11eaac3a92e33,5698,,excluded_no_target_link
3708541020,doc_d26d311b8363c9b8,0000737758-21-000026,8-K,EX-101.PRE,employment_or_plan,https://www.sec.gov/Archives/edgar/data/737758/000073775821000026/ttc-20211215_pre.xml,retrieved,e79fd244c1635e5afff238ca2e7ba34e7a4392397e0dece1cd818d1eab35aa54,12511,,excluded_no_target_link
3708541020,doc_d526c96b066f656f,0001564590-21-014058,8-K,EX-101.PRE,employment_or_plan,https://www.sec.gov/Archives/edgar/data/737758/000156459021014058/ttc-20210316_pre.xml,retrieved,202bf8ba1be64ae8b0c661ef7b8cd6e8e8be463b5535158de8908c283ae98515,11102,,excluded_no_target_link
3708541020,doc_dd949faa55c2a3bb,0001140361-22-001679,8-K,,current_report_body,https://www.sec.gov/Archives/edgar/data/737758/000114036122001679/0001140361-22-001679.txt,retrieved,180527f3853629fe32665ad5fac1f64f67e6fde9164c22d65b3fc2d5cd828aa6,111409,,target_linked
3708541020,doc_de645dc97e8f0d1f,0001564590-22-003617,DEF 14A,,proxy_statement,https://www.sec.gov/Archives/edgar/data/737758/000156459022003617/0001564590-22-003617.txt,retrieved,09847ee57c0d7f7d66b5f799ab61f3cc7cf288df4eb5902a5c113b35bc7ba0ce,3303356,,target_linked
3708541020,doc_df43b6488ec6de86,0001564590-22-003617,DEF 14A,GRAPHIC,proxy_statement,https://www.sec.gov/Archives/edgar/data/737758/000156459022003617/gjfwzeccc2se000002.jpg,retrieved,27d10209af727166c4c718a8e4be394db657c81728a4c31d008accdf15d65d0a,5213,,excluded_no_target_link
3708541020,doc_e05258f738aba648,0000737758-21-000010,8-K,EX-99.1,press_release_exhibit,https://www.sec.gov/Archives/edgar/data/737758/000073775821000010/ttc06032021exhibit991.htm,retrieved,254f1b148533e9301efbeef9e4fca5a6cee21c94a3835e93f681320f3b1bbabd,33223,,excluded_no_target_link
3708541020,doc_e13b881e302e0a0d,0001140361-22-001679,8-K,EX-101.PRE,employment_or_plan,https://www.sec.gov/Archives/edgar/data/737758/000114036122001679/ttc-20220114_pre.xml,retrieved,fee2fc91cc299cb5bc9acd2ce8a9b2db9467394f3a815535da21359024bed496,16053,,excluded_no_target_link
3708541020,doc_e25cd75adbabf7f1,0001564590-21-014058,8-K,EX-101.LAB,employment_or_plan,https://www.sec.gov/Archives/edgar/data/737758/000156459021014058/ttc-20210316_lab.xml,retrieved,db92f4715afa776d7ce561af99165c10b782cb88eab185fc470879d45e33c808,18717,,excluded_no_target_link
3708541020,doc_ec5761a253f10b6b,0000737758-21-000004,8-K,EX-101.PRE,employment_or_plan,https://www.sec.gov/Archives/edgar/data/737758/000073775821000004/ttc-20210304_pre.xml,retrieved,4280122471dc8967a82ba618a7347998fcb5dae0f65a99851e39d91e1b72b3ba,12649,,excluded_no_target_link
3708541020,doc_ecf1d18a25ff5cae,0001564590-21-050239,8-K,EX-101.PRE,employment_or_plan,https://www.sec.gov/Archives/edgar/data/737758/000156459021050239/ttc-20211005_pre.xml,retrieved,7ff2faa6ae5517a0bb398b8ffe3a29089b055d7f9cbc2a89532d06aa0c487d41,11102,,excluded_no_target_link
3708541020,doc_f1ca70b627225df1,0000737758-21-000010,8-K,EX-101.PRE,employment_or_plan,https://www.sec.gov/Archives/edgar/data/737758/000073775821000010/ttc-20210603_pre.xml,retrieved,e6cf22c5f82fe34e1e5e17909082a382b15df240b969a35702ea393a5c52a658,12649,,excluded_no_target_link
3708541020,doc_f4a1d147ad6cf704,0001140361-22-001679,8-K,EX-99.1,press_release_exhibit,https://www.sec.gov/Archives/edgar/data/737758/000114036122001679/brhc10032851_ex99-1.htm,retrieved,8a57e25e25586c4e1a4554f8eb7d3488b3e5dc81866f9606a70aebe470600e6b,4750,,target_linked
3708541020,doc_fa3a14aae92e125d,0001564590-21-050239,8-K,EX-101.LAB,employment_or_plan,https://www.sec.gov/Archives/edgar/data/737758/000156459021050239/ttc-20211005_lab.xml,retrieved,723e4bf324552d69d58a404cbf79dc7a9c58c1924897660700f5580444bae1fa,18717,,excluded_no_target_link
3708541020,doc_fc9ffa6ed4ffa082,0000737758-21-000020,8-K,EX-101.PRE,employment_or_plan,https://www.sec.gov/Archives/edgar/data/737758/000073775821000020/ttc-20210902_pre.xml,retrieved,2189aa421bfc0f526a6b2810af2d362e9fefc72383e2c9de66f3465698d7fb62,12511,,excluded_no_target_link
3708541020,doc_ffd094099dec933a,0000737758-21-000010,8-K,EX-101.LAB,employment_or_plan,https://www.sec.gov/Archives/edgar/data/737758/000073775821000010/ttc-20210603_lab.xml,retrieved,7cf0dcfddb01002817c6dd8298e8fabe7e035a9c64d3dfe3eeac9b417dee932f,24275,,excluded_no_target_link
3727571020,supp_f56ffb1c8870a6f6,,OFFICIAL-SOURCE,official_company_press_release_distributor,official_announcement,https://www.globenewswire.com/news-release/2021/04/08/2206486/0/en/appharvest-acquires-agricultural-robotics-and-artificial-intelligence-company-root-ai-to-increase-efficiency.html,retrieved,a61e18a0c6765bd216a5393bce0f4f5ff544c22f727c912fc15664f531806029,14286,,target_linked
3728982040,supp_f0f18f18d45e2547,,OFFICIAL-SOURCE,official_company_press_release_distributor,official_announcement,https://www.globenewswire.com/news-release/2021/04/06/2204941/0/en/Life-Clips-Closes-Transaction-to-Acquire-Cognitive-Apps-Software-Solutions-Inc.html,retrieved,b0c2a914aa4f98292a51caf85135287e844a1a2c8635bb26db22ac34802746c4,164,curated_excerpt_preferred_for_incremental_rescreen,target_linked
3742169040,supp_c0a01e7012c4bb9e,,OFFICIAL-SOURCE,official_company_announcement,official_announcement,https://skyspecs.com/blog/skyspecs-acquires-fincovi-and-vertikal-ai/,retrieved,878fa7f98a7484121119c76cb78ef6ac8363d9445dbb805ae6ac5103cfab236f,163,curated_excerpt_preferred_for_incremental_rescreen,target_linked
3754779020,supp_bfe94cddfded4cfb,,OFFICIAL-SOURCE,official_company_announcement,official_announcement,https://www.liveaction.com/press/liveaction-acquires-counterflow-ai-to-expand-network-security-offerings/,retrieved,7056826fc6fcd9c61ea09ad0819662de9af34493057f84abf2772af4683dac74,196,curated_excerpt_preferred_for_incremental_rescreen,target_linked
3759466020,doc_019fa1ae09ff12d2,0001645590-21-000059,8-K,EX-101.SCH,employment_or_plan,https://www.sec.gov/Archives/edgar/data/1645590/000164559021000059/hpe-20211014.xsd,retrieved,9a0ee8a236c09bf60133cb3d778c5f68fae8b290b8e0a8baa4a5f85ee542594d,2150,,excluded_no_target_link
3759466020,doc_03e5eb008ef6be6c,0001645590-21-000048,8-K,8-K,current_report_body,https://www.sec.gov/Archives/edgar/data/1645590/000164559021000048/hpe-20210701.htm,retrieved,50861048ccb94ff2d822948ba233b150c778d8b462d30e8ae5e9106a01d12ab1,3235,,excluded_no_target_link
3759466020,doc_09401bf81768911d,0001645590-21-000059,8-K,,current_report_body,https://www.sec.gov/Archives/edgar/data/1645590/000164559021000059/0001645590-21-000059.txt,retrieved,2a519553fb37d1522eecf679e6845bf4249f74cd83ca833dbef3cd0b0b5f8f4d,58672,,target_linked
3759466020,doc_123edf14991f02e8,0001645590-21-000053,8-K,8-K,current_report_body,https://www.sec.gov/Archives/edgar/data/1645590/000164559021000053/hpe-20210902.htm,retrieved,420d03221dfa2767ba5011355352aaa5062c796b8773b7adf845a72b171c00d2,9031,,excluded_no_target_link
3759466020,doc_12fb0c63cbae4f56,0001645590-22-000018,8-K,,current_report_body,https://www.sec.gov/Archives/edgar/data/1645590/000164559022000018/0001645590-22-000018.txt,retrieved,70efcb0f865db6606391a367329eb27bb0bcb1f462a8c2e6efa359fa8a24a58a,60226,,excluded_no_target_link
3759466020,doc_1a619aee57478cdf,0001645590-22-000002,8-K,,current_report_body,https://www.sec.gov/Archives/edgar/data/1645590/000164559022000002/0001645590-22-000002.txt,retrieved,02d6fc3e3746f3a1b06b51d248e9cc4a6ec606494b9891cb6cb2a8d90cf20a6b,57648,,excluded_no_target_link
3759466020,doc_1e5b0ef6f6b45b8a,0001645590-21-000059,8-K,8-K,current_report_body,https://www.sec.gov/Archives/edgar/data/1645590/000164559021000059/hpe-20211014.htm,retrieved,9a40258bd40729ace1b13c858679fe80c7321079bec3a70b2c0f3553ed71e42c,3406,,target_linked
3759466020,doc_2434802436914f3c,0001645590-22-000006,DEF 14A,DEF 14A,proxy_statement,https://www.sec.gov/Archives/edgar/data/1645590/000164559022000006/a2022hpeproxy.htm,retrieved,9f961f556fe978f2e89acd38905a1b2f598825aa66ba8e7ebab20ae85f04ef0d,377881,,target_linked
3759466020,doc_251b1decf10d138c,0001645590-22-000002,8-K,EX-101.SCH,employment_or_plan,https://www.sec.gov/Archives/edgar/data/1645590/000164559022000002/hpe-20220118.xsd,retrieved,68b5b6b798ff2046a9a605a487f1bff41095229e7ce01c6a221e1db2a207d1b1,2150,,excluded_no_target_link
3759466020,doc_26c7021b604481f5,0001645590-21-000050,8-K,,current_report_body,https://www.sec.gov/Archives/edgar/data/1645590/000164559021000050/0001645590-21-000050.txt,retrieved,ba2214be51d5ddbafb241eb5cc4dd643b688bb87b4ff1d3bdfd6daa2b5f18741,58845,,excluded_no_target_link
3759466020,doc_2d115b95143d040f,0001645590-22-000002,8-K,EX-101.PRE,employment_or_plan,https://www.sec.gov/Archives/edgar/data/1645590/000164559022000002/hpe-20220118_pre.xml,retrieved,2105ef87ba17245ffea4d9192c3c5909238d9fd0157a1e22832c793c05adf395,14673,,excluded_no_target_link
3759466020,doc_311a3444dc80f8f8,0001645590-22-000020,8-K,EX-101.DEF,employment_or_plan,https://www.sec.gov/Archives/edgar/data/1645590/000164559022000020/hpe-20220422_def.xml,retrieved,791fad8caaf4acfb70db44a69ebd1075959d35313e40408197e71619543314f5,2898,,excluded_no_target_link
3759466020,doc_32fd8edaf60183fb,0001645590-22-000010,8-K,EX-101.LAB,employment_or_plan,https://www.sec.gov/Archives/edgar/data/1645590/000164559022000010/hpe-20220301_lab.xml,retrieved,ce8ec71e5e44ad25051d7a10115dce74d5054254eefbbbe173b043c690c16e89,29041,,excluded_no_target_link
3759466020,doc_36ee7fd2a4c2faad,0001645590-21-000061,8-K,EX-101.PRE,employment_or_plan,https://www.sec.gov/Archives/edgar/data/1645590/000164559021000061/hpe-20211028_pre.xml,retrieved,d5b1ea26652599051abc7ae5c6664e5252dc151a7579a06c6f440b9b9cf2f0a9,14673,,excluded_no_target_link
3759466020,doc_392f278402f81dea,0001645590-22-000018,8-K,EX-101.DEF,employment_or_plan,https://www.sec.gov/Archives/edgar/data/1645590/000164559022000018/hpe-20220405_def.xml,retrieved,838d6a184ccf59c01e59caab73c4e18d57cf131319e05d716a370e25184412af,2898,,excluded_no_target_link
3759466020,doc_444e577d0f2fc93d,0001645590-22-000020,8-K,8-K,current_report_body,https://www.sec.gov/Archives/edgar/data/1645590/000164559022000020/hpe-20220422.htm,retrieved,62f42c91b5176f848b620da6bb9cc9ecd0e4590320ef02d47d591346fa3018e2,3069,,excluded_no_target_link
3759466020,doc_455877ae268db3d0,0001645590-21-000050,8-K,EX-101.SCH,employment_or_plan,https://www.sec.gov/Archives/edgar/data/1645590/000164559021000050/hpe-20210823.xsd,retrieved,58183cb1f6aa76663f2113bd6d82b8ca8838cb30f833b14e30b850f1232796f1,2150,,excluded_no_target_link
3759466020,doc_46436087a35d6a30,0001645590-21-000063,8-K,EX-101.LAB,employment_or_plan,https://www.sec.gov/Archives/edgar/data/1645590/000164559021000063/hpe-20211130_lab.xml,retrieved,1cc8c03d650342d4c5d7502ecda6532d1c028b3aa28a0218901dcacc58f7c577,24137,,excluded_no_target_link
3759466020,doc_493c4e3241a9b68d,0001645590-21-000061,8-K,EX-99.1,press_release_exhibit,https://www.sec.gov/Archives/edgar/data/1645590/000164559021000061/exh991pressrelease10-28x21.htm,retrieved,1f569bdb6a3022d30c97c6d49e17f80c51ac9c2f16c98c9c65cea65d99cc3399,17339,,excluded_no_target_link
3759466020,doc_4e019ccdd3cf477b,0001645590-21-000048,8-K,EX-101.DEF,employment_or_plan,https://www.sec.gov/Archives/edgar/data/1645590/000164559021000048/hpe-20210701_def.xml,retrieved,c51195e8a9b144e9c30e232eecd4c403dc4e71d9ec254b98d206bb115af7c5bf,2898,,excluded_no_target_link
3759466020,doc_52ba836ac1b1ed27,0001645590-21-000063,8-K,EX-101.SCH,employment_or_plan,https://www.sec.gov/Archives/edgar/data/1645590/000164559021000063/hpe-20211130.xsd,retrieved,9ce3e1e53a944f30fe53808ac932d291006c040aa792c412538b5a5c5552f0f3,1897,,excluded_no_target_link
3759466020,doc_5941e645f62bcae3,0001645590-21-000063,8-K,,current_report_body,https://www.sec.gov/Archives/edgar/data/1645590/000164559021000063/0001645590-21-000063.txt,retrieved,4a93c257ed5d6c422a5996dacd45d64156237c41d424c9a025f0ea15fca31e0c,257268,,excluded_no_target_link
3759466020,doc_5acfd453a57f726c,0001645590-22-000002,8-K,8-K,current_report_body,https://www.sec.gov/Archives/edgar/data/1645590/000164559022000002/hpe-20220118.htm,retrieved,1216477ffe60764cb1a3e4d46034236df6bc71aa95ab19ee618af531cad131e3,2934,,excluded_no_target_link
3759466020,doc_5cccbae584873596,0001645590-21-000061,8-K,8-K,current_report_body,https://www.sec.gov/Archives/edgar/data/1645590/000164559021000061/hpe-20211028.htm,retrieved,5cfa933d6d1af3e28ff2ffb01d59bd5a7184432678c7544b94d507b8c3039f37,3408,,excluded_no_target_link
3759466020,doc_5eadd37bf22cb863,0001645590-21-000050,8-K,EX-101.LAB,employment_or_plan,https://www.sec.gov/Archives/edgar/data/1645590/000164559021000050/hpe-20210823_lab.xml,retrieved,2a264f860787236fb90a0d136489a647c18ebfdd2b6cae6cc7eb49f7c28dbfc9,27170,,excluded_no_target_link
3759466020,doc_64e56431559c2881,0001645590-21-000038,8-K,EX-101.LAB,employment_or_plan,https://www.sec.gov/Archives/edgar/data/1645590/000164559021000038/hpe-20210601_lab.xml,retrieved,e96004b47dd0ef42efb6f5769af03ac823189334787406d3185a1ea36df5ff71,24275,,excluded_no_target_link
3759466020,doc_69168167d5474899,0001645590-22-000018,8-K,8-K,current_report_body,https://www.sec.gov/Archives/edgar/data/1645590/000164559022000018/hpe-20220405.htm,retrieved,b442544ed50d764f539a94182b31a4bd08f8e08629426d1fc60aebb0f8008255,5009,,excluded_no_target_link
3759466020,doc_6a83a831f3357e14,0001645590-22-000020,8-K,,current_report_body,https://www.sec.gov/Archives/edgar/data/1645590/000164559022000020/0001645590-22-000020.txt,retrieved,04d090fc305ae9d1194ae3422f6660c589d92dae3d4e8ee84b6093ecc9d107a6,59008,,excluded_no_target_link
3759466020,doc_6d2fe03cf425d961,0001645590-21-000048,8-K,EX-101.SCH,employment_or_plan,https://www.sec.gov/Archives/edgar/data/1645590/000164559021000048/hpe-20210701.xsd,retrieved,a11870b4579a60acc5db12b8d0bf8aadfd4bc222c72027c0552f8de2d825257e,2150,,excluded_no_target_link
3759466020,doc_6d9cea5a9bb464c4,0001645590-22-000018,8-K,EX-101.PRE,employment_or_plan,https://www.sec.gov/Archives/edgar/data/1645590/000164559022000018/hpe-20220405_pre.xml,retrieved,7abae3da0c662028a52f88674ee953939db397dff021dab1125e56dc51ef2b96,14673,,excluded_no_target_link
3759466020,doc_76ef511d5ac4b73c,0001645590-21-000038,8-K,EX-99.1,press_release_exhibit,https://www.sec.gov/Archives/edgar/data/1645590/000164559021000038/ex-991x4302021x8kng.htm,retrieved,a3f71f1a54ddf8a688f9fdffdce807df821718029fbd9387e59904f1fd60acd6,56109,,excluded_no_target_link
3759466020,doc_7733f131369a5a98,0001645590-21-000059,8-K,EX-101.DEF,employment_or_plan,https://www.sec.gov/Archives/edgar/data/1645590/000164559021000059/hpe-20211014_def.xml,retrieved,06fbe0f7d504763fd0afccd7ea7717da4eccdc860b51ee20487e091b138948be,3351,,excluded_no_target_link
3759466020,doc_7e7a8fafa453a406,0001645590-22-000018,8-K,EX-101.LAB,employment_or_plan,https://www.sec.gov/Archives/edgar/data/1645590/000164559022000018/hpe-20220405_lab.xml,retrieved,9d5bd2266661b4c74259185150793a11e74acb793714b0b0f8fcb0e32b5e8a9e,27170,,excluded_no_target_link
3759466020,doc_7ff54fcb9fd256c0,0001645590-21-000053,8-K,EX-101.SCH,employment_or_plan,https://www.sec.gov/Archives/edgar/data/1645590/000164559021000053/hpe-20210902.xsd,retrieved,fedb594728dca0f5ac8d43e9d45379a3c1771a81c538e0667a220509f72f4f7c,1897,,excluded_no_target_link
3759466020,doc_901084f2af3b5829,0001645590-21-000063,8-K,8-K,current_report_body,https://www.sec.gov/Archives/edgar/data/1645590/000164559021000063/hpe-20211130.htm,retrieved,8af8cd8c8926df01ee375bd3740b8137b0caa0ceaf79d4c249043791ab564f09,9003,,excluded_no_target_link
3759466020,doc_94169a15c4292216,0001645590-22-000010,8-K,8-K,current_report_body,https://www.sec.gov/Archives/edgar/data/1645590/000164559022000010/hpe-20220301.htm,retrieved,1e29ade5bbff7422447c65ee527a898f5f4dc9ddc48a03ebe48b9d11dc7e982d,9337,,excluded_no_target_link
3759466020,doc_9850d3f3fc6405b6,0001645590-21-000053,8-K,EX-101.LAB,employment_or_plan,https://www.sec.gov/Archives/edgar/data/1645590/000164559021000053/hpe-20210902_lab.xml,retrieved,0dc1f493a7fdb87a5342cc7470edca5852ffa11505491a618a43a784427571f5,24137,,excluded_no_target_link
3759466020,doc_99db2d6c0b1bf31c,0001645590-21-000053,8-K,,current_report_body,https://www.sec.gov/Archives/edgar/data/1645590/000164559021000053/0001645590-21-000053.txt,retrieved,e077bd1e5e027d03c871c628e4d60ae1ef154803f30a8bf4cb6f6ee2d352e1a2,249487,,excluded_no_target_link
3759466020,doc_9d60ff6756f6aa2d,0001645590-22-000006,DEF 14A,,proxy_statement,https://www.sec.gov/Archives/edgar/data/1645590/000164559022000006/0001645590-22-000006.txt,retrieved,92a7f35bc45a9d7cc25dbfa1b1da54a1da963fd7a584a0f3ad65bb9cb7f636e4,18459977,,target_linked
3759466020,doc_9e2bf62c07424d44,0001645590-21-000038,8-K,EX-101.PRE,employment_or_plan,https://www.sec.gov/Archives/edgar/data/1645590/000164559021000038/hpe-20210601_pre.xml,retrieved,2f0900d87295b7d5dc6d8612beb881ef48d57da95282926aedcde0f4ec7e0a3c,12647,,excluded_no_target_link
3759466020,doc_a0362e2dd137337e,0001645590-21-000038,8-K,EX-101.SCH,employment_or_plan,https://www.sec.gov/Archives/edgar/data/1645590/000164559021000038/hpe-20210601.xsd,retrieved,7eaa44d470f53b15caaa265a2209da9a2728f3ff93ec6077e59bb0b4bb367c8d,1909,,excluded_no_target_link
3759466020,doc_a634202b175bf7d6,0001645590-21-000061,8-K,EX-101.SCH,employment_or_plan,https://www.sec.gov/Archives/edgar/data/1645590/000164559021000061/hpe-20211028.xsd,retrieved,c9dcfe496484bd3515bc416d8706bd7b429a4c6b711d92376716afb786fca95c,2150,,excluded_no_target_link
3759466020,doc_ae02844d2827c860,0001645590-21-000059,8-K,EX-101.LAB,employment_or_plan,https://www.sec.gov/Archives/edgar/data/1645590/000164559021000059/hpe-20211014_lab.xml,retrieved,acf8e8d19118ec896ea7c34e7d93f53cda32ffd21725463ceab28b54c08638c1,27170,,excluded_no_target_link
3759466020,doc_b28da363098ce4bd,0001645590-21-000038,8-K,8-K,current_report_body,https://www.sec.gov/Archives/edgar/data/1645590/000164559021000038/hpe-20210601.htm,retrieved,860fe8f9ba3052048f9f808e851b255746c3554ef369ada09aff73ed8f7983a0,9563,,excluded_no_target_link
3759466020,doc_bc0d6d791be237d6,0001645590-22-000020,8-K,EX-101.SCH,employment_or_plan,https://www.sec.gov/Archives/edgar/data/1645590/000164559022000020/hpe-20220422.xsd,retrieved,ca513637a8ba6769a105454d4848c499ff51ab3fea513e4a7d9d7f7e5f623467,2150,,excluded_no_target_link
3759466020,doc_bfb0e2ad8740b143,0001645590-22-000010,8-K,EX-99.1,press_release_exhibit,https://www.sec.gov/Archives/edgar/data/1645590/000164559022000010/ex-991x1312022x8k.htm,retrieved,fc51d079d3a70dac88c6c563a45386c97b66573ebb4c99f8abaa89d0c9ddb9cf,49060,,excluded_no_target_link
3759466020,doc_c11e306e2cc4bb89,0001645590-22-000010,8-K,EX-101.PRE,employment_or_plan,https://www.sec.gov/Archives/edgar/data/1645590/000164559022000010/hpe-20220301_pre.xml,retrieved,55625870ff28785eb863bae0ef9adb26557ec83dbb7433a47f523905b44f71d8,15426,,excluded_no_target_link
3759466020,doc_c7f3da66332ea8f0,0001645590-21-000063,8-K,EX-101.PRE,employment_or_plan,https://www.sec.gov/Archives/edgar/data/1645590/000164559021000063/hpe-20211130_pre.xml,retrieved,8a3e2572231bd9bdaaa5d7323cc856e23f58a44bd9440b9889ea2a8003c5aa32,12509,,excluded_no_target_link
3759466020,doc_c8b1b478a53895a4,0001645590-22-000020,8-K,EX-101.LAB,employment_or_plan,https://www.sec.gov/Archives/edgar/data/1645590/000164559022000020/hpe-20220422_lab.xml,retrieved,261c5f3083868038e86d69291824f570d4a74d61ea2c0d741137135f22cc17a1,27170,,excluded_no_target_link
3759466020,doc_ccb2da128a0528e9,0001645590-21-000048,8-K,EX-101.LAB,employment_or_plan,https://www.sec.gov/Archives/edgar/data/1645590/000164559021000048/hpe-20210701_lab.xml,retrieved,1601cb0857b8e3fb7d5642fd105247ccc63bde268641835904f399b522c83cbc,27170,,excluded_no_target_link
3759466020,doc_d676fbd43ec30fa6,0001645590-21-000048,8-K,EX-99.1,press_release_exhibit,https://www.sec.gov/Archives/edgar/data/1645590/000164559021000048/exh991pressrelease7-1x21.htm,retrieved,102e95aaf094207ba4fcf57b2ea2f8192b5ad2f5f8843a7e3419759a4fa8b180,8559,,excluded_no_target_link
3759466020,doc_d7ae7873779df098,0001645590-21-000050,8-K,EX-101.PRE,employment_or_plan,https://www.sec.gov/Archives/edgar/data/1645590/000164559021000050/hpe-20210823_pre.xml,retrieved,cf6566f75c6e9ab5df41037386cc27762a9b6685b7ec36eb2401b76150dc21bf,15186,,excluded_no_target_link
3759466020,doc_d96425686d4a74dc,0001645590-21-000061,8-K,EX-101.DEF,employment_or_plan,https://www.sec.gov/Archives/edgar/data/1645590/000164559021000061/hpe-20211028_def.xml,retrieved,a1bacc24c9113c1449a6a0fd3859a9cfa7d4f5a90528487b93fab83b88769796,2898,,excluded_no_target_link
3759466020,doc_dd80b2aa45168c1d,0001645590-21-000050,8-K,EX-101.DEF,employment_or_plan,https://www.sec.gov/Archives/edgar/data/1645590/000164559021000050/hpe-20210823_def.xml,retrieved,5a441bc58c253d9fe8f0c453586c5694019e2761a6e29373264c85122bfe7cda,3351,,excluded_no_target_link
3759466020,doc_ddea1c974c267b6a,0001645590-21-000048,8-K,EX-101.PRE,employment_or_plan,https://www.sec.gov/Archives/edgar/data/1645590/000164559021000048/hpe-20210701_pre.xml,retrieved,1d36dc45b7c29370721b8e5b253a09a8fe0ea9860a95ebb4d37bef5f3c76b74f,14673,,excluded_no_target_link
3759466020,doc_df36808873a05671,0001645590-22-000010,8-K,EX-101.DEF,employment_or_plan,https://www.sec.gov/Archives/edgar/data/1645590/000164559022000010/hpe-20220301_def.xml,retrieved,691f1c08e23bfe296e1a3444120f506cb69fe939a753ceb6a49b2d397a48c1c4,14833,,excluded_no_target_link
3759466020,doc_e038b5d15bb6906c,0001645590-21-000050,8-K,8-K,current_report_body,https://www.sec.gov/Archives/edgar/data/1645590/000164559021000050/hpe-20210823.htm,retrieved,752b08242dd635aea2ca8485fc3b83c4d7e2d7bb388c6a55341083857784e482,3498,,excluded_no_target_link
3759466020,doc_e19e19d7349b4b6a,0001645590-22-000002,8-K,EX-101.DEF,employment_or_plan,https://www.sec.gov/Archives/edgar/data/1645590/000164559022000002/hpe-20220118_def.xml,retrieved,cc9f391e9878033498d1f4557fcbd0764a0ea64193a68478e9790e37ac0180dc,2898,,excluded_no_target_link
3759466020,doc_e32bc2a2a779adca,0001645590-22-000010,8-K,EX-101.SCH,employment_or_plan,https://www.sec.gov/Archives/edgar/data/1645590/000164559022000010/hpe-20220301.xsd,retrieved,4e3604ae6240a09e1be83c1ddcc6a934c7a01e16ef66f289634ae0aaac3e8451,2150,,excluded_no_target_link
3759466020,doc_e494cd0b5d7c1425,0001645590-21-000053,8-K,EX-101.PRE,employment_or_plan,https://www.sec.gov/Archives/edgar/data/1645590/000164559021000053/hpe-20210902_pre.xml,retrieved,c4c49a804e3a8a4206f9c0cec6c3e866d99aa6ca9a5eba183344074a06f72b18,12509,,excluded_no_target_link
3759466020,doc_e7a4cce0adad96a1,0001645590-21-000061,8-K,EX-101.LAB,employment_or_plan,https://www.sec.gov/Archives/edgar/data/1645590/000164559021000061/hpe-20211028_lab.xml,retrieved,d3d51dbea4d66400d40c6df2e1f37f22206fd3643208f7270f47fffef5875848,27170,,excluded_no_target_link
3759466020,doc_e7e93dee54d85087,0001645590-21-000059,8-K,EX-101.PRE,employment_or_plan,https://www.sec.gov/Archives/edgar/data/1645590/000164559021000059/hpe-20211014_pre.xml,retrieved,af8d1b5ab6dcbb8813f79550b758b93c2fce8b1f27e647fe4b0ba7d3cdb54160,15186,,excluded_no_target_link
3759466020,doc_eab4960ef4c0f1b1,0001645590-22-000006,DEF 14A,GRAPHIC,proxy_statement,https://www.sec.gov/Archives/edgar/data/1645590/000164559022000006/a2022_biosxkurtzxrgb2.jpg,retrieved,28afc9b13e0978ae0d632114fa534b7cf1e3c771fd610311780acb23ebbf42f0,416600,,excluded_no_target_link
3759466020,doc_ed47cee2b8c3219d,0001645590-22-000002,8-K,EX-101.LAB,employment_or_plan,https://www.sec.gov/Archives/edgar/data/1645590/000164559022000002/hpe-20220118_lab.xml,retrieved,136ce73327e5379d6c7ece5d98cff0133ffa88adceba562a28162de5c4134723,27170,,excluded_no_target_link
3759466020,doc_ee6f11f751bbf2d4,0001645590-22-000006,DEF 14A,GRAPHIC,proxy_statement,https://www.sec.gov/Archives/edgar/data/1645590/000164559022000006/a2022_biosxcarterxrgb6.jpg,retrieved,8a50ba588d531060a658fbb9349138dd0c01aefa469560423a071c7b51b6afd6,455261,,excluded_no_target_link
3759466020,doc_f2de1994f30308ff,0001645590-21-000053,8-K,EX-99.1,press_release_exhibit,https://www.sec.gov/Archives/edgar/data/1645590/000164559021000053/ex-991x7312021x8kng.htm,retrieved,d4ef4d0a565ba5543d5ccf2e746990760975fd1bdb2bd35d7534f916392b2856,55765,,excluded_no_target_link
3759466020,doc_f52d26308f0bbbbf,0001645590-22-000020,8-K,EX-101.PRE,employment_or_plan,https://www.sec.gov/Archives/edgar/data/1645590/000164559022000020/hpe-20220422_pre.xml,retrieved,ff8ebe74c3a10648f7c35f7dab084274b23c4da77b31f66483a3e2b181ee979e,14673,,excluded_no_target_link
3759466020,doc_f694f744b1c6fbd4,0001645590-22-000018,8-K,EX-101.SCH,employment_or_plan,https://www.sec.gov/Archives/edgar/data/1645590/000164559022000018/hpe-20220405.xsd,retrieved,58b6a8ecf22453a05bf318850a5814e49afe3d39824609d96191cd534333cc05,2150,,excluded_no_target_link
3759466020,doc_fa74eb5295056bdf,0001645590-21-000038,8-K,,current_report_body,https://www.sec.gov/Archives/edgar/data/1645590/000164559021000038/0001645590-21-000038.txt,retrieved,3aae50b8f02d6369a5ce72fbcfd288108e64b0548b3f52869723c70e3dbdd4ff,251278,,excluded_no_target_link
3759466020,doc_fabd80367992086d,0001645590-22-000006,DEF 14A,GRAPHIC,proxy_statement,https://www.sec.gov/Archives/edgar/data/1645590/000164559022000006/a2022_biosxammannxrgb3.jpg,retrieved,1b03d2184619a2104d1cd2c7d940ede98dae8e327267563a97aefe9a2fc3c22e,758235,,excluded_no_target_link
3759466020,doc_fb8db46a9e72e8b5,0001645590-21-000063,8-K,EX-99.1,press_release_exhibit,https://www.sec.gov/Archives/edgar/data/1645590/000164559021000063/ex-991x10312021x8kng.htm,retrieved,64611da64877f55b558f8b1ed512f0ccd4c4e66add9d42d69f850b54f2e07da4,60048,,excluded_no_target_link
3759466020,doc_ff821173acbf5dcd,0001645590-22-000006,DEF 14A,GRAPHIC,proxy_statement,https://www.sec.gov/Archives/edgar/data/1645590/000164559022000006/a2022_biosxhobbyxrgb18.jpg,retrieved,4880797bf7a8998b1dc382eaeddf40ffbbf49628cad59aa8129499f089aefa13,477471,,excluded_no_target_link
3759466020,supp_dfc2ba2af0730b1a,,OFFICIAL-SOURCE,official_company_announcement,official_announcement,https://developer.hpe.com/blog/determined-ai-is-joining-hewlett-packard-enterprise/,retrieved,861112c606f8e82764cbea11c88f6e4f0697fb120387d43a0fad3521bae2c854,4106,,target_linked
3763322020,supp_24cb4b6a72c57ba6,,OFFICIAL-SOURCE,official_company_announcement,official_announcement,https://www.sighthound.com/news/sighthound-acquires-boulder-ai-to-move-computer-vision-to-the-edge-for-real-time-video-intelligence,retrieved,0e529148e5cb1e86f73da0c73b9351751307fa1f6bf120735d87662d507fa584,149,curated_excerpt_preferred_for_incremental_rescreen,target_linked
3763340020,supp_60ce6b40bdfcfb8d,,OFFICIAL-SOURCE,official_company_financial_statement,official_announcement,https://fractal.ai/docs/Investor-Relations/Fractal-Analytics-Limited-Financial-Statements/Financial-Statements-Consolidated/Fractal-Analytics-Ltd-Consolidated-Financial-Statements-FY-23.pdf,retrieved,fc375eb40401f9fc9a471d3d06c797f84b613be18147b6f9560a0a54b44159c8,160,curated_excerpt_preferred_for_incremental_rescreen,target_linked
3767523020,doc_07ce6eae46c7035e,0000877212-22-000038,8-K,EX-101.LAB,employment_or_plan,https://www.sec.gov/Archives/edgar/data/877212/000087721222000038/zbra-20220503_lab.xml,retrieved,166f762789506731d84a2cccdb76ae6c971f8b31173548a2405925cbff7d194a,24229,,excluded_no_target_link
3767523020,doc_0870b28e23b65e3e,0000877212-21-000154,8-K,EX-101.PRE,employment_or_plan,https://www.sec.gov/Archives/edgar/data/877212/000087721221000154/zbra-20210803_pre.xml,retrieved,f95157cc86a9ab876e985747fbc6950a9a39d075237ec40a5a73a1fa98016849,12526,,excluded_no_target_link
3767523020,doc_0d761ca5127bfcdb,0000877212-22-000101,8-K,XML,current_report_body,https://www.sec.gov/Archives/edgar/data/877212/000087721222000101/zbra-20220628_htm.xml,retrieved,a5ff63022711cad32a274be8e365d6fc243115629217a8c6b19b90e34cd34de1,11280,,excluded_no_target_link
3767523020,doc_1015f75c440dcd5c,0000877212-21-000168,8-K,EX-101.PRE,employment_or_plan,https://www.sec.gov/Archives/edgar/data/877212/000087721221000168/zbra-20210806_pre.xml,retrieved,b2623fb9695eb53b8adfaeddb8e03a18ef84faf6c4e26d060f523b7bbca6c211,13205,,excluded_no_target_link
3767523020,doc_1345c1c68706b39d,0000877212-21-000154,8-K,EX-99.1,press_release_exhibit,https://www.sec.gov/Archives/edgar/data/877212/000087721221000154/zbraex991070321.htm,retrieved,7dcf451db5c089112a2fe576d152dd58734612e3b4e7d30962fccf429cf6ca72,28047,,target_linked
3767523020,doc_14f16d2c7019bf6e,0000877212-22-000096,8-K,EX-99.1,press_release_exhibit,https://www.sec.gov/Archives/edgar/data/877212/000087721222000096/ex99.htm,retrieved,d07d5452546f3ddc354903965d94adb4085f3d85c3973033078a98c01d7ebe45,6577,,target_linked
3767523020,doc_178b90f947213886,0000877212-22-000033,8-K,8-K,current_report_body,https://www.sec.gov/Archives/edgar/data/877212/000087721222000033/zbra-20220314.htm,retrieved,c9284b9c8085bd376f28e740035e52e30472a03bdd60dfc06f44cb0bd6de4335,3450,,excluded_no_target_link
3767523020,doc_18600d3f5febb6c8,0001308179-22-000166,DEF 14A,GRAPHIC,proxy_statement,https://www.sec.gov/Archives/edgar/data/877212/000130817922000166/im1272320341n1019360811.jpg,retrieved,db236246ba7d6f5e4144c5a6f1f2f22aa1bae22ff795980c1a1de52a5be90f18,71689,,excluded_no_target_link
3767523020,doc_1d689343af61b6cd,0000877212-21-000194,8-K,EX-99.1,press_release_exhibit,https://www.sec.gov/Archives/edgar/data/877212/000087721221000194/ex-991.htm,retrieved,2e5605f81be8d4885a903fc0a6e4f40d30c092c2ee620a71a43be2c440e558ae,3901,,excluded_no_target_link
3767523020,doc_235c0cf234e2683e,0000877212-22-000033,8-K,EX-101.SCH,employment_or_plan,https://www.sec.gov/Archives/edgar/data/877212/000087721222000033/zbra-20220314.xsd,retrieved,fd4579ab926a04cfc0060759a169e86be9de7b6607e6a81de2d9d51ea0dacb14,1930,,excluded_no_target_link
3767523020,doc_293f568ec7634e95,0000877212-22-000101,8-K,,current_report_body,https://www.sec.gov/Archives/edgar/data/877212/000087721222000101/0000877212-22-000101.txt,retrieved,569b9bf93bb3bfa25cb35091f2b3a4f42ac75df79bedfd6a24e4b33523c35ad1,57132,,excluded_no_target_link
3767523020,doc_2b265823f684cead,0000877212-21-000154,8-K,EX-101.SCH,employment_or_plan,https://www.sec.gov/Archives/edgar/data/877212/000087721221000154/zbra-20210803.xsd,retrieved,cfa895fbd44f50b6974fcb8bf1b32266e619bf3ebb859ade0186adb645ef798d,1918,,excluded_no_target_link
3767523020,doc_3156e071b29823ee,0000877212-21-000194,8-K,,current_report_body,https://www.sec.gov/Archives/edgar/data/877212/000087721221000194/0000877212-21-000194.txt,retrieved,b4afb57d698c7afa5e49a63d95496de19b261b4cedee317a0600ff1891bc25ec,175546,,excluded_no_target_link
3767523020,doc_31a073740d059917,0000877212-21-000154,8-K,8-K,current_report_body,https://www.sec.gov/Archives/edgar/data/877212/000087721221000154/zbra-20210803.htm,retrieved,93a45c4c899ed908025e0930fe0fb4abf4f96468770d2131061d5b634f21c21b,3392,,excluded_no_target_link
3767523020,doc_3401152b733a5462,0000877212-21-000194,8-K,EX-101.LAB,employment_or_plan,https://www.sec.gov/Archives/edgar/data/877212/000087721221000194/zbra-20211105_lab.xml,retrieved,3dce40ae3cb242b7b25fe9484ea9e2a885f4f68675edd383dd665b017de4f687,25282,,excluded_no_target_link
3767523020,doc_36cd9c823c682827,0000877212-21-000188,8-K,,current_report_body,https://www.sec.gov/Archives/edgar/data/877212/000087721221000188/0000877212-21-000188.txt,retrieved,2c2a2d466740b0438df2105e8ebf1060ea8c5131cd0f7309c38ee1dd25cfa9e7,165702,,target_linked
3767523020,doc_39aea47ec9e8466b,0000877212-22-000096,8-K,EX-101.SCH,employment_or_plan,https://www.sec.gov/Archives/edgar/data/877212/000087721222000096/zbra-20220512.xsd,retrieved,6713010b06f677a2510e2050b78c9fb963bd7296c1a9711e424e7dde5307c754,1918,,excluded_no_target_link
3767523020,doc_3cf0916b77207e3a,0000877212-22-000096,8-K,8-K,current_report_body,https://www.sec.gov/Archives/edgar/data/877212/000087721222000096/zbra-20220512.htm,retrieved,eb6ee4a63503ba3120b44a105dfb5765572454c089230bbbea60c178503a66a9,5488,,excluded_no_target_link
3767523020,doc_3fa0fc06f2c3a1af,0000877212-21-000188,8-K,EX-101.LAB,employment_or_plan,https://www.sec.gov/Archives/edgar/data/877212/000087721221000188/zbra-20211102_lab.xml,retrieved,4e781f276eb5bb736c7236cfcc7b1d3de0567ea200d44b1a4627b0b2c88f60f8,24137,,excluded_no_target_link
3767523020,doc_41a25715f184f71d,0000877212-22-000023,8-K,EX-101.LAB,employment_or_plan,https://www.sec.gov/Archives/edgar/data/877212/000087721222000023/zbra-20220210_lab.xml,retrieved,2bd0d5901cebb98a571f059e212f61527ddc6984c3e9b4336c6edb2748a7cee5,24137,,excluded_no_target_link
3767523020,doc_47c2697820e26a79,0000877212-21-000168,8-K,EX-101.SCH,employment_or_plan,https://www.sec.gov/Archives/edgar/data/877212/000087721221000168/zbra-20210806.xsd,retrieved,dda6aa86b4aa390852b1b61ebfdf282a0fa32fe629d6f5d6b84b316b257c0d16,1930,,excluded_no_target_link
3767523020,doc_4c8e335442a3afc8,0000877212-22-000099,8-K,EX-101.SCH,employment_or_plan,https://www.sec.gov/Archives/edgar/data/877212/000087721222000099/zbra-20220525.xsd,retrieved,1d4599c286425cbcfb34480655dd795f516f49936ab878943384e79843a3eb1f,1918,,excluded_no_target_link
3767523020,doc_4fe05b5d5e05664e,0000877212-21-000168,8-K,,current_report_body,https://www.sec.gov/Archives/edgar/data/877212/000087721221000168/0000877212-21-000168.txt,retrieved,46c6b78e8e2d14b649814e468aae33fce70ba9094d9eb464ca42b0de2cc64862,199908,,excluded_no_target_link
3767523020,doc_596be3df4c792582,0000877212-21-000168,8-K,8-K,current_report_body,https://www.sec.gov/Archives/edgar/data/877212/000087721221000168/zbra-20210806.htm,retrieved,703898f7fedf576d7ca17ca9956cbeb3a9dd376f0f9f78e11167652c4c6b4c25,4025,,excluded_no_target_link
3767523020,doc_5d324afbb941229e,0000877212-22-000023,8-K,EX-99.1,press_release_exhibit,https://www.sec.gov/Archives/edgar/data/877212/000087721222000023/zbraex991123121.htm,retrieved,0eb2725df760852867c002c84f1fd609a239282a98ff40ed130c4b52fb5d66c2,28617,,target_linked
3767523020,doc_6476410d0d4c17c1,0000877212-22-000023,8-K,EX-101.PRE,employment_or_plan,https://www.sec.gov/Archives/edgar/data/877212/000087721222000023/zbra-20220210_pre.xml,retrieved,a11b42798ea15b1f2605c0f312b2304de3d152e3e5b9df7a8fad99f53976b97c,12526,,excluded_no_target_link
3767523020,doc_6d25d5615580cd3a,0001308179-22-000166,DEF 14A,GRAPHIC,proxy_statement,https://www.sec.gov/Archives/edgar/data/877212/000130817922000166/check01.jpg,retrieved,9918391816dae12ccb84f03027f5c57448d8b7dbade736991d6611362e1aadc9,1389,,excluded_no_target_link
3767523020,doc_7078c893b4d59149,0000877212-21-000154,8-K,EX-101.LAB,employment_or_plan,https://www.sec.gov/Archives/edgar/data/877212/000087721221000154/zbra-20210803_lab.xml,retrieved,dd7c91d897438a22a7dea6e9de564d3a20c75fb3791e57b52464cec5129496b2,24137,,excluded_no_target_link
3767523020,doc_715f11c4de57d812,0001308179-22-000166,DEF 14A,GRAPHIC,proxy_statement,https://www.sec.gov/Archives/edgar/data/877212/000130817922000166/im1167224558n1154730028.jpg,retrieved,ef31f9254c84a06b4beb28fed3db315c078aaa7a6b5d2009f5c64bce4956a936,27536,,excluded_no_target_link
3767523020,doc_717667fba613ebc6,0000877212-22-000023,8-K,EX-101.SCH,employment_or_plan,https://www.sec.gov/Archives/edgar/data/877212/000087721222000023/zbra-20220210.xsd,retrieved,cb7fd195e76ac7638057ab05ae2fc368951fd7ae1a4c7415ce443f3d3782cb8f,1918,,excluded_no_target_link
3767523020,doc_7f4604ed11e77cff,0000877212-22-000033,8-K,,current_report_body,https://www.sec.gov/Archives/edgar/data/877212/000087721222000033/0000877212-22-000033.txt,retrieved,991d08a20a9340aa1a2ff6a9d664e38f5c8922bd14bde969031abe5b2032248b,76025,,target_linked
3767523020,doc_857b66dc7cd08d77,0000877212-21-000168,8-K,EX-101.LAB,employment_or_plan,https://www.sec.gov/Archives/edgar/data/877212/000087721221000168/zbra-20210806_lab.xml,retrieved,7980be5a3f62747690f738b924bebddb769e9e42236bc142104a9347678006b3,25282,,excluded_no_target_link
3767523020,doc_8a12a906c91881e0,0000877212-21-000168,8-K,EX-3.1,current_report_body,https://www.sec.gov/Archives/edgar/data/877212/000087721221000168/ex31.htm,retrieved,c2366a8d11b0ff9b084db97f7f7f61464df077cfc2132d297e468761ea53bb06,105125,,excluded_no_target_link
3767523020,doc_8ff6d71632b7557c,0001308179-22-000166,DEF 14A,GRAPHIC,proxy_statement,https://www.sec.gov/Archives/edgar/data/877212/000130817922000166/im1112286430n1238533744.jpg,retrieved,f6eed90abd44786687852f8e4cd427d3cc0fdfcba68f7d90effa1ab960d15e3e,115830,,excluded_no_target_link
3767523020,doc_90f2bc31826c93ad,0000877212-22-000101,8-K,EX-101.SCH,employment_or_plan,https://www.sec.gov/Archives/edgar/data/877212/000087721222000101/zbra-20220628.xsd,retrieved,211e1fe166f54eccd26f75b994fab04e31d26598456b880c97f2574d6df860e9,1918,,excluded_no_target_link
3767523020,doc_9bc919d678d8c8fb,0000877212-21-000188,8-K,EX-101.SCH,employment_or_plan,https://www.sec.gov/Archives/edgar/data/877212/000087721221000188/zbra-20211102.xsd,retrieved,a337cdb4a2dca555e012d0b06cc60559e1a125baaaedaa2c0e0aeeeea1d723f0,1918,,excluded_no_target_link
3767523020,doc_9edc707bb32c0507,0000877212-22-000033,8-K,EX-101.PRE,employment_or_plan,https://www.sec.gov/Archives/edgar/data/877212/000087721222000033/zbra-20220314_pre.xml,retrieved,f0a63e5ead784521eafdfae7fc078a825477d16b76e002f476d5c367f0b38687,13205,,excluded_no_target_link
3767523020,doc_a5e534e9b924cb00,0000877212-21-000188,8-K,EX-99.1,press_release_exhibit,https://www.sec.gov/Archives/edgar/data/877212/000087721221000188/zbraex991100221.htm,retrieved,3239025d50310bf7d6b1f9ef9a8f4b67a1c8f104ded41208ab66ed323695c82f,27304,,target_linked
3767523020,doc_a8b316522822c18a,0000877212-22-000096,8-K,EX-101.LAB,employment_or_plan,https://www.sec.gov/Archives/edgar/data/877212/000087721222000096/zbra-20220512_lab.xml,retrieved,778f225ea1e2b3362bcb7955268cdb50286a43783a6b632461493055f18dad89,24137,,excluded_no_target_link
3767523020,doc_ae450b94f55c1176,0000877212-22-000099,8-K,EX-99.1,press_release_exhibit,https://www.sec.gov/Archives/edgar/data/877212/000087721222000099/ex99105262022.htm,retrieved,42ffcce3ea96f2d705974dd727d4d8cc27e6545c89b36be8a4b9806e454a5c2e,7020,,target_linked
3767523020,doc_b798e9bfdc095237,0000877212-22-000038,8-K,EX-99.1,press_release_exhibit,https://www.sec.gov/Archives/edgar/data/877212/000087721222000038/zbraex99120220402.htm,retrieved,813785cd7357e029be8ca3813836754fbf1f091bcfbec3e350a9f6c0dbb5212f,28376,,target_linked
3767523020,doc_bbaace4bbc18ba80,0000877212-22-000099,8-K,8-K,current_report_body,https://www.sec.gov/Archives/edgar/data/877212/000087721222000099/zbra-20220525.htm,retrieved,e22442083c55f37433c5df15426c2dc5e74527a1e8c32bd1fbe7f9bec9ee35a7,15467,,excluded_no_target_link
3767523020,doc_be292df7f0f8bfc0,0000877212-22-000096,8-K,EX-101.PRE,employment_or_plan,https://www.sec.gov/Archives/edgar/data/877212/000087721222000096/zbra-20220512_pre.xml,retrieved,833991266a87d739aeedfc7fa9b7dfe148220cd11234d5893c55d883acaa970d,12526,,excluded_no_target_link
3767523020,doc_c01b2e824e428ff7,0000877212-22-000099,8-K,,current_report_body,https://www.sec.gov/Archives/edgar/data/877212/000087721222000099/0000877212-22-000099.txt,retrieved,ed15efb1cd07b1711c09048eacb808d38650ed1b69080077f449ffc78221ff2b,139633,,target_linked
3767523020,doc_c26589338fd082d3,0000877212-21-000194,8-K,EX-101.SCH,employment_or_plan,https://www.sec.gov/Archives/edgar/data/877212/000087721221000194/zbra-20211105.xsd,retrieved,265204c6eee5defe0218d1182e7d2106cf01d39d3891e146985e738bd5774a93,1930,,excluded_no_target_link
3767523020,doc_c68a232e8b2770f7,0000877212-22-000101,8-K,EX-101.PRE,employment_or_plan,https://www.sec.gov/Archives/edgar/data/877212/000087721222000101/zbra-20220628_pre.xml,retrieved,f4e032148f5b8c026fefffc665a549d4062b7fa34a1d8b37a4ed47dae4607294,12526,,excluded_no_target_link
3767523020,doc_c9ecb0ac5a333f45,0000877212-22-000038,8-K,,current_report_body,https://www.sec.gov/Archives/edgar/data/877212/000087721222000038/0000877212-22-000038.txt,retrieved,12241a11b58ac1705c78d3dc34a63d49641523af228c486ca0202de8358a8ffc,166854,,target_linked
3767523020,doc_d1f2ac7e8a8a52f3,0000877212-22-000038,8-K,EX-101.SCH,employment_or_plan,https://www.sec.gov/Archives/edgar/data/877212/000087721222000038/zbra-20220503.xsd,retrieved,1ca007757533836141f164610fa2911fa60350d666f0508908fc5b55b9f76c53,1924,,excluded_no_target_link
3767523020,doc_d5550827397d819f,0000877212-22-000101,8-K,EX-101.LAB,employment_or_plan,https://www.sec.gov/Archives/edgar/data/877212/000087721222000101/zbra-20220628_lab.xml,retrieved,b03bd0095fe4836b69f6111aa03c87b5c8b46427eb7c94c1220292b1fe710ffa,24137,,excluded_no_target_link
3767523020,doc_d5560fa21120a61b,0000877212-21-000194,8-K,8-K,current_report_body,https://www.sec.gov/Archives/edgar/data/877212/000087721221000194/zbra-20211105.htm,retrieved,0390918efa082cd8c727b7b340a8d833a64502eaa9d1698f4cf030ca79df32cb,4392,,excluded_no_target_link
3767523020,doc_d773d942ba682c99,0000877212-22-000023,8-K,8-K,current_report_body,https://www.sec.gov/Archives/edgar/data/877212/000087721222000023/zbra-20220210.htm,retrieved,3676c876026fd9e31834d93b100687ed0c8452e02425049cc50f01c6bf76af18,3494,,excluded_no_target_link
3767523020,doc_d77a02dfb8fb538a,0000877212-22-000033,8-K,EX-99.1,press_release_exhibit,https://www.sec.gov/Archives/edgar/data/877212/000087721222000033/ex991.htm,retrieved,db44121dbb7b4ebdf7e480d467bcc2ef6029af7dc78e42d9b469fb4e00979d5a,9084,,target_linked
3767523020,doc_d896041f1b7076b8,0000877212-22-000096,8-K,,current_report_body,https://www.sec.gov/Archives/edgar/data/877212/000087721222000096/0000877212-22-000096.txt,retrieved,7bb203ca6623d3cb3f2c455fc67b97d5ccd270df5788099b8f0027bebfcf4ab6,70537,,target_linked
3767523020,doc_da33b3a6ac4817bb,0000877212-22-000099,8-K,EX-101.PRE,employment_or_plan,https://www.sec.gov/Archives/edgar/data/877212/000087721222000099/zbra-20220525_pre.xml,retrieved,23273cf5a5c20e410b235d4af4ff39ee89c13da71c6449ec770eddeb8e1bb5eb,12526,,excluded_no_target_link
3767523020,doc_da74e4de0f6d7b3c,0001308179-22-000166,DEF 14A,DEF 14A,proxy_statement,https://www.sec.gov/Archives/edgar/data/877212/000130817922000166/lzbra2022_def14a.htm,retrieved,8cd4cec4dc2fe216c7f5bb1c491784fcc30ee99d89e097da548bb5ac3a087a51,285356,,target_linked
3767523020,doc_dadfc3770a1e317a,0000877212-21-000194,8-K,EX-101.PRE,employment_or_plan,https://www.sec.gov/Archives/edgar/data/877212/000087721221000194/zbra-20211105_pre.xml,retrieved,cf50f3962f9b97b429041b47b02e9070eccb9dfb007ed4d37e24b043e2ddc910,13205,,excluded_no_target_link
3767523020,doc_dc42073e9eff91f1,0001308179-22-000166,DEF 14A,,proxy_statement,https://www.sec.gov/Archives/edgar/data/877212/000130817922000166/0001308179-22-000166.txt,retrieved,40823fde70e82a95e345bea63129326ec33a78e1287583ecc70f4deac1477764,3976156,,target_linked
3767523020,doc_df2b5af8ed24d68e,0000877212-22-000033,8-K,EX-101.LAB,employment_or_plan,https://www.sec.gov/Archives/edgar/data/877212/000087721222000033/zbra-20220314_lab.xml,retrieved,67603c6b4f7c397a8df5921146321dd1fe3c99a3c89dc6b52a4b119fda00140b,25282,,excluded_no_target_link
3767523020,doc_e113ab96c25cfdb8,0000877212-22-000099,8-K,EX-101.LAB,employment_or_plan,https://www.sec.gov/Archives/edgar/data/877212/000087721222000099/zbra-20220525_lab.xml,retrieved,a9f1882286aaa3e3c1cd340c0e08fe2c5d8b93a3a01931d94158dab6bfdb485c,24137,,excluded_no_target_link
3767523020,doc_e6b15ded496966d7,0000877212-22-000038,8-K,EX-101.PRE,employment_or_plan,https://www.sec.gov/Archives/edgar/data/877212/000087721222000038/zbra-20220503_pre.xml,retrieved,d023fbeebe1b2629ff92a64f696e325d407c843849cc3647bd05613ea601ae01,12618,,excluded_no_target_link
3767523020,doc_ea8f9ebf2babbfef,0000877212-22-000023,8-K,,current_report_body,https://www.sec.gov/Archives/edgar/data/877212/000087721222000023/0000877212-22-000023.txt,retrieved,5976c8aaebdd37d0cd0319f550694e45348c47be442ee786aaff447a86643ff7,156846,,target_linked
3767523020,doc_eec816ecd814fe23,0000877212-22-000038,8-K,8-K,current_report_body,https://www.sec.gov/Archives/edgar/data/877212/000087721222000038/zbra-20220503.htm,retrieved,519fa77e0d0ae9aec7c8eedb47a5b2cd6c62382f88bf7ed2b1b445c55569b0e3,3416,,excluded_no_target_link
3767523020,doc_f15368c96a7f8531,0000877212-21-000188,8-K,8-K,current_report_body,https://www.sec.gov/Archives/edgar/data/877212/000087721221000188/zbra-20211102.htm,retrieved,9040f288445ec6c1646318358c9c3679e19b2df1ed0a7f70590c8628319d174f,3404,,excluded_no_target_link
3767523020,doc_f7701190c7b69051,0000877212-21-000154,8-K,,current_report_body,https://www.sec.gov/Archives/edgar/data/877212/000087721221000154/0000877212-21-000154.txt,retrieved,0fac0451dac74aeb580475d1efd88697a6439243170237f9f546a1261001dd17,169410,,target_linked
3767523020,doc_fb69413aa3e524f5,0000877212-22-000101,8-K,8-K,current_report_body,https://www.sec.gov/Archives/edgar/data/877212/000087721222000101/zbra-20220628.htm,retrieved,ae4e68f292cb995c0dad3431504a9d6eb7821ef98017472d2fc1cb3c88583e26,3405,,excluded_no_target_link
3767523020,doc_fd4f489ad193be4c,0000877212-21-000188,8-K,EX-101.PRE,employment_or_plan,https://www.sec.gov/Archives/edgar/data/877212/000087721221000188/zbra-20211102_pre.xml,retrieved,3d905bd5b67284f1805a35d0d79ac12a8dd95ee749f49c19ff4764c98986c15b,12526,,excluded_no_target_link
3767523020,supp_1850451931a95a19,,OFFICIAL-SOURCE,official_company_announcement,official_announcement,https://www.zebra.com/us/en/about-zebra/newsroom/press-releases/2021/zebra-technologies-to-acquire-fetch-robotics.html,retrieved,eae16911222888b0efe200b134b60a10929d1ffba99ecfd510e6a34bb354ad10,110351,,target_linked
3769973020,doc_001056f4a11ef081,0001262039-22-000021,8-K,EX-101.SCH,employment_or_plan,https://www.sec.gov/Archives/edgar/data/1262039/000126203922000021/ftnt-20220617.xsd,retrieved,53c77c878d4407bd1a70a1c7517276bb0e8065f19018fddfa2765dd4ab6aaafa,1974,,excluded_no_target_link
3769973020,doc_0947ae287217fbf7,0001262039-22-000002,8-K/A,XML,current_report_body,https://www.sec.gov/Archives/edgar/data/1262039/000126203922000002/ftnt-20220121_htm.xml,retrieved,f8224e762ce444c0eba9b844cf7a8c5160d992e22eafde8846f80442bbda0eea,10808,,excluded_no_target_link
3769973020,doc_0a76c76b6dfd9f3d,0001262039-22-000005,8-K,8-K,current_report_body,https://www.sec.gov/Archives/edgar/data/1262039/000126203922000005/ftnt-20220203.htm,retrieved,9b5ac223a80a55ed6098bea66a5beda8730c832dc85884d863e68ea739068948,3327,,excluded_no_target_link
3769973020,doc_0e4ec2127e7cd51e,0001262039-22-000015,8-K,,current_report_body,https://www.sec.gov/Archives/edgar/data/1262039/000126203922000015/0001262039-22-000015.txt,retrieved,ee2f6016535d820dfcd9b6ffa0b97ac9b5a265df819d4875ff92dd912ff55de4,131415,,excluded_no_target_link
3769973020,doc_0f51eed07e8bca8f,0001262039-22-000010,8-K,EX-101.LAB,employment_or_plan,https://www.sec.gov/Archives/edgar/data/1262039/000126203922000010/ftnt-20220422_lab.xml,retrieved,2a5a98b38662f09c9fecdbbb349936854de843f3d801c4861eac1e753cdd3004,24137,,excluded_no_target_link
3769973020,doc_120e4336f02312a6,0001262039-22-000005,8-K,EX-101.LAB,employment_or_plan,https://www.sec.gov/Archives/edgar/data/1262039/000126203922000005/ftnt-20220203_lab.xml,retrieved,f8e2fd59ed3f4ce8401a9694bf0ec8edb4af13b32843bac137d048e570af6472,24229,,excluded_no_target_link
3769973020,doc_169604ff1af8e4cf,0001262039-21-000016,8-K,EX-101.LAB,employment_or_plan,https://www.sec.gov/Archives/edgar/data/1262039/000126203921000016/ftnt-20210618_lab.xml,retrieved,792cdafe86b7b03d94711a3d95086b5e1f1c63db65c15792155d95da803a5c3f,24275,,excluded_no_target_link
3769973020,doc_1adf38c934f0f904,0001262039-22-000010,8-K,EX-101.SCH,employment_or_plan,https://www.sec.gov/Archives/edgar/data/1262039/000126203922000010/ftnt-20220422.xsd,retrieved,c6d03b4e1361767faf65b708167fdb913fbe093856dc625e69b90f94b10fddef,1974,,excluded_no_target_link
3769973020,doc_1ca3359bd1b341ab,0001262039-22-000023,8-K,EX-101.SCH,employment_or_plan,https://www.sec.gov/Archives/edgar/data/1262039/000126203922000023/ftnt-20220622.xsd,retrieved,22089d983035e645b0b6a824917fb440296a29762cce96b4e5b6c039e5baa791,1974,,excluded_no_target_link
3769973020,doc_20f8782b86018f81,0001262039-22-000005,8-K,EX-101.PRE,employment_or_plan,https://www.sec.gov/Archives/edgar/data/1262039/000126203922000005/ftnt-20220203_pre.xml,retrieved,7eaeab77ead8989febba5c6c33a697ef7546c85972acdb721b25b76b7c9a27ff,12669,,excluded_no_target_link
3769973020,doc_21cdcf94570bcde6,0001262039-21-000027,8-K,EX-101.LAB,employment_or_plan,https://www.sec.gov/Archives/edgar/data/1262039/000126203921000027/ftnt-20211104_lab.xml,retrieved,478312682712374c39e7eb897b928f1720da19b5209f5e093a07106659fcb0bb,24137,,excluded_no_target_link
3769973020,doc_22bec3f5d56c9a98,0001262039-22-000002,8-K/A,EX-101.LAB,employment_or_plan,https://www.sec.gov/Archives/edgar/data/1262039/000126203922000002/ftnt-20220121_lab.xml,retrieved,d0151cd82460dfac7cedaa26153fdf60a3244dd13fbc25e68ffbce9093b61990,24275,,excluded_no_target_link
3769973020,doc_2992b90da107cfb0,0001262039-21-000019,8-K,,current_report_body,https://www.sec.gov/Archives/edgar/data/1262039/000126203921000019/0001262039-21-000019.txt,retrieved,953bef83c089d9983344609ef0c7c08bb42bd1b07189545a19682473d185cd44,134793,,excluded_no_target_link
3769973020,doc_2ad8d772d69e2d75,0001262039-22-000012,8-K,XML,current_report_body,https://www.sec.gov/Archives/edgar/data/1262039/000126203922000012/ftnt-20220428_htm.xml,retrieved,4a67ae10cdc273da212ac1e86b6adc68ae1e3919e2d937e6daf78e822624b31f,10824,,excluded_no_target_link
3769973020,doc_347e7d702f410f37,0001262039-22-000010,8-K,XML,current_report_body,https://www.sec.gov/Archives/edgar/data/1262039/000126203922000010/ftnt-20220422_htm.xml,retrieved,960e0d0fcfd4fbcd602cad0f5d36956f011bf917bf4a07a85f2e23bdf070eab6,10824,,excluded_no_target_link
3769973020,doc_379a4d1a6522422a,0001262039-21-000027,8-K,EX-99.1,press_release_exhibit,https://www.sec.gov/Archives/edgar/data/1262039/000126203921000027/ftntq3-2021ex991.htm,retrieved,1cad67344ec3ffe3a4e5178005a8124767f58b97c5f0ac00d0a4ec5a5457ca6a,34588,,excluded_no_target_link
3769973020,doc_399b56b557b700c2,0001104659-22-054672,DEF 14A,GRAPHIC,proxy_statement,https://www.sec.gov/Archives/edgar/data/1262039/000110465922054672/tm2212528d1-icon_tick4c.jpg,retrieved,620a6ac463be2b58e79067634e1b430e0e2b0668169d90e50b7be3afe239d0b7,3834,,excluded_no_target_link
3769973020,doc_3b8baaa66fe74be0,0001262039-21-000016,8-K,EX-101.PRE,employment_or_plan,https://www.sec.gov/Archives/edgar/data/1262039/000126203921000016/ftnt-20210618_pre.xml,retrieved,8acbace0a381a8c77ee8dda1e62d47c1630337836ff402a4e97bbdfaeb2feab4,12715,,excluded_no_target_link
3769973020,doc_3f75cca2f764d335,0001262039-22-000015,8-K,EX-101.LAB,employment_or_plan,https://www.sec.gov/Archives/edgar/data/1262039/000126203922000015/ftnt-20220504_lab.xml,retrieved,8df8f472bfb254583402e4e65b134eef8c52dc73b4661b9c00951c863634accd,24137,,excluded_no_target_link
3769973020,doc_41613e6fb440394b,0001262039-22-000023,8-K,EX-3.1,current_report_body,https://www.sec.gov/Archives/edgar/data/1262039/000126203922000023/ex31ftnt-amendedandrestate.htm,retrieved,85c8bbe8045aaab074baf058ba7e4789a790c3baf11c6214fc484eccecac471b,11523,,excluded_no_target_link
3769973020,doc_41c949b16d3fff21,0001262039-21-000027,8-K,EX-101.SCH,employment_or_plan,https://www.sec.gov/Archives/edgar/data/1262039/000126203921000027/ftnt-20211104.xsd,retrieved,edc7861bc5cf06251910b0a1a479f8526ee4dcdfa5cc857af55ecfd2b1b3493c,1974,,excluded_no_target_link
3769973020,doc_4ad8ee822fa40009,0001262039-22-000002,8-K/A,,current_report_body,https://www.sec.gov/Archives/edgar/data/1262039/000126203922000002/0001262039-22-000002.txt,retrieved,c628fcf0bff50d6f12770d9122876bab609f6c024cbf4bb691e1b11b06a56ee9,58533,,excluded_no_target_link
3769973020,doc_4bd55d454f5b8353,0001262039-22-000021,8-K,,current_report_body,https://www.sec.gov/Archives/edgar/data/1262039/000126203922000021/0001262039-22-000021.txt,retrieved,0129c542b6aee2917a7908fa5d9e6970aaa7b33a644af2338c8ba146f1eae2db,56542,,excluded_no_target_link
3769973020,doc_4c16a6bf21b7ff1f,0001262039-22-000002,8-K/A,8-K/A,current_report_body,https://www.sec.gov/Archives/edgar/data/1262039/000126203922000002/ftnt-20220121.htm,retrieved,b83bd681e583cc3cac584e6e8c76bcdeafc07b35e5fff0b742d911d9560d6096,3451,,excluded_no_target_link
3769973020,doc_4d2d0d3a489885f0,0001104659-22-054672,DEF 14A,DEF 14A,proxy_statement,https://www.sec.gov/Archives/edgar/data/1262039/000110465922054672/tm2212528-2_def14a.htm,retrieved,8779f5eda05200d1c0df64a1447a7122436621bd95f15c151bd869d5007e6862,262855,,excluded_no_target_link
3769973020,doc_56fb9f3b790ee5cd,0001262039-21-000019,8-K,8-K,current_report_body,https://www.sec.gov/Archives/edgar/data/1262039/000126203921000019/ftnt-20210729.htm,retrieved,7fe353f92f3d1ab08d03f19939da38bcc3388490c9d5f07b0d715e4baeaf8d57,3298,,excluded_no_target_link
3769973020,doc_5856499871afe76a,0001262039-22-000010,8-K,,current_report_body,https://www.sec.gov/Archives/edgar/data/1262039/000126203922000010/0001262039-22-000010.txt,retrieved,72e83a7d28abdcc9010e2bda89b32286971960062d0fb86e123c7838ea70eaaf,54432,,excluded_no_target_link
3769973020,doc_58bfd9883a64c01c,0001262039-22-000010,8-K,8-K,current_report_body,https://www.sec.gov/Archives/edgar/data/1262039/000126203922000010/ftnt-20220422.htm,retrieved,60c393d7b667c90cb7c42b7542689818ee8da11697a3cf7116ed1acf04bdcda4,3602,,excluded_no_target_link
3769973020,doc_6752e876487ccb2b,0001104659-22-054672,DEF 14A,GRAPHIC,proxy_statement,https://www.sec.gov/Archives/edgar/data/1262039/000110465922054672/lg_fortinet-4c.jpg,retrieved,0631c7b01e26cb272265cf67a555b9e6ca02c762f150c07fcf7a77d35e1792b6,28098,,excluded_no_target_link
3769973020,doc_6d5edd604eab9eb1,0001262039-22-000002,8-K/A,EX-101.SCH,employment_or_plan,https://www.sec.gov/Archives/edgar/data/1262039/000126203922000002/ftnt-20220121.xsd,retrieved,81d6f9bea70d7003f2b3c1cd3892b1643785be27b2fa39018dc8fb35317482dc,1986,,excluded_no_target_link
3769973020,doc_6f3852b4bbb1f1f0,0001262039-22-000015,8-K,EX-101.PRE,employment_or_plan,https://www.sec.gov/Archives/edgar/data/1262039/000126203922000015/ftnt-20220504_pre.xml,retrieved,37fd985ef2cffc917b08be16d7e740621414016f3272f703db76afb434374891,12577,,excluded_no_target_link
3769973020,doc_70687dbf3872b1ea,0001262039-21-000024,8-K,EX-99.1,press_release_exhibit,https://www.sec.gov/Archives/edgar/data/1262039/000126203921000024/ex991jamesstavridisappt.htm,retrieved,94a20d4a758d092621afe3cc19c1e139e148c4ccf39ffd94233d9a84c981e964,7862,,excluded_no_target_link
3769973020,doc_7228fc89dac8c392,0001262039-21-000019,8-K,EX-101.SCH,employment_or_plan,https://www.sec.gov/Archives/edgar/data/1262039/000126203921000019/ftnt-20210729.xsd,retrieved,f833e15e5cc0409375f9c56de4e90802cb3cb4a9f7a3f6a08457aaf9ee9b77e3,1986,,excluded_no_target_link
3769973020,doc_727bc79ef33374db,0001262039-22-000015,8-K,EX-101.SCH,employment_or_plan,https://www.sec.gov/Archives/edgar/data/1262039/000126203922000015/ftnt-20220504.xsd,retrieved,7ee433453bc69e37b7e3c39250972009699cc4574affc12538cd891bd504aaaa,1974,,excluded_no_target_link
3769973020,doc_743aa89dde05a3cf,0001262039-21-000016,8-K,8-K,current_report_body,https://www.sec.gov/Archives/edgar/data/1262039/000126203921000016/ftnt-20210618.htm,retrieved,3a73a737f29f69e6205d6cb224c26e29c81109a85e3f980eed5e35bcf68fedee,4246,,excluded_no_target_link
3769973020,doc_7779092cdcf6ea9f,0001262039-22-000005,8-K,EX-99.1,press_release_exhibit,https://www.sec.gov/Archives/edgar/data/1262039/000126203922000005/ftntq4-2021ex991.htm,retrieved,4cf41b2db67e0b2524c34b3d95c9a24835bf0f2e602c7bf052cd22144355e9b9,39632,,excluded_no_target_link
3769973020,doc_7a21d313b27ec855,0001262039-22-000012,8-K,EX-101.PRE,employment_or_plan,https://www.sec.gov/Archives/edgar/data/1262039/000126203922000012/ftnt-20220428_pre.xml,retrieved,4a57a3a0f6a3cb99edbada671a213156be18f4d8ec4ad3de9c1bdd745b486d3f,12577,,excluded_no_target_link
3769973020,doc_7bd2011d94838a3e,0001262039-22-000021,8-K,8-K,current_report_body,https://www.sec.gov/Archives/edgar/data/1262039/000126203922000021/ftnt-20220617.htm,retrieved,095ed151e00371fb2339e656d74cafc13b547113354bcc0fc6027381223ce1f3,4960,,excluded_no_target_link
3769973020,doc_7cd1d8302df89f36,0001262039-21-000016,8-K,EX-101.SCH,employment_or_plan,https://www.sec.gov/Archives/edgar/data/1262039/000126203921000016/ftnt-20210618.xsd,retrieved,d4e71f8272a9f264731c4921432375c7d026a57049cffe119ced67fd59edf9fe,1986,,excluded_no_target_link
3769973020,doc_7f5bb532de54940f,0001262039-22-000012,8-K,EX-101.SCH,employment_or_plan,https://www.sec.gov/Archives/edgar/data/1262039/000126203922000012/ftnt-20220428.xsd,retrieved,0fd87d1c750f1d6cc6eb276e2564df2fbeeabf3b2288bfab79a51142243d309e,1974,,excluded_no_target_link
3769973020,doc_84f202dca4b31359,0001262039-22-000010,8-K,EX-101.PRE,employment_or_plan,https://www.sec.gov/Archives/edgar/data/1262039/000126203922000010/ftnt-20220422_pre.xml,retrieved,cbba691c07ffefe7923661b1aeb23a29c4838e839f8f8c3db1b692bdd05338b0,12577,,excluded_no_target_link
3769973020,doc_8635cb3e549807d0,0001262039-22-000023,8-K,8-K,current_report_body,https://www.sec.gov/Archives/edgar/data/1262039/000126203922000023/ftnt-20220622.htm,retrieved,34e42fb2f6c83522e037e480700db8e8f3e0faae8aea7d2aa2f3f2f67105c2d8,4395,,excluded_no_target_link
3769973020,doc_89c50e8ed5147ba2,0001262039-22-000015,8-K,8-K,current_report_body,https://www.sec.gov/Archives/edgar/data/1262039/000126203922000015/ftnt-20220504.htm,retrieved,67dfbfcf06568c31fde35ff134ede2426d42e2c70e9ac75c38d0c0f2376d454d,3297,,excluded_no_target_link
3769973020,doc_8bfe527d22255784,0001262039-21-000024,8-K,EX-101.PRE,employment_or_plan,https://www.sec.gov/Archives/edgar/data/1262039/000126203921000024/ftnt-20211004_pre.xml,retrieved,93e1e0535f69496ea97db3d699d17d8b88570fcf365c94293292875cca74e837,12715,,excluded_no_target_link
3769973020,doc_8f2fdb97d2438799,0001262039-21-000016,8-K,,current_report_body,https://www.sec.gov/Archives/edgar/data/1262039/000126203921000016/0001262039-21-000016.txt,retrieved,b26e525232f2b236536f6740bad507e498393bd864ab4335f6ace25908f8796a,58671,,excluded_no_target_link
3769973020,doc_906c1a20dc85fce4,0001262039-21-000016,8-K,XML,current_report_body,https://www.sec.gov/Archives/edgar/data/1262039/000126203921000016/ftnt-20210618_htm.xml,retrieved,76f79e1f558965abd29456a9994282d11f28ea64bc6d34502eaf2fd87dcebe62,10746,,excluded_no_target_link
3769973020,doc_9ddffb852085f23c,0001262039-22-000021,8-K,XML,current_report_body,https://www.sec.gov/Archives/edgar/data/1262039/000126203922000021/ftnt-20220617_htm.xml,retrieved,4881886d90313096bfb64d1f15b877455eb38c8adebf1eb1fb98c345963aaa75,10824,,excluded_no_target_link
3769973020,doc_a58a856236473456,0001262039-22-000023,8-K,,current_report_body,https://www.sec.gov/Archives/edgar/data/1262039/000126203922000023/0001262039-22-000023.txt,retrieved,a96ac206d31b03435c4de8780030407148c744a6e2762fb54bc25051e6c083ea,75607,,excluded_no_target_link
3769973020,doc_a59c5825508f7cb1,0001262039-22-000021,8-K,EX-101.PRE,employment_or_plan,https://www.sec.gov/Archives/edgar/data/1262039/000126203922000021/ftnt-20220617_pre.xml,retrieved,e5daadb801226af3e90f7f8e0cdbefa2a931ed5418f794e3d2b33148ed5899f9,12577,,excluded_no_target_link
3769973020,doc_a820b04bde47382b,0001262039-22-000012,8-K,,current_report_body,https://www.sec.gov/Archives/edgar/data/1262039/000126203922000012/0001262039-22-000012.txt,retrieved,ccc420a2b34d33b6f4ef833e355a70094979490280533705165666aac0fca783,53130,,excluded_no_target_link
3769973020,doc_b377f593ca708fd1,0001262039-21-000024,8-K,EX-101.SCH,employment_or_plan,https://www.sec.gov/Archives/edgar/data/1262039/000126203921000024/ftnt-20211004.xsd,retrieved,57f175a8b2939f536e1e238fa029fd79f3ebf3b01ced8e9386e1b10615ecc9cc,1986,,excluded_no_target_link
3769973020,doc_b399f83ad896ab2f,0001262039-21-000027,8-K,,current_report_body,https://www.sec.gov/Archives/edgar/data/1262039/000126203921000027/0001262039-21-000027.txt,retrieved,c7485f17273cb22de6e4c4c73c3ea5acb1b4514bec4dd847129b52f1b5f0fb19,138265,,excluded_no_target_link
3769973020,doc_b5ede5ded3f452c7,0001262039-21-000019,8-K,EX-99.1,press_release_exhibit,https://www.sec.gov/Archives/edgar/data/1262039/000126203921000019/ftntq2-2021ex991.htm,retrieved,6e87bcd4a2688a3fce784bf80dfe9e5ee15123c19ddab96e07ae5b9ee39c479c,32188,,excluded_no_target_link
3769973020,doc_b8156b7a62d8cdb5,0001262039-21-000019,8-K,EX-101.LAB,employment_or_plan,https://www.sec.gov/Archives/edgar/data/1262039/000126203921000019/ftnt-20210729_lab.xml,retrieved,aefac317ac293ab26bcd3a662c5f02678bc2a7adb8634cf110957836eb8129ae,24275,,excluded_no_target_link
3769973020,doc_ba565bfd9a7df434,0001262039-22-000015,8-K,EX-99.1,press_release_exhibit,https://www.sec.gov/Archives/edgar/data/1262039/000126203922000015/ftntq1-2022ex991.htm,retrieved,3fb4dc011f43e39287bb057b714df4a949f711f320aa5c9ca150d7bf8283a1fb,34283,,excluded_no_target_link
3769973020,doc_bab123abeb09af08,0001262039-22-000002,8-K/A,EX-101.PRE,employment_or_plan,https://www.sec.gov/Archives/edgar/data/1262039/000126203922000002/ftnt-20220121_pre.xml,retrieved,452cdbc3eba4ac928ba8cadece4dbe5aae41364ae4a4f230ccd5d9d871bc3e32,12715,,excluded_no_target_link
3769973020,doc_bcb0c1f5878978a0,0001262039-21-000024,8-K,8-K,current_report_body,https://www.sec.gov/Archives/edgar/data/1262039/000126203921000024/ftnt-20211004.htm,retrieved,0871a0067ea0cf4649b4acc2dfd1c11a7d8266f4a852ec970d919a4e3758fce4,5567,,excluded_no_target_link
3769973020,doc_c37f6c3763f62c2f,0001262039-21-000024,8-K,,current_report_body,https://www.sec.gov/Archives/edgar/data/1262039/000126203921000024/0001262039-21-000024.txt,retrieved,d382818aac7774f32eeb91fb47b62d20a6e6b6d20e3b067c25d5869f6eb8aef7,91900,,excluded_no_target_link
3769973020,doc_c3baab1d26eea9ef,0001104659-22-054672,DEF 14A,GRAPHIC,proxy_statement,https://www.sec.gov/Archives/edgar/data/1262039/000110465922054672/tm2212528d1-bc_20reven4c.jpg,retrieved,f5a8bd5db368684d8cae0ffadafd133ca361caf9f258cc0587782ce55d52b3e8,64659,,excluded_no_target_link
3769973020,doc_cedfcc591bb96a4f,0001104659-22-054672,DEF 14A,GRAPHIC,proxy_statement,https://www.sec.gov/Archives/edgar/data/1262039/000110465922054672/sg_kenxie-bw.jpg,retrieved,36c02add616a9906c6b9927ee7878ed16a38e81cffd38bcee1268d2fdf7a2755,4983,,excluded_no_target_link
3769973020,doc_d03fa19eba14a66b,0001262039-21-000019,8-K,EX-101.PRE,employment_or_plan,https://www.sec.gov/Archives/edgar/data/1262039/000126203921000019/ftnt-20210729_pre.xml,retrieved,ef3ed583a948bbc29f286fb33049b85b53cbd02d16a2b924261d0ca60ae868cb,12715,,excluded_no_target_link
3769973020,doc_e0dbc41ad1910521,0001262039-22-000021,8-K,EX-101.LAB,employment_or_plan,https://www.sec.gov/Archives/edgar/data/1262039/000126203922000021/ftnt-20220617_lab.xml,retrieved,92e63bb1cba8a9146dcb035da54d165bb1ca956994268ad72f5f0a95e75cf248,24137,,excluded_no_target_link
3769973020,doc_e5e8e779ea087cfc,0001262039-22-000012,8-K,8-K,current_report_body,https://www.sec.gov/Archives/edgar/data/1262039/000126203922000012/ftnt-20220428.htm,retrieved,8eae0b92be647f099d1c44b047543d2d513cd7bb0d20aec78b8f064d4ea4c873,2936,,excluded_no_target_link
3769973020,doc_e8f556143647a3ac,0001262039-21-000024,8-K,EX-101.LAB,employment_or_plan,https://www.sec.gov/Archives/edgar/data/1262039/000126203921000024/ftnt-20211004_lab.xml,retrieved,f454c6a56b16a14e9b2f8d94b8bb5732a02090c6386e29ecb775b4cf095ffdfc,24275,,excluded_no_target_link
3769973020,doc_ec0c3146bcbb433c,0001262039-22-000005,8-K,,current_report_body,https://www.sec.gov/Archives/edgar/data/1262039/000126203922000005/0001262039-22-000005.txt,retrieved,f72b7c4042cd4db2f509694002a9bb7aa72e8d7347614b69decbfd6bbc739c94,146183,,excluded_no_target_link
3769973020,doc_f11d058e5e015008,0001262039-21-000027,8-K,EX-101.PRE,employment_or_plan,https://www.sec.gov/Archives/edgar/data/1262039/000126203921000027/ftnt-20211104_pre.xml,retrieved,31dd67d555f6ad823d3deb977cf3f1ecb870d4448ae382eb2b63614c8f0f8952,12577,,excluded_no_target_link
3769973020,doc_f4afbfb98950a872,0001262039-22-000012,8-K,EX-101.LAB,employment_or_plan,https://www.sec.gov/Archives/edgar/data/1262039/000126203922000012/ftnt-20220428_lab.xml,retrieved,fe097ebd2077d5234fe86d64c3c3971133f354e82e7dbbcc60aa941582a0c3de,24137,,excluded_no_target_link
3769973020,doc_f7f680db7549a2fd,0001262039-22-000023,8-K,EX-101.PRE,employment_or_plan,https://www.sec.gov/Archives/edgar/data/1262039/000126203922000023/ftnt-20220622_pre.xml,retrieved,212c0e1f6a58a36836b2bb29ae6b7b73bea29b64ec0d8df9b77ee8810fab7c20,13112,,excluded_no_target_link
3769973020,doc_fade405595af66b4,0001262039-21-000027,8-K,8-K,current_report_body,https://www.sec.gov/Archives/edgar/data/1262039/000126203921000027/ftnt-20211104.htm,retrieved,df3ac27003d28c9f413f60de77e6f431bf5c765efc28d624cc6c74444178f87b,3314,,excluded_no_target_link
3769973020,doc_fe1b15ff3cbdeae7,0001262039-22-000023,8-K,EX-101.LAB,employment_or_plan,https://www.sec.gov/Archives/edgar/data/1262039/000126203922000023/ftnt-20220622_lab.xml,retrieved,a4c30f64f7dc6a60def7f75c81f10087db7177c22d1c8f875da56c7012f9a49b,25138,,excluded_no_target_link
3769973020,doc_ffd14607ecaa6b98,0001262039-22-000005,8-K,EX-101.SCH,employment_or_plan,https://www.sec.gov/Archives/edgar/data/1262039/000126203922000005/ftnt-20220203.xsd,retrieved,79f5887cc59d4698b5b1672776a54ba74190d233afb5b370ad08a8adf7ddad30,1980,,excluded_no_target_link
3769973020,supp_51c55fd18a22cc50,,OFFICIAL-SOURCE,official_company_announcement,official_announcement,https://www.fortinet.com/blog/business-and-technology/fortinet-acquires-application-security-innovator-skenai-to-accelerate-devsecops,retrieved,65d5535e7a40767aa4140627d73c81a1fcf166b94294b073b297860caa45c026,8820,,target_linked
3778252040,supp_0422efe0d68e82e7,,OFFICIAL-SOURCE,official_company_announcement,official_announcement,https://opentrons.com/archives/news/press-release-opentrons-announces-200-million-series-c-round-led-by-softbank,retrieved,699c4f3cd781742ba7926a18a62c9d1becf9c9dfebb15ac84042ad2a6efe6de6,178,curated_excerpt_preferred_for_incremental_rescreen,target_linked
3781439020,doc_0011065e99f1f84b,0001558370-21-011969,8-K,EX-99.3,press_release_exhibit,https://www.sec.gov/Archives/edgar/data/315189/000155837021011969/de-20210820xex99d3.htm,retrieved,ec152fae81f5a2f16c4e380a7b7f9e59a1d0757108be2380ebe255a090d9f5b2,10040,,target_linked
3781439020,doc_001cf5cb22043c4a,0001206774-22-000016,DEF 14A,GRAPHIC,proxy_statement,https://www.sec.gov/Archives/edgar/data/315189/000120677422000016/de3958541-def14ax10x3.jpg,retrieved,663ab1867b1b30a78e84cb5acc02ecc162ebcc3cb88edba55474900931ecc036,9444,,excluded_no_target_link
3781439020,doc_002df4a32bda60ae,0001558370-22-001380,8-K,EX-99.2,press_release_exhibit,https://www.sec.gov/Archives/edgar/data/315189/000155837022001380/de-20220218xex99d2.htm,retrieved,3dda8594ac000ecf09cb0c95d7137907a364666e1d23b70ad210c9cac1712de2,3718,,excluded_no_target_link
3781439020,doc_004c144fd15a6a30,0001558370-21-011969,8-K,EX-99.2,press_release_exhibit,https://www.sec.gov/Archives/edgar/data/315189/000155837021011969/de-20210820xex99d2.htm,retrieved,cbd26b15742bf1d1320f064c0676f73261fbbef20f8f0bdaf2670ac49100deeb,4828,,excluded_no_target_link
3781439020,doc_08717c9e4108735b,0001558370-21-011232,8-K,EX-101.DEF,employment_or_plan,https://www.sec.gov/Archives/edgar/data/315189/000155837021011232/de-20210811_def.xml,retrieved,e8591780c43d27877c9b0e99e0720140cb80f7563bcc40361730a18880b534f9,14157,,excluded_no_target_link
3781439020,doc_0d277b3de61d096c,0001558370-21-011232,8-K,EX-101.PRE,employment_or_plan,https://www.sec.gov/Archives/edgar/data/315189/000155837021011232/de-20210811_pre.xml,retrieved,03e7d2bfc699a2ae9c0bb174643c903f2fb2244c34c6ae67a212acf2bcc1beeb,13859,,excluded_no_target_link
3781439020,doc_0d3e22f2ebe1d561,0001558370-21-016124,8-K,8-K,current_report_body,https://www.sec.gov/Archives/edgar/data/315189/000155837021016124/de-20211117x8k.htm,retrieved,a760cc9ebaf09b8f36f4b2c7a07b1c3282764e7bb498900f51e0a384a8e70b8d,4251,,excluded_no_target_link
3781439020,doc_0fb1f9bbd51b9aa2,0001558370-21-012058,8-K,EX-101.DEF,employment_or_plan,https://www.sec.gov/Archives/edgar/data/315189/000155837021012058/de-20210825_def.xml,retrieved,43b95710211dc826018ffc8375d12e0602bbaa3e4ce84c73f94af9f63bfb9eee,14157,,excluded_no_target_link
3781439020,doc_189184e22d20028f,0001558370-22-001380,8-K,EX-99.3,press_release_exhibit,https://www.sec.gov/Archives/edgar/data/315189/000155837022001380/de-20220218xex99d3.htm,retrieved,6f127616f585af072051e215775c9523e4e7b9facd3810f82bda9160951f61f4,12277,,excluded_no_target_link
3781439020,doc_19666c1cb0b22882,0001558370-22-000928,8-K,8-K,current_report_body,https://www.sec.gov/Archives/edgar/data/315189/000155837022000928/de-20220209x8k.htm,retrieved,a1183a75a9c6d1148d682a30d8cf9e22da25626dc88937226c1f8590cb8fb746,4081,,excluded_no_target_link
3781439020,doc_1aa38e12730eaae3,0001206774-22-000016,DEF 14A,,proxy_statement,https://www.sec.gov/Archives/edgar/data/315189/000120677422000016/0001206774-22-000016.txt,retrieved,8821bb821f54baf3efdab3ed5af3b6cb1052011a8d7a9f6371480ee8f89ef2bd,6268561,,target_linked
3781439020,doc_2008af085d756fac,0001558370-21-011945,8-K,EX-101.PRE,employment_or_plan,https://www.sec.gov/Archives/edgar/data/315189/000155837021011945/de-20210819_pre.xml,retrieved,dcb62a97a6c063ac6a49d64727d35a26d67459124c9576dbc18cbbe70dcf28b1,13859,,excluded_no_target_link
3781439020,doc_2386d1ad5f5b6810,0001206774-22-000016,DEF 14A,GRAPHIC,proxy_statement,https://www.sec.gov/Archives/edgar/data/315189/000120677422000016/de3958541-def14ax10x2.jpg,retrieved,9a20dcbd09cccfd28e1f5531f02712174648c6a303e281c4c7b69e61ea8afa4c,9554,,excluded_no_target_link
3781439020,doc_29c9670975328eca,0001558370-21-016124,8-K,EX-101.DEF,employment_or_plan,https://www.sec.gov/Archives/edgar/data/315189/000155837021016124/de-20211117_def.xml,retrieved,8a65d11543945281b6fcd8f97f41e8652a37b9f3087bf99ed55dda861dcdf3bd,14161,,excluded_no_target_link
3781439020,doc_2f40bcd32f63787f,0001558370-22-001380,8-K,EX-99.1,press_release_exhibit,https://www.sec.gov/Archives/edgar/data/315189/000155837022001380/de-20220218xex99d1.htm,retrieved,594cc690997203c7e29992cbab14667a6b0da069cc4e72a02cf7cad9d7af9226,50632,,excluded_no_target_link
3781439020,doc_37df82fbaaeae020,0001558370-21-013874,8-K,EX-99.1,press_release_exhibit,https://www.sec.gov/Archives/edgar/data/315189/000155837021013874/de-20211101xex99d1.htm,retrieved,9f5d79e38b5d00ea0b381c9613593a41bb47e14b42cb1765afdc92effe20f76d,2048,,excluded_no_target_link
3781439020,doc_3859d2627878a280,0001558370-22-000928,8-K,EX-101.SCH,employment_or_plan,https://www.sec.gov/Archives/edgar/data/315189/000155837022000928/de-20220209.xsd,retrieved,548e58b444c1b099a58a0c5de29459f981c7768cc385bef2c0627f3b5b9caed3,4344,,excluded_no_target_link
3781439020,doc_3cd3ba251e24cbfe,0001558370-22-000928,8-K,EX-101.DEF,employment_or_plan,https://www.sec.gov/Archives/edgar/data/315189/000155837022000928/de-20220209_def.xml,retrieved,acf86ef95aa6768fc6c40918da2fe37cb4116f82466e05f8b34e565cfed4d999,13793,,excluded_no_target_link
3781439020,doc_3d0a2e9afdf7505a,0001558370-21-011232,8-K,,current_report_body,https://www.sec.gov/Archives/edgar/data/315189/000155837021011232/0001558370-21-011232.txt,retrieved,061d7068c59945d1ba360da27ba9b0d8a35deb5ca3ca1dfc4a9324b1716e0e99,194302,,target_linked
3781439020,doc_3f5a6eb599bc43e1,0001558370-21-016306,8-K,EX-101.DEF,employment_or_plan,https://www.sec.gov/Archives/edgar/data/315189/000155837021016306/de-20211124_def.xml,retrieved,2913ae0ff372cd51fed04e4e75f973849387341d4321a992e52c65cbb548972d,14161,,excluded_no_target_link
3781439020,doc_431c851dfcbf64fe,0001558370-21-016306,8-K,EX-101.LAB,employment_or_plan,https://www.sec.gov/Archives/edgar/data/315189/000155837021016306/de-20211124_lab.xml,retrieved,0ea2da4579206b71ff5b58569e7075e3494d6a02108b56403f0b1d8c6438710e,20436,,target_linked
3781439020,doc_474019e6d81d3049,0001558370-21-011232,8-K,EX-101.SCH,employment_or_plan,https://www.sec.gov/Archives/edgar/data/315189/000155837021011232/de-20210811.xsd,retrieved,de961b498c7e31f3103eb6597b7aee790f2bb7854f53892651ab36e8fc29d324,4605,,excluded_no_target_link
3781439020,doc_48f236ae06551162,0001558370-21-013874,8-K,EX-101.LAB,employment_or_plan,https://www.sec.gov/Archives/edgar/data/315189/000155837021013874/de-20211101_lab.xml,retrieved,f7a95d2e13467da127e0dfd9729c42d667a684ade17533d15e8659e68cf3e7f1,20434,,target_linked
3781439020,doc_4eb23176a20f08e7,0001558370-21-013151,8-K,EX-101.LAB,employment_or_plan,https://www.sec.gov/Archives/edgar/data/315189/000155837021013151/de-20211014_lab.xml,retrieved,b9cda4e47cf44233313758301f66e14ab19cfeb1cdb4fe29fc31e92b8aa16a5f,20436,,target_linked
3781439020,doc_58d58007bb398140,0001558370-21-016124,8-K,EX-101.LAB,employment_or_plan,https://www.sec.gov/Archives/edgar/data/315189/000155837021016124/de-20211117_lab.xml,retrieved,6ae653691e6ecdc79ccf9214fff552bc7f1a9c2bca5eda5f09e26a3e8d30b259,20436,,target_linked
3781439020,doc_599674f4c958880a,0001558370-21-012058,8-K,EX-99.1,press_release_exhibit,https://www.sec.gov/Archives/edgar/data/315189/000155837021012058/de-20210825xex99d1.htm,retrieved,f21231e4cf8fc2937bda9e46fa6be915b6e80f8bf07af2184598ba2941c265ca,1654,,excluded_no_target_link
3781439020,doc_5d474f8c13ae1ee0,0001558370-21-011945,8-K,EX-101.LAB,employment_or_plan,https://www.sec.gov/Archives/edgar/data/315189/000155837021011945/de-20210819_lab.xml,retrieved,0cdc27c8c20f8108611e7916da63e101588b2681af135ad2a87383277171a880,20432,,target_linked
3781439020,doc_5db64ce8d7eaaa68,0001558370-21-016197,8-K,EX-99.1,press_release_exhibit,https://www.sec.gov/Archives/edgar/data/315189/000155837021016197/de-20211117xex99d1.htm,retrieved,2be9ed7ec7d16255c489b75665f92824111dc9d54524b6ca8e1da37c94f15ed8,1466,,excluded_no_target_link
3781439020,doc_60b24add83af8e1e,0001558370-21-011232,8-K,EX-101.LAB,employment_or_plan,https://www.sec.gov/Archives/edgar/data/315189/000155837021011232/de-20210811_lab.xml,retrieved,b35cf8bbd9ff12c242cdc41ee257d8fca9d8eca9878fb75f7207a4b3cf6b00bf,20432,,target_linked
3781439020,doc_65465091e53c0905,0001558370-21-011969,8-K,EX-99.1,press_release_exhibit,https://www.sec.gov/Archives/edgar/data/315189/000155837021011969/de-20210820xex99d1.htm,retrieved,5484f411d243d8c3c5a331a7bb91e68a2d80b75e521d10ce1238c772c6a426e6,59763,,excluded_no_target_link
3781439020,doc_66c042468d8f8a67,0001558370-21-016197,8-K,EX-101.DEF,employment_or_plan,https://www.sec.gov/Archives/edgar/data/315189/000155837021016197/de-20211117_def.xml,retrieved,b104a365a95c8f91c2ca2f6b3b2c245277a7f4233c4986de3b328b275aa7093e,14159,,excluded_no_target_link
3781439020,doc_6a43c32ff722bb67,0001558370-22-001380,8-K,EX-101.LAB,employment_or_plan,https://www.sec.gov/Archives/edgar/data/315189/000155837022001380/de-20220218_lab.xml,retrieved,90a591dded122029a085da1d7d836b12340ec93966000fb275efa21569488def,19602,,target_linked
3781439020,doc_6ad00a4493308aa9,0001558370-21-016197,8-K,EX-101.SCH,employment_or_plan,https://www.sec.gov/Archives/edgar/data/315189/000155837021016197/de-20211117.xsd,retrieved,7db5030babcc2d57681aa32529a5db430f7146cf4345a3c9c50650cfb9755d56,4607,,excluded_no_target_link
3781439020,doc_6b4428f1919f7805,0001558370-22-000928,8-K,EX-101.LAB,employment_or_plan,https://www.sec.gov/Archives/edgar/data/315189/000155837022000928/de-20220209_lab.xml,retrieved,66dfe0f8ec604e0ba60ce259698e5c19517d4b3766b1285fedeea2489ba300a1,19502,,target_linked
3781439020,doc_6d09b3cfb2f6e106,0001558370-21-013151,8-K,EX-101.DEF,employment_or_plan,https://www.sec.gov/Archives/edgar/data/315189/000155837021013151/de-20211014_def.xml,retrieved,2352046f32ec3a3160530041ae27a61c0e3fc9cd18a0b246a8c530cbe985e6f6,14161,,excluded_no_target_link
3781439020,doc_6efad20cae56abb0,0001558370-22-001380,8-K,EX-101.DEF,employment_or_plan,https://www.sec.gov/Archives/edgar/data/315189/000155837022001380/de-20220218_def.xml,retrieved,be6ad73cefb11a4cc205bee0d80bed90bf3a677d75d7cf0467062cb1043f96ed,13889,,excluded_no_target_link
3781439020,doc_73b2813303937200,0001558370-21-016124,8-K,EX-101.SCH,employment_or_plan,https://www.sec.gov/Archives/edgar/data/315189/000155837021016124/de-20211117.xsd,retrieved,daf1a4e47faad876f1bf06a5c15790fbbeb7baf32dd6c8edd6cd341bb2d48772,4609,,excluded_no_target_link
3781439020,doc_75b3e1f90f3ea0dd,0001206774-22-000016,DEF 14A,GRAPHIC,proxy_statement,https://www.sec.gov/Archives/edgar/data/315189/000120677422000016/de3958541-def14ax10x1.jpg,retrieved,c522814a11c7a75dc477f8814916640395ac85e73ad9871b4ec81b61f62a4063,7426,,excluded_no_target_link
3781439020,doc_77344a06affe376a,0001558370-21-013874,8-K,EX-101.DEF,employment_or_plan,https://www.sec.gov/Archives/edgar/data/315189/000155837021013874/de-20211101_def.xml,retrieved,eb16600914fadb13c2e8ff3e5e3d706d9e1dfe510dcfceca85edf4b4768c2870,14159,,excluded_no_target_link
3781439020,doc_775da281fe846a20,0001558370-22-000928,8-K,,current_report_body,https://www.sec.gov/Archives/edgar/data/315189/000155837022000928/0001558370-22-000928.txt,retrieved,bb44d99de0e5df74a7678a865798b9812c87c461244ce4cb4a8cf5addcecf03c,77168,,target_linked
3781439020,doc_7ae39ef7ad7e6f7f,0001206774-22-000016,DEF 14A,DEF 14A,proxy_statement,https://www.sec.gov/Archives/edgar/data/315189/000120677422000016/de3958541-def14a.htm,retrieved,980fd0b4ea3427366d77587c3a6fe4802407cbc58c86dffa7c9c9f39cd16f1b2,371988,,target_linked
3781439020,doc_7fd3d5b89bcdeb07,0001558370-21-016306,8-K,EX-99.1,press_release_exhibit,https://www.sec.gov/Archives/edgar/data/315189/000155837021016306/de-20211124xex99d1.htm,retrieved,2cc3e0e3bc44efe1545c6161e5915b7e7b510f00e5cb49cd2776efdc16491b14,60091,,excluded_no_target_link
3781439020,doc_80396c645f8960c1,0001558370-21-016197,8-K,EX-101.LAB,employment_or_plan,https://www.sec.gov/Archives/edgar/data/315189/000155837021016197/de-20211117_lab.xml,retrieved,081a26d0a10e4d47dd58880f440a693ba7c9e431c7b6aa6676f757fd5a4a78ee,20434,,target_linked
3781439020,doc_81c9eb2ad579af0b,0001558370-21-011969,8-K,EX-101.DEF,employment_or_plan,https://www.sec.gov/Archives/edgar/data/315189/000155837021011969/de-20210820_def.xml,retrieved,6c63816d2b1ab4098848cc8a60a5a4e21288fd0e4767b5f756eb45df67d0d331,14159,,excluded_no_target_link
3781439020,doc_883ddb4ed339d0d9,0001558370-21-016197,8-K,8-K,current_report_body,https://www.sec.gov/Archives/edgar/data/315189/000155837021016197/de-20211117x8k.htm,retrieved,924d848af5e3d801a6541638a283fdb43f4936818d600456c57ad88ead6091ee,4049,,excluded_no_target_link
3781439020,doc_9461f75a95d05fcd,0001558370-21-011945,8-K,EX-99.1,press_release_exhibit,https://www.sec.gov/Archives/edgar/data/315189/000155837021011945/de-20210819xex99d1.htm,retrieved,de837ec14738e451639582564648e276cf3b63bbdf58d25c61188609cb69fb22,3312,,excluded_no_target_link
3781439020,doc_948b598533c84212,0001558370-21-016306,8-K,EX-99.2,press_release_exhibit,https://www.sec.gov/Archives/edgar/data/315189/000155837021016306/de-20211124xex99d2.htm,retrieved,98f1959731acf3419951c3bfad6dff7a35841967a60e2c332234ee829179d811,4944,,excluded_no_target_link
3781439020,doc_987a70fbdf245b21,0001558370-21-013874,8-K,EX-101.PRE,employment_or_plan,https://www.sec.gov/Archives/edgar/data/315189/000155837021013874/de-20211101_pre.xml,retrieved,477ee9a6a4ced7f215c43881f9b1773c72ec96f09c91b0a6fec3806d33ac2059,13861,,excluded_no_target_link
3781439020,doc_9dd5b6d97fa60a9b,0001558370-21-011945,8-K,EX-10.1,employment_or_plan,https://www.sec.gov/Archives/edgar/data/315189/000155837021011945/de-20210819xex10d1.htm,retrieved,213039f3a9c3e575af5b5705d73997ad3132c6518e26476ae598bd3fe2781e56,145595,,excluded_no_target_link
3781439020,doc_9e2cf159a7fa731c,0001558370-21-016124,8-K,,current_report_body,https://www.sec.gov/Archives/edgar/data/315189/000155837021016124/0001558370-21-016124.txt,retrieved,4c3b7953dd50052b5c7d5d1a64391d24c5a60b0d252d3f0879e468af56e01e3f,194302,,target_linked
3781439020,doc_a10b18a9602b1e58,0001558370-21-016306,8-K,EX-99.3,press_release_exhibit,https://www.sec.gov/Archives/edgar/data/315189/000155837021016306/de-20211124xex99d3.htm,retrieved,11f11059d804f4a5fdff4fdae0ed986c57e3f0434d765e2539f85153178d83c2,8286,,excluded_no_target_link
3781439020,doc_a188a9a23698e2cb,0001558370-21-011232,8-K,8-K,current_report_body,https://www.sec.gov/Archives/edgar/data/315189/000155837021011232/de-20210811x8k.htm,retrieved,9fb9b4da23422a217f392091931c32f031c2da6cfb1f329d192fadc63406f781,4235,,excluded_no_target_link
3781439020,doc_a5f3cc336d6df9db,0001558370-21-016306,8-K,EX-101.SCH,employment_or_plan,https://www.sec.gov/Archives/edgar/data/315189/000155837021016306/de-20211124.xsd,retrieved,b9b419d89b3f894a09d2627e5b274651bd6ccb7b8e64c88cade0a7a47046d82a,4609,,excluded_no_target_link
3781439020,doc_a81edec592836295,0001558370-21-013151,8-K,EX-99.1,press_release_exhibit,https://www.sec.gov/Archives/edgar/data/315189/000155837021013151/de-20211014xex99d1.htm,retrieved,67d7551659faefa1b0a517117ac417835de2728727f6ece2534dc4f66946fddc,2493,,excluded_no_target_link
3781439020,doc_ac1317566bff7f55,0001558370-22-001380,8-K,EX-101.SCH,employment_or_plan,https://www.sec.gov/Archives/edgar/data/315189/000155837022001380/de-20220218.xsd,retrieved,c5be02f268511c190e10444c8e162edfe17812a364b4bf6d6d131bbe21d225b9,4247,,excluded_no_target_link
3781439020,doc_bacf99e77a0a2ad4,0001558370-21-011945,8-K,EX-101.DEF,employment_or_plan,https://www.sec.gov/Archives/edgar/data/315189/000155837021011945/de-20210819_def.xml,retrieved,aee6a6e049eda9aec88e7e49089893c9557e5fb4e33e18ebbe6fa6ac30d63379,14157,,excluded_no_target_link
3781439020,doc_baef37d90b0c35ab,0001558370-21-013874,8-K,EX-101.SCH,employment_or_plan,https://www.sec.gov/Archives/edgar/data/315189/000155837021013874/de-20211101.xsd,retrieved,cc63014fa82e09acc48a4b5959c1e81208d3ca8fc333b51534baa0f8d9ce39c6,4607,,excluded_no_target_link
3781439020,doc_bd1ba9e49f097ae3,0001558370-21-011969,8-K,EX-101.LAB,employment_or_plan,https://www.sec.gov/Archives/edgar/data/315189/000155837021011969/de-20210820_lab.xml,retrieved,556d833c049ff8999ac6bfea29e8b020e31d7f26231215cf6be4f7d903ece1a8,20434,,target_linked
3781439020,doc_c10d2214188eb0d8,0001558370-21-016197,8-K,EX-101.PRE,employment_or_plan,https://www.sec.gov/Archives/edgar/data/315189/000155837021016197/de-20211117_pre.xml,retrieved,d06562208532ba5096cc1e7aa1b2dd4ad86044db2ac564049e9fecc5bd6f89a7,13861,,excluded_no_target_link
3781439020,doc_c40d49317f5b3d6a,0001558370-21-016124,8-K,EX-101.PRE,employment_or_plan,https://www.sec.gov/Archives/edgar/data/315189/000155837021016124/de-20211117_pre.xml,retrieved,897b23f69862fa2daff52a6878e7796359271876d2ce030e6b170e0c6e4e0ce2,13863,,excluded_no_target_link
3781439020,doc_c7a75df0982581b1,0001558370-21-013151,8-K,EX-101.PRE,employment_or_plan,https://www.sec.gov/Archives/edgar/data/315189/000155837021013151/de-20211014_pre.xml,retrieved,3100ba38efd3dba7ad71888074e329d3a287478d6b7c9dc8a5a39ba9fcca4efa,13863,,excluded_no_target_link
3781439020,doc_cbb5aff01092d45f,0001558370-21-011945,8-K,EX-101.SCH,employment_or_plan,https://www.sec.gov/Archives/edgar/data/315189/000155837021011945/de-20210819.xsd,retrieved,08096b44a44f88b00a29a25472102a1ca34a92b2377bde8d55102b8f6ae59d49,4605,,excluded_no_target_link
3781439020,doc_da31886069143e6f,0001558370-21-013151,8-K,EX-101.SCH,employment_or_plan,https://www.sec.gov/Archives/edgar/data/315189/000155837021013151/de-20211014.xsd,retrieved,2220c126fb6c1c0b4d6ad3f428573df408a2ba1961bba46dae55b6b3d588993b,4609,,excluded_no_target_link
3781439020,doc_db8174fe0714de61,0001558370-21-012058,8-K,8-K,current_report_body,https://www.sec.gov/Archives/edgar/data/315189/000155837021012058/de-20210825x8k.htm,retrieved,8a2deba872a0e3cc68fce88e4e7456f99df2642b9da6a78dc9f576bea5394925,3260,,excluded_no_target_link
3781439020,doc_e0bdb70f3e0d44e5,0001206774-22-000016,DEF 14A,GRAPHIC,proxy_statement,https://www.sec.gov/Archives/edgar/data/315189/000120677422000016/de3958541-def14aproxyx1x1.jpg,retrieved,280d13c6087b7ea3d6c504271e8307d889ea59c1ce3963bed7130f92f1353767,5016,,excluded_no_target_link
3781439020,doc_e3dfccd2f9d5c0a0,0001558370-21-013151,8-K,8-K,current_report_body,https://www.sec.gov/Archives/edgar/data/315189/000155837021013151/de-20211014x8k.htm,retrieved,9cce65382b7cc7163704d11ff06145a2d0c81fd7a903d9bf9864a57e50efff57,3910,,excluded_no_target_link
3781439020,doc_e8cc98b3c7538757,0001558370-22-000928,8-K,EX-101.PRE,employment_or_plan,https://www.sec.gov/Archives/edgar/data/315189/000155837022000928/de-20220209_pre.xml,retrieved,bdcb75f1b8ad0ca4ad015582adcf52e5e4779211d959e58c48b7c486835c3f3d,13436,,excluded_no_target_link
3781439020,doc_e8f63ec793e659d3,0001558370-21-012058,8-K,EX-101.PRE,employment_or_plan,https://www.sec.gov/Archives/edgar/data/315189/000155837021012058/de-20210825_pre.xml,retrieved,e4497a12f2ca08bf690f13d1555189a6ff2a3cdb809dd874e9f79eef08a1ce3b,13859,,excluded_no_target_link
3781439020,doc_edb743d0efab3617,0001558370-21-011969,8-K,EX-101.SCH,employment_or_plan,https://www.sec.gov/Archives/edgar/data/315189/000155837021011969/de-20210820.xsd,retrieved,976428e069b5237dddad921ebd1a5e9661cd1b0007e45f0390677c4d3e72dc46,4607,,excluded_no_target_link
3781439020,doc_f3729efaa4e1f224,0001558370-21-012058,8-K,EX-101.SCH,employment_or_plan,https://www.sec.gov/Archives/edgar/data/315189/000155837021012058/de-20210825.xsd,retrieved,cfa790bd9d931ba3e24a9ad47d5faa9e881b08770f11bec488937169a5674308,4605,,excluded_no_target_link
3781439020,doc_f6e160291cf22a72,0001558370-21-012058,8-K,EX-101.LAB,employment_or_plan,https://www.sec.gov/Archives/edgar/data/315189/000155837021012058/de-20210825_lab.xml,retrieved,a7c2e34ea3db64e521ca9af499e51539f1aac70658948305c8e62ca8942bde01,20432,,target_linked
3781439020,doc_ffbcc3d493211c9a,0001558370-21-013874,8-K,8-K,current_report_body,https://www.sec.gov/Archives/edgar/data/315189/000155837021013874/de-20211101x8k.htm,retrieved,cb3f5fcf787d300995a24b8f7c00f2fdfa171ce1ecc8f4c3bba92d261417488d,4060,,excluded_no_target_link
3815848040,supp_d9db35df81172da6,,OFFICIAL-SOURCE,official_company_announcement,official_announcement,https://slingerbag.com/blogs/news/slinger-announces-official-closing-of-gameface-ai-acquisition,retrieved,b939fc3d3e68f0007fb8623d67fba1fd57d9ea40f1e85865b89ee1dfd1e06192,128,curated_excerpt_preferred_for_incremental_rescreen,target_linked
3824154020,supp_3924f48dc3e22ee0,,OFFICIAL-SOURCE,official_company_announcement,official_announcement,https://company.instacart.com/pressreleases/instacart-acquires-caper-ai-a-leader-in-smart-cart-and-smart-checkout-technology-creating-a-unified-online-and-in-store-commerce-solution-for-retailers,retrieved,75973d1d503f679d3f199c060e560e2b9eca95a68dc0a153453fb0e0f39c3ea1,188,curated_excerpt_preferred_for_incremental_rescreen,target_linked
3824479040,supp_7965493b1375a0d5,,OFFICIAL-SOURCE,official_company_announcement,official_announcement,https://ghocapital.com/updates/x-chem-acquires-glamorous-ai-and-cominnex-harnessing-machine-learning-to-accelerate-outcomes-across-small-molecule-drug-discovery/,retrieved,6d37c41eff2a54e95c9cf9316f59e7e6fd70b88fbe2b7f18d102575c851ac567,143,curated_excerpt_preferred_for_incremental_rescreen,target_linked
3832746020,doc_000cacb0de970729,0001493152-22-019171,8-K,,current_report_body,https://www.sec.gov/Archives/edgar/data/1378140/000149315222019171/0001493152-22-019171.txt,retrieved,e2d1030829b8eb3654c8123804c5ddabdc05826d48ad99d79eede6a37e4cf1c9,111388,,target_linked
3832746020,doc_022e96731b6c668f,0001493152-21-028854,8-K,EX-101.PRE,employment_or_plan,https://www.sec.gov/Archives/edgar/data/1378140/000149315221028854/optt-20211115_pre.xml,retrieved,26625383ded9741da9e31e0040fd44162b2d2ee08f51afa7fc18062da491250c,22387,,excluded_no_target_link
3832746020,doc_0c8f8b85f9f541d2,0001493152-22-019745,8-K,EX-101.LAB,employment_or_plan,https://www.sec.gov/Archives/edgar/data/1378140/000149315222019745/optt-20220718_lab.xml,retrieved,c078e89035a345495ec32ae9e0ed81694b37b0a1ab895b5dce009fe35050582f,34240,,excluded_no_target_link
3832746020,doc_0d13177d620d551b,0001493152-21-031575,8-K,8-K,current_report_body,https://www.sec.gov/Archives/edgar/data/1378140/000149315221031575/form8-k.htm,retrieved,668dfa4d02f8fb739538d5e4af20476d9b7477f07fbe8752469840daffd3ffa6,7889,,excluded_no_target_link
3832746020,doc_1075c1344ee55231,0001493152-21-031575,8-K,EX-101.SCH,employment_or_plan,https://www.sec.gov/Archives/edgar/data/1378140/000149315221031575/optt-20211214.xsd,retrieved,532fc4da193e66f7ac7659a74b474997a4fb5881848f75f1dbdd9d97bffed044,3067,,excluded_no_target_link
3832746020,doc_12722557790fa10e,0001493152-21-031575,8-K,EX-99.1,press_release_exhibit,https://www.sec.gov/Archives/edgar/data/1378140/000149315221031575/ex99-1.htm,retrieved,705d25311e75b4dfc04d63f8d56f13becfd76447b90218e23deabba3c2b8d05f,15288,,target_linked
3832746020,doc_1303ad03e89df943,0001493152-22-019745,8-K,EX-101.SCH,employment_or_plan,https://www.sec.gov/Archives/edgar/data/1378140/000149315222019745/optt-20220718.xsd,retrieved,cb6ac5003a084b105f3d8abe0b3d5ef546c57d654c9dee12bc42b97e4741ffb2,3001,,excluded_no_target_link
3832746020,doc_14b53fba4a069418,0001493152-22-019171,8-K,EX-101.SCH,employment_or_plan,https://www.sec.gov/Archives/edgar/data/1378140/000149315222019171/optt-20220713.xsd,retrieved,5340963a44dc4aa82966576c87cab63b84b46f3f4d41b1c1c95bb494a2e77c3c,3001,,excluded_no_target_link
3832746020,doc_14ce4d2f060a8177,0001493152-21-031190,8-K,EX-99.1,press_release_exhibit,https://www.sec.gov/Archives/edgar/data/1378140/000149315221031190/ex99-1.htm,retrieved,fd7b084a8b03ce268c5ac8de8bf2446765a9f1a1c9d012381a91d90ee173d06f,4314,,target_linked
3832746020,doc_16127f6797e111fe,0001493152-22-027733,8-K,EX-101.LAB,employment_or_plan,https://www.sec.gov/Archives/edgar/data/1378140/000149315222027733/optt-20221005_lab.xml,retrieved,230103298ee11c8bb47736b1dd74a2db494675994289dbf204b4f6ddaea73549,34240,,excluded_no_target_link
3832746020,doc_2d7cf6851ff66b17,0001493152-21-028854,8-K,8-K,current_report_body,https://www.sec.gov/Archives/edgar/data/1378140/000149315221028854/form8-k.htm,retrieved,b5620e38542006df3d2014541fa48e466ea0d36633eec14fa81af8b921c52ff3,4943,,target_linked
3832746020,doc_36cea3457ff4ebb5,0001493152-22-004072,8-K,EX-10.1,employment_or_plan,https://www.sec.gov/Archives/edgar/data/1378140/000149315222004072/ex10-1.htm,retrieved,0fc5df0fdb76ced0907f8331fd7d1169faf01a01a9d782e8dfc8f68e1668565c,1173,,excluded_no_target_link
3832746020,doc_39f77d973fbe650a,0001493152-21-031190,8-K,EX-101.PRE,employment_or_plan,https://www.sec.gov/Archives/edgar/data/1378140/000149315221031190/optt-20211213_pre.xml,retrieved,3ae7e0f78afc8842f87d45e5d23953cac76296d6063ffc31320473efb6d601a8,22387,,excluded_no_target_link
3832746020,doc_3e6262ed91293f23,0001493152-21-031190,8-K,EX-101.SCH,employment_or_plan,https://www.sec.gov/Archives/edgar/data/1378140/000149315221031190/optt-20211213.xsd,retrieved,599752c5897018df97104aab91005a076c98e7b01342af176939a39ba38fbc5c,3067,,excluded_no_target_link
3832746020,doc_3f23a00033d4b7f3,0001493152-22-019171,8-K,EX-101.LAB,employment_or_plan,https://www.sec.gov/Archives/edgar/data/1378140/000149315222019171/optt-20220713_lab.xml,retrieved,c078e89035a345495ec32ae9e0ed81694b37b0a1ab895b5dce009fe35050582f,34240,,excluded_no_target_link
3832746020,doc_45486814e76fc51b,0001493152-22-004072,8-K,EX-101.PRE,employment_or_plan,https://www.sec.gov/Archives/edgar/data/1378140/000149315222004072/optt-20220209_pre.xml,retrieved,5febb7651eb018e05e5451cefa00f1a2686140b3acbd09af9ba9466c602c4700,22623,,excluded_no_target_link
3832746020,doc_4dd9d87d1b8dfb5b,0001493152-22-025631,8-K,EX-99.1,press_release_exhibit,https://www.sec.gov/Archives/edgar/data/1378140/000149315222025631/ex99-1.htm,retrieved,02afc21e2d98f0b0b0781abf8da80eb4fa7f8023f317a48daa406120da7b0f7b,13514,,target_linked
3832746020,doc_5294254bd40222dd,0001493152-22-025631,8-K,8-K,current_report_body,https://www.sec.gov/Archives/edgar/data/1378140/000149315222025631/form8-k.htm,retrieved,bb5a224e30a984f180a12c564efa2d17b4b42f7f8f713b9a5482cfc31a33fa47,4182,,excluded_no_target_link
3832746020,doc_54358f6eedb89042,0001493152-21-031575,8-K,EX-101.LAB,employment_or_plan,https://www.sec.gov/Archives/edgar/data/1378140/000149315221031575/optt-20211214_lab.xml,retrieved,47ae9bf5d2f090c803f18b66fade9cd1011121f3e816f2cc83c6d2f155675ecc,34240,,excluded_no_target_link
3832746020,doc_5b088a01410e2610,0001493152-21-030659,8-K,8-K,current_report_body,https://www.sec.gov/Archives/edgar/data/1378140/000149315221030659/form8k.htm,retrieved,bbf4c2e9c64417f33354d06910ac6258a41daae6c0b8fca5640155992babc01d,4435,,excluded_no_target_link
3832746020,doc_5c65a7c0371333a2,0001493152-21-031190,8-K,EX-10.1,employment_or_plan,https://www.sec.gov/Archives/edgar/data/1378140/000149315221031190/ex10-1.htm,retrieved,b17788e6b7b74e93c97386d21d9d323052593f40b7634e1aeaab99cf1afcc306,46946,,excluded_no_target_link
3832746020,doc_636d9c5d2cd8912c,0001493152-22-006809,8-K,EX-101.PRE,employment_or_plan,https://www.sec.gov/Archives/edgar/data/1378140/000149315222006809/optt-20220314_pre.xml,retrieved,8643b85e7992885be5f78f395a07372e710bb8a606ed190b79965c5f12b0eef0,22623,,excluded_no_target_link
3832746020,doc_63cbf7a23ca97f22,0001493152-22-019171,8-K,EX-101.PRE,employment_or_plan,https://www.sec.gov/Archives/edgar/data/1378140/000149315222019171/optt-20220713_pre.xml,retrieved,5c7103d2addce582b46e4030e83089b5c645c29f0362e360ba1332fcd42ae1c6,22387,,excluded_no_target_link
3832746020,doc_660eb65119bb6f6f,0001493152-21-031190,8-K,8-K,current_report_body,https://www.sec.gov/Archives/edgar/data/1378140/000149315221031190/form8-k.htm,retrieved,28673ecfabfcc5a8bc84bf8c214566c92bd1fba0834dc390222519491d23e0f6,6960,,excluded_no_target_link
3832746020,doc_69bf57c886a7d16c,0001493152-22-019171,8-K,EX-99.1,press_release_exhibit,https://www.sec.gov/Archives/edgar/data/1378140/000149315222019171/ex99-1.htm,retrieved,a095589f5061fb438d84a4f7921463b512f33d82c48848258d8c91b76d536121,18548,,target_linked
3832746020,doc_6a0b0177b5b31723,0001493152-22-027733,8-K,EX-99.1,press_release_exhibit,https://www.sec.gov/Archives/edgar/data/1378140/000149315222027733/ex99-1.htm,retrieved,5ba0c455d95babccb5360faafeb4cb9338eb4d37a6490bf7d45b96d7efc7c57a,5585,,target_linked
3832746020,doc_6b169187ac696724,0001493152-22-019171,8-K,8-K,current_report_body,https://www.sec.gov/Archives/edgar/data/1378140/000149315222019171/form8-k.htm,retrieved,c5b2fc1c42ce7b1a565b24b395ccb8a737308c82356ded5f70ef28bcac24f4db,4031,,excluded_no_target_link
3832746020,doc_7304fcc5cdfe7bfe,0001493152-21-031575,8-K,EX-101.PRE,employment_or_plan,https://www.sec.gov/Archives/edgar/data/1378140/000149315221031575/optt-20211214_pre.xml,retrieved,a1dc49697ef5088f8e65dfb59fabf95f0a77af202962153b55f13f61252f33c1,22387,,excluded_no_target_link
3832746020,doc_7c07b3e2e0352c10,0001493152-22-025631,8-K,,current_report_body,https://www.sec.gov/Archives/edgar/data/1378140/000149315222025631/0001493152-22-025631.txt,retrieved,68d3f6e349a8d21f9964b6f6daba60d3695531077f24c95a339ee3978c4e16ac,107603,,target_linked
3832746020,doc_7c8f2ab9b7f605a9,0001493152-22-006809,8-K,EX-101.SCH,employment_or_plan,https://www.sec.gov/Archives/edgar/data/1378140/000149315222006809/optt-20220314.xsd,retrieved,e77a1a440ec76fcf6609f60150613db4e6f384d43e643fffd6e8faee895c3833,3075,,excluded_no_target_link
3832746020,doc_823f4e2026510b55,0001493152-22-028878,DEF 14A,GRAPHIC,proxy_statement,https://www.sec.gov/Archives/edgar/data/1378140/000149315222028878/proxy_001.jpg,retrieved,a0ea95d15cd639133c864c8e3fd7381a62c1c596bb9f1aec8da3d796a9a29f2c,479584,,excluded_no_target_link
3832746020,doc_82c7c52bc6228dce,0001493152-22-006809,8-K,8-K,current_report_body,https://www.sec.gov/Archives/edgar/data/1378140/000149315222006809/form8-k.htm,retrieved,c2fadf246d298a25b00142e5a661888aa9e1c9a9486339558c83b4b89ec95685,4119,,excluded_no_target_link
3832746020,doc_878630f5af6e4064,0001493152-22-027733,8-K,EX-101.PRE,employment_or_plan,https://www.sec.gov/Archives/edgar/data/1378140/000149315222027733/optt-20221005_pre.xml,retrieved,64a07f9e3bc9c12bcdd584d82f58a896724fae934dfa02f18010c2ef854b9199,22387,,excluded_no_target_link
3832746020,doc_8a40e036d5c8040a,0001493152-21-028854,8-K,EX-99.1,press_release_exhibit,https://www.sec.gov/Archives/edgar/data/1378140/000149315221028854/ex99-1.htm,retrieved,6863f1b72649b9257870714ebb7c8d50a319a6d19e19a86740199e96fd1391ef,6381,,target_linked
3832746020,doc_8fd65ee21c3e8930,0001493152-21-028854,8-K,EX-101.LAB,employment_or_plan,https://www.sec.gov/Archives/edgar/data/1378140/000149315221028854/optt-20211115_lab.xml,retrieved,96df92639e40e280a427afa8da956a7c9bd64c9b4299e31d826d4fd691c39b86,34240,,excluded_no_target_link
3832746020,doc_94d2957c157b1d95,0001493152-22-025631,8-K,EX-101.PRE,employment_or_plan,https://www.sec.gov/Archives/edgar/data/1378140/000149315222025631/optt-20220912_pre.xml,retrieved,f4cdfe52a93d4e576176b10e95e022ee8cb71bd8735b3dd899834080d9bd6759,22387,,excluded_no_target_link
3832746020,doc_9745ef8c664f15a4,0001493152-21-028854,8-K,EX-101.SCH,employment_or_plan,https://www.sec.gov/Archives/edgar/data/1378140/000149315221028854/optt-20211115.xsd,retrieved,e66feab1407b3cb9f49cf093b7fa163928e0eb9e05cbe93a37f41fbad35ae11f,3067,,excluded_no_target_link
3832746020,doc_9c7b3a0749d6be38,0001493152-22-028878,DEF 14A,,proxy_statement,https://www.sec.gov/Archives/edgar/data/1378140/000149315222028878/0001493152-22-028878.txt,retrieved,d92b497d3ef6dbc179d0e13bbdb1fcb947a3e103b7e18977c1775d17ec9bd03f,1559552,,target_linked
3832746020,doc_9cbff088b803615e,0001493152-22-019745,8-K,8-K,current_report_body,https://www.sec.gov/Archives/edgar/data/1378140/000149315222019745/form8-k.htm,retrieved,62c231b7e9ecd88e3ab57c6c649242047a36282d8d3311034a40b3cda92683f8,3674,,excluded_no_target_link
3832746020,doc_a27a8a3b04a81710,0001493152-22-006809,8-K,EX-101.LAB,employment_or_plan,https://www.sec.gov/Archives/edgar/data/1378140/000149315222006809/optt-20220314_lab.xml,retrieved,15d98d814ad28a43945f7e3fa003696d225dea7653c636d8c4f3fef5c95f64ff,34476,,excluded_no_target_link
3832746020,doc_a9250bb54554becf,0001493152-22-006809,8-K,,current_report_body,https://www.sec.gov/Archives/edgar/data/1378140/000149315222006809/0001493152-22-006809.txt,retrieved,704ce1dd18d8a16134f0240b86254739c5fe2fc1fbe377cf6e23c9e6de7d5886,219699,,target_linked
3832746020,doc_aa852776147faf7d,0001493152-21-030659,8-K,EX-101.PRE,employment_or_plan,https://www.sec.gov/Archives/edgar/data/1378140/000149315221030659/optt-20211207_pre.xml,retrieved,6828023fd5a3de99cdd482c12220457d60b85cfe9f94302c51a4aba232c0158b,22387,,excluded_no_target_link
3832746020,doc_aabd81212faaf423,0001493152-22-027733,8-K,8-K,current_report_body,https://www.sec.gov/Archives/edgar/data/1378140/000149315222027733/form8-k.htm,retrieved,0790c6b948f6c7fc791cde3789d12fe154942fa223f53e9eea682acc6723afc9,3616,,excluded_no_target_link
3832746020,doc_ab601663dcd514b8,0001493152-21-031190,8-K,EX-101.LAB,employment_or_plan,https://www.sec.gov/Archives/edgar/data/1378140/000149315221031190/optt-20211213_lab.xml,retrieved,47ae9bf5d2f090c803f18b66fade9cd1011121f3e816f2cc83c6d2f155675ecc,34240,,excluded_no_target_link
3832746020,doc_af521a254c775f36,0001493152-21-030659,8-K,EX-99.1,press_release_exhibit,https://www.sec.gov/Archives/edgar/data/1378140/000149315221030659/ex99-1.htm,retrieved,027405cb6042464ab930c0eabf7f7e55c9ea39184082bf497953f2871af69b30,3891,,target_linked
3832746020,doc_b6d4a9f88dc92a91,0001493152-22-025631,8-K,EX-101.SCH,employment_or_plan,https://www.sec.gov/Archives/edgar/data/1378140/000149315222025631/optt-20220912.xsd,retrieved,60e99efcd29790b3d1778e4004171b6dd91d528f0a3f64089f411b5e4327e311,3269,,excluded_no_target_link
3832746020,doc_b6f8cd839b660f8b,0001493152-21-030659,8-K,EX-101.SCH,employment_or_plan,https://www.sec.gov/Archives/edgar/data/1378140/000149315221030659/optt-20211207.xsd,retrieved,f6c4cd797baa1ce1de7de1f99ece62a20a0cdc46c1012b6c136df02c84968083,3067,,excluded_no_target_link
3832746020,doc_bc52081ebd34e6d1,0001493152-22-019745,8-K,EX-99.1,press_release_exhibit,https://www.sec.gov/Archives/edgar/data/1378140/000149315222019745/ex99-1.htm,retrieved,9b20e6c68c05b348bf9b31a0ebfb42fc0588cfb0b56bb19351a847081af41b66,4215,,target_linked
3832746020,doc_c0ee349c51e3d2a2,0001493152-22-006809,8-K,EX-99.1,press_release_exhibit,https://www.sec.gov/Archives/edgar/data/1378140/000149315222006809/ex99-1.htm,retrieved,045f43c3ac2c0aeec251b16c45db4515e0c35678edab4112720c8f62d7531b5f,16944,,target_linked
3832746020,doc_c1a3b0439f360789,0001493152-21-028854,8-K,EX-10.1,employment_or_plan,https://www.sec.gov/Archives/edgar/data/1378140/000149315221028854/ex10-1.htm,retrieved,700eae92ac426326cc5a4776976f3a8bbffc2fa9f3bd754e39649e160dbc68ad,142239,,target_linked
3832746020,doc_c775b2c3ce37b73f,0001493152-22-028878,DEF 14A,DEF 14A,proxy_statement,https://www.sec.gov/Archives/edgar/data/1378140/000149315222028878/formdef14a.htm,retrieved,bd47130c7e290aa00e87e47e8ac0de3bb5317a047a6389fb3568c864e736e956,142318,,target_linked
3832746020,doc_d618b814abe199d8,0001493152-22-004072,8-K,8-K,current_report_body,https://www.sec.gov/Archives/edgar/data/1378140/000149315222004072/form8-k.htm,retrieved,be52553ed5770aefbf930c247f9764e6dcb2c1b83aa899ee3d4f0f864d063e97,4349,,excluded_no_target_link
3832746020,doc_d9155d62a7dd3957,0001493152-22-028878,DEF 14A,GRAPHIC,proxy_statement,https://www.sec.gov/Archives/edgar/data/1378140/000149315222028878/proxy_002.jpg,retrieved,4f70d37adf8e7718aa69532389e1fb8952087c3d187aacf6e8656bb3aa53594e,441739,,excluded_no_target_link
3832746020,doc_e1310de5d8ff89d1,0001493152-22-004072,8-K,,current_report_body,https://www.sec.gov/Archives/edgar/data/1378140/000149315222004072/0001493152-22-004072.txt,retrieved,51beb79c5ccbd86eb28ffdd857a47cb7e1eee36ba09d673b00f3db922556dabb,83917,,excluded_no_target_link
3832746020,doc_e3e03011d829b2e4,0001493152-22-004072,8-K,EX-101.LAB,employment_or_plan,https://www.sec.gov/Archives/edgar/data/1378140/000149315222004072/optt-20220209_lab.xml,retrieved,15d98d814ad28a43945f7e3fa003696d225dea7653c636d8c4f3fef5c95f64ff,34476,,excluded_no_target_link
3832746020,doc_e8d50925c70fddb2,0001493152-22-019745,8-K,,current_report_body,https://www.sec.gov/Archives/edgar/data/1378140/000149315222019745/0001493152-22-019745.txt,retrieved,f4a8eb5ccb0b5f5cdf854e2c3bdb161db8e3dba9f11c1d8fb1fb254567dae88f,86628,,target_linked
3832746020,doc_e961f52e0773acd8,0001493152-22-027733,8-K,EX-101.SCH,employment_or_plan,https://www.sec.gov/Archives/edgar/data/1378140/000149315222027733/optt-20221005.xsd,retrieved,6dfecbace738a04b63ea20aeb790cbe2806a5920dd81115a2cd01299bc0b02f2,3269,,excluded_no_target_link
3832746020,doc_e9b86890c747f251,0001493152-21-031575,8-K,,current_report_body,https://www.sec.gov/Archives/edgar/data/1378140/000149315221031575/0001493152-21-031575.txt,retrieved,08ab16e52ea81f7b63c396b87d7ee0d992591fe9c10a10cd9facc4498bae14bb,225251,,target_linked
3832746020,doc_ec0c653b3cce8a25,0001493152-22-025631,8-K,EX-101.LAB,employment_or_plan,https://www.sec.gov/Archives/edgar/data/1378140/000149315222025631/optt-20220912_lab.xml,retrieved,bceafb1df15eca0c155ea312b31c26f3314bd46591d8efd2ae17e8af2778b8db,34240,,excluded_no_target_link
3832746020,doc_ef9c3f9d65083192,0001493152-22-004072,8-K,EX-101.SCH,employment_or_plan,https://www.sec.gov/Archives/edgar/data/1378140/000149315222004072/optt-20220209.xsd,retrieved,b52ed436d4e5a61f1208eb1fea229774c991c684a559cbe6de12037a85a635a2,3075,,excluded_no_target_link
3832746020,doc_f7746fc43f640179,0001493152-22-027733,8-K,,current_report_body,https://www.sec.gov/Archives/edgar/data/1378140/000149315222027733/0001493152-22-027733.txt,retrieved,217732422b4131e14f42d2299aaec5d5a062a26d0bfa07326848a8500b0ff595,233591,,target_linked
3832746020,doc_fbcd7c0e246e290b,0001493152-21-030659,8-K,EX-101.LAB,employment_or_plan,https://www.sec.gov/Archives/edgar/data/1378140/000149315221030659/optt-20211207_lab.xml,retrieved,47ae9bf5d2f090c803f18b66fade9cd1011121f3e816f2cc83c6d2f155675ecc,34240,,excluded_no_target_link
3832746020,doc_fbea7fa84cf95e2b,0001493152-21-030659,8-K,,current_report_body,https://www.sec.gov/Archives/edgar/data/1378140/000149315221030659/0001493152-21-030659.txt,retrieved,af91e22b4568a83135665cdf43a5110f482c5e256ab3da5f6bb441c566cc39d4,201229,,target_linked
3832746020,doc_fc6ef9c16ac2d187,0001493152-22-019745,8-K,EX-101.PRE,employment_or_plan,https://www.sec.gov/Archives/edgar/data/1378140/000149315222019745/optt-20220718_pre.xml,retrieved,1639ec592965bb419c32c9ebd4ec08e04b2a3c72ebc2eb7efe2e3b99b6a72a1b,22387,,excluded_no_target_link
3844522020,doc_00cdf94eca696834,0001193125-22-273933,8-K,,current_report_body,https://www.sec.gov/Archives/edgar/data/1477333/000119312522273933/0001193125-22-273933.txt,retrieved,beb39cb96189c25e63fc7c0d299cc9cef75b3474787ecab6afe98e5f75f034e9,191345,,excluded_no_target_link
3844522020,doc_03f7d492f8431025,0001477333-22-000047,8-K,EX-101.PRE,employment_or_plan,https://www.sec.gov/Archives/edgar/data/1477333/000147733322000047/cloud-20220804_pre.xml,retrieved,53cdbbfd267db109cef15a9ee3a731c2b81678cf58a43ddec91817c610bc44d3,12598,,excluded_no_target_link
3844522020,doc_11253ce17cb527ba,0001477333-22-000029,8-K,8-K,current_report_body,https://www.sec.gov/Archives/edgar/data/1477333/000147733322000029/cloud-20220505.htm,retrieved,bd4db50613f7dbd3063628de3abd285b6540c2cf2636354da27c8ce7ccd8df3f,4497,,excluded_no_target_link
3844522020,doc_117513af0c56df2b,0001477333-22-000029,8-K,,current_report_body,https://www.sec.gov/Archives/edgar/data/1477333/000147733322000029/0001477333-22-000029.txt,retrieved,e578fc8746c973261ca6fa663a1b7a47f85a7524a40bef17aa07df6c666d5517,212506,,excluded_no_target_link
3844522020,doc_1c1d0c63b92332d3,0001477333-22-000020,DEF 14A,GRAPHIC,proxy_statement,https://www.sec.gov/Archives/edgar/data/1477333/000147733322000020/cloudflareinc_p69242xvsmvxa.jpg,retrieved,b37be094de6629b77c38602ad75e4f2c5cefeef2d389a45369bfdf5b24073031,4098106,,excluded_no_target_link
3844522020,doc_1e1b485f42a3e855,0001193125-22-113153,8-K/A,EX-101.PRE,employment_or_plan,https://www.sec.gov/Archives/edgar/data/1477333/000119312522113153/net-20211222_pre.xml,retrieved,ee3e0a7153d17beb5f79bab07982441b40d814590bc71d2d57edd620199758c2,11265,,excluded_no_target_link
3844522020,doc_28909771b7159a79,0001193125-21-367029,8-K,,current_report_body,https://www.sec.gov/Archives/edgar/data/1477333/000119312521367029/0001193125-21-367029.txt,retrieved,3091c374060b7af9f7ad3ec21e2eef3cb8325a3778cc7d51cbf9f210fbd5f1fe,167506,,excluded_no_target_link
3844522020,doc_2bfcf41bc695834d,0001193125-22-113153,8-K/A,EX-10.1,employment_or_plan,https://www.sec.gov/Archives/edgar/data/1477333/000119312522113153/d300038dex101.htm,retrieved,5ca1f09030098c9b928b1b74fc4bc32739813ef5815d34c064c1269f8bba5199,66914,,excluded_no_target_link
3844522020,doc_2d70b6f5526557d6,0001477333-22-000035,8-K,EX-101.SCH,employment_or_plan,https://www.sec.gov/Archives/edgar/data/1477333/000147733322000035/cloud-20220518.xsd,retrieved,d8d206ed5e35a42f56710877c6311b7820c4a84a8c538ac4a75101dc4eb13347,1996,,excluded_no_target_link
3844522020,doc_2e02b6ac5a73bb99,0001193125-21-367029,8-K,EX-101.PRE,employment_or_plan,https://www.sec.gov/Archives/edgar/data/1477333/000119312521367029/net-20211222_pre.xml,retrieved,5a04bc788937ffa7bfdf4162598211d40f0d2514b5ae82e57fca14723ca574f5,10968,,excluded_no_target_link
3844522020,doc_2f0449f69d6bd536,0001193125-22-113153,8-K/A,EX-101.LAB,employment_or_plan,https://www.sec.gov/Archives/edgar/data/1477333/000119312522113153/net-20211222_lab.xml,retrieved,759192a35724992f03d78b555f1e25137171ea6e32e34397efbbf840e3cba31d,17944,,excluded_no_target_link
3844522020,doc_2fc56d75fb547174,0001477333-22-000020,DEF 14A,,proxy_statement,https://www.sec.gov/Archives/edgar/data/1477333/000147733322000020/0001477333-22-000020.txt,retrieved,bc452593ad7551f0149c7b6abea414bebfbbb883ecb511ff432926a359f6ae85,12422839,,excluded_no_target_link
3844522020,doc_3d38accfcf122ecd,0001477333-22-000020,DEF 14A,GRAPHIC,proxy_statement,https://www.sec.gov/Archives/edgar/data/1477333/000147733322000020/cloudflareinc_p69242xvsmvx.jpg,retrieved,cae1ee8ce6d681a71c14ae4f44c8b0db6f2db0fb5a61c870a277572697e7143b,3307665,,excluded_no_target_link
3844522020,doc_3fb535ae19f1b950,0001477333-22-000047,8-K,EX-101.LAB,employment_or_plan,https://www.sec.gov/Archives/edgar/data/1477333/000147733322000047/cloud-20220804_lab.xml,retrieved,2737e6a052061cd1ac5fda2d34dc3cd41f4ba9b05c424b711980eaa7d74b6452,23832,,excluded_no_target_link
3844522020,doc_406e48815bc34de8,0001477333-22-000039,8-K,,current_report_body,https://www.sec.gov/Archives/edgar/data/1477333/000147733322000039/0001477333-22-000039.txt,retrieved,785adcf67af116e92fe267f7d14743e8f2252e0dfc96290e44f4708e25cd9cdd,57312,,excluded_no_target_link
3844522020,doc_407f07e16b5e7570,0001477333-22-000059,8-K,EX-101.LAB,employment_or_plan,https://www.sec.gov/Archives/edgar/data/1477333/000147733322000059/cloud-20221103_lab.xml,retrieved,cd60a537e6b44793f869b3327192bb76dca6c657bb126f6cc9cc65f865d0c9eb,23832,,excluded_no_target_link
3844522020,doc_449c60a997cbe361,0001193125-22-034540,8-K,8-K,current_report_body,https://www.sec.gov/Archives/edgar/data/1477333/000119312522034540/d243920d8k.htm,retrieved,45a5322147bfff7590221aa6e773edd544840defe85a71efb8acff8cf6ec061c,5217,,excluded_no_target_link
3844522020,doc_47bf88db806eee79,0001477333-22-000035,8-K,,current_report_body,https://www.sec.gov/Archives/edgar/data/1477333/000147733322000035/0001477333-22-000035.txt,retrieved,eb59da2c5975415be3f67db3c6eb254ae81069e1be7495bdf63f0a0fab9b61a3,58254,,excluded_no_target_link
3844522020,doc_4875f97280b34ae0,0001477333-22-000039,8-K,EX-101.SCH,employment_or_plan,https://www.sec.gov/Archives/edgar/data/1477333/000147733322000039/cloud-20220602.xsd,retrieved,54ec6e6fbd5cf836c6da7f60831611cada529f585883e2fc648888ac9dece80c,2008,,excluded_no_target_link
3844522020,doc_48b72640ef377782,0001477333-22-000059,8-K,,current_report_body,https://www.sec.gov/Archives/edgar/data/1477333/000147733322000059/0001477333-22-000059.txt,retrieved,c21491ee2b704711da429297f8b85f28bb152aa4a2e9a4fd944c230d145a515e,223178,,excluded_no_target_link
3844522020,doc_4f6c86291a54ce72,0001193125-22-273933,8-K,XML,current_report_body,https://www.sec.gov/Archives/edgar/data/1477333/000119312522273933/d333233d8k_htm.xml,retrieved,5abe741cc5c864045312d10b4ed05945245118dc0e3ba4c7c2e192102454160b,3432,,excluded_no_target_link
3844522020,doc_538e83d8932bee75,0001477333-22-000059,8-K,EX-99.1,press_release_exhibit,https://www.sec.gov/Archives/edgar/data/1477333/000147733322000059/q322exhibit991.htm,retrieved,84e8481f93ab5c7ef8df2833e9aac22692b1d3420598f44222695cbceaa1205d,36346,,excluded_no_target_link
3844522020,doc_61e6057cc47ad87a,0001477333-22-000039,8-K,XML,current_report_body,https://www.sec.gov/Archives/edgar/data/1477333/000147733322000039/cloud-20220602_htm.xml,retrieved,a4fc985e465b2f9b685e67b60b4438ef4bf1f4c182fa5d69d439f0002a8bd9f3,10947,,excluded_no_target_link
3844522020,doc_6715d1388dedafab,0001477333-22-000059,8-K,EX-101.SCH,employment_or_plan,https://www.sec.gov/Archives/edgar/data/1477333/000147733322000059/cloud-20221103.xsd,retrieved,885236615fd2bb95ddbef65733fee3bbc13ff741ab0aaca7acea8002f13a1064,1996,,excluded_no_target_link
3844522020,doc_6a2becc7b0876b43,0001477333-22-000029,8-K,EX-101.LAB,employment_or_plan,https://www.sec.gov/Archives/edgar/data/1477333/000147733322000029/cloud-20220505_lab.xml,retrieved,521fe3f058a1853c050ca4f3a89e3ad4e18b7cb8f71b8dc8ce7dbed5c8d3bebc,23832,,excluded_no_target_link
3844522020,doc_7038cc62807bb21a,0001193125-22-273933,8-K,8-K,current_report_body,https://www.sec.gov/Archives/edgar/data/1477333/000119312522273933/d333233d8k.htm,retrieved,646b08eb7dc7fdab0d452232892c76d62bee0f54b59b291e95f5ba64938d0a96,5039,,excluded_no_target_link
3844522020,doc_70b803b7c4576e29,0001193125-22-273933,8-K,EX-101.LAB,employment_or_plan,https://www.sec.gov/Archives/edgar/data/1477333/000119312522273933/net-20221026_lab.xml,retrieved,439b2702a4ed1c968e7c22d46e5cbef01413a0bd51e5a9c39133087ee3db5a43,17983,,excluded_no_target_link
3844522020,doc_726fbeb7649b57bd,0001193125-21-367029,8-K,EX-101.LAB,employment_or_plan,https://www.sec.gov/Archives/edgar/data/1477333/000119312521367029/net-20211222_lab.xml,retrieved,4e4b32de0b6fcb737c7e54f3da6d294c4c608a1782c266d54182c4ff1a647bc5,17374,,excluded_no_target_link
3844522020,doc_7291af861fcf1631,0001477333-22-000039,8-K,EX-101.LAB,employment_or_plan,https://www.sec.gov/Archives/edgar/data/1477333/000147733322000039/cloud-20220602_lab.xml,retrieved,9f43065aeee7dddeb9f4fbb095f3e5f3af65ffc06c272445c33ac7f5f5f4eb6c,23970,,excluded_no_target_link
3844522020,doc_75168772e49f0505,0001193125-22-273933,8-K,EX-101.PRE,employment_or_plan,https://www.sec.gov/Archives/edgar/data/1477333/000119312522273933/net-20221026_pre.xml,retrieved,e98daf1b2b41efb9ecd006b3eaf1c86f88320c98d9b7efb04f0600e029fb8fb3,11278,,excluded_no_target_link
3844522020,doc_762eb0708fa2eb54,0001477333-22-000035,8-K,XML,current_report_body,https://www.sec.gov/Archives/edgar/data/1477333/000147733322000035/cloud-20220518_htm.xml,retrieved,01f91fcbdde306a5003f5ba8a4d004722c1737dacbdf75550bfc220de89d2792,10942,,excluded_no_target_link
3844522020,doc_7696695703324bc5,0001477333-22-000029,8-K,EX-99.1,press_release_exhibit,https://www.sec.gov/Archives/edgar/data/1477333/000147733322000029/q122exhibit991.htm,retrieved,11c60b8038fe24087e9f04ce3cd5ced1804a994b7f01f230d4b4a379708807fc,30751,,excluded_no_target_link
3844522020,doc_7b9dd049407fc4d1,0001193125-22-273933,8-K,EX-101.SCH,employment_or_plan,https://www.sec.gov/Archives/edgar/data/1477333/000119312522273933/net-20221026.xsd,retrieved,7342a2cddc1fa7eeb81b8780460df5aac4d093e87684153bf677ff845bc29f46,2883,,excluded_no_target_link
3844522020,doc_852a8a1621a3e444,0001193125-22-034540,8-K,,current_report_body,https://www.sec.gov/Archives/edgar/data/1477333/000119312522034540/0001193125-22-034540.txt,retrieved,f86585f905eb016f9ea3c289ee597983d1813240d3d0531a00fe8cff02188128,140480,,excluded_no_target_link
3844522020,doc_85f6919ac830ee4d,0001477333-22-000047,8-K,8-K,current_report_body,https://www.sec.gov/Archives/edgar/data/1477333/000147733322000047/cloud-20220804.htm,retrieved,ec4bc040a48ee2a2ad8ec360351b4e3cd2e3facaad3db08884f0b8af0ee86302,4575,,excluded_no_target_link
3844522020,doc_8a278a36e69d8a43,0001477333-22-000059,8-K,8-K,current_report_body,https://www.sec.gov/Archives/edgar/data/1477333/000147733322000059/cloud-20221103.htm,retrieved,762e7b22430d6a614ff314fc0fe6bfc9130d35680aa817f0f9a2618cc98cd5bd,4590,,excluded_no_target_link
3844522020,doc_8bf74d3a4dfb0487,0001477333-22-000029,8-K,EX-101.PRE,employment_or_plan,https://www.sec.gov/Archives/edgar/data/1477333/000147733322000029/cloud-20220505_pre.xml,retrieved,3165f15dfcd5d191b3fb190079ea6aa8412c84dc3da86eb888c4391f488f87a7,12598,,excluded_no_target_link
3844522020,doc_8d3ce5607dd89e9d,0001477333-22-000035,8-K,8-K,current_report_body,https://www.sec.gov/Archives/edgar/data/1477333/000147733322000035/cloud-20220518.htm,retrieved,b939620c414cea75800c8c7adb0312a409af06d5a831bdc38da7ec392ede0f48,5496,,excluded_no_target_link
3844522020,doc_9637c579bf1220df,0001477333-22-000047,8-K,EX-99.1,press_release_exhibit,https://www.sec.gov/Archives/edgar/data/1477333/000147733322000047/q222exhibit991.htm,retrieved,7774d7a833552ff95755c9e1a242a3499ae044e90b9f3a8670bd42e8b6d31155,33552,,excluded_no_target_link
3844522020,doc_9e21ed2f866d48cf,0001477333-22-000035,8-K,EX-101.PRE,employment_or_plan,https://www.sec.gov/Archives/edgar/data/1477333/000147733322000035/cloud-20220518_pre.xml,retrieved,d1c4ba7913bd6db59006f64747a109fe63e8c04b231bdb46683dbb724de08a43,12598,,excluded_no_target_link
3844522020,doc_9ec9940160a38099,0001193125-21-367029,8-K,8-K,current_report_body,https://www.sec.gov/Archives/edgar/data/1477333/000119312521367029/d239536d8k.htm,retrieved,3706859cc32a1d9b2d768fb55a36db883c8b17d81d94e02ac88d4636e332a25d,15879,,excluded_no_target_link
3844522020,doc_a75bbcac7527f6ad,0001477333-22-000020,DEF 14A,GRAPHIC,proxy_statement,https://www.sec.gov/Archives/edgar/data/1477333/000147733322000020/g01o23.jpg,retrieved,e77f0263e2ba1a54be6d05b3474f14731cedceaa4e2bb0281cb31b1fdb7e0108,204203,,excluded_no_target_link
3844522020,doc_a9b6ce03f21e72df,0001477333-22-000035,8-K,EX-101.LAB,employment_or_plan,https://www.sec.gov/Archives/edgar/data/1477333/000147733322000035/cloud-20220518_lab.xml,retrieved,1be94106b80a78f8fc134df8abcabb32b833febb754695cf56dbdc30039f7b95,23832,,excluded_no_target_link
3844522020,doc_af10d1f6f7eec151,0001193125-22-034540,8-K,EX-101.SCH,employment_or_plan,https://www.sec.gov/Archives/edgar/data/1477333/000119312522034540/net-20220210.xsd,retrieved,89316de0db883826c793966cd5836f0ecb5c15c43f5b1b03897d8fad89e7f40a,2881,,excluded_no_target_link
3844522020,doc_b712cf0bba4bef98,0001477333-22-000039,8-K,8-K,current_report_body,https://www.sec.gov/Archives/edgar/data/1477333/000147733322000039/cloud-20220602.htm,retrieved,2c8f7dccdba6a1ce44f6d8861c2101fa556667200a6065a3410e6b9e26389fb6,4836,,excluded_no_target_link
3844522020,doc_bd76862573efb979,0001193125-22-113153,8-K/A,,current_report_body,https://www.sec.gov/Archives/edgar/data/1477333/000119312522113153/0001193125-22-113153.txt,retrieved,fcc0f6c2f1e646adf8a1d10c367bac1cc53f250e4e965d0a9eab5b9e7a476eac,156697,,excluded_no_target_link
3844522020,doc_bf025901715dbc24,0001477333-22-000059,8-K,EX-101.PRE,employment_or_plan,https://www.sec.gov/Archives/edgar/data/1477333/000147733322000059/cloud-20221103_pre.xml,retrieved,ee0311096369320086455394d93c9618be55181fd96ab82bae16a454d2eaddaf,12598,,excluded_no_target_link
3844522020,doc_c175c606caf6e56d,0001477333-22-000039,8-K,EX-101.PRE,employment_or_plan,https://www.sec.gov/Archives/edgar/data/1477333/000147733322000039/cloud-20220602_pre.xml,retrieved,3283e4cd7a5c49a559b6adb7cf42168922a45a7eb61ceba20db202332ff5f6e0,12736,,excluded_no_target_link
3844522020,doc_cc8c5fd835abbba0,0001477333-22-000029,8-K,EX-101.SCH,employment_or_plan,https://www.sec.gov/Archives/edgar/data/1477333/000147733322000029/cloud-20220505.xsd,retrieved,d1ce1cdb5ce634e6bb385aef18c0327914a849c9080bd5832af50afaa1d11b4f,1996,,excluded_no_target_link
3844522020,doc_d041f4fa94659d5f,0001477333-22-000047,8-K,,current_report_body,https://www.sec.gov/Archives/edgar/data/1477333/000147733322000047/0001477333-22-000047.txt,retrieved,4715101c2a3bb9ef6744644755e6a55ed91876650049a2632672578d708ce9ff,218967,,excluded_no_target_link
3844522020,doc_dad06b8c9b821630,0001477333-22-000020,DEF 14A,GRAPHIC,proxy_statement,https://www.sec.gov/Archives/edgar/data/1477333/000147733322000020/cf-logoxhxrgb1.jpg,retrieved,ee531d57d797a7bdab1ba7e22de04fa9f93b920eb69a151d8d1882702933bf24,36255,,excluded_no_target_link
3844522020,doc_e64d105ee4cc922f,0001193125-22-034540,8-K,EX-101.PRE,employment_or_plan,https://www.sec.gov/Archives/edgar/data/1477333/000119312522034540/net-20220210_pre.xml,retrieved,e1ed64afb884bd55789e0e8e5056d2231e3f6aba12dc6c866bed8ba75c156706,10830,,excluded_no_target_link
3844522020,doc_e8d352ed59717985,0001193125-22-034540,8-K,EX-99.1,press_release_exhibit,https://www.sec.gov/Archives/edgar/data/1477333/000119312522034540/d243920dex991.htm,retrieved,a9037c9e7e4c5451835880b4cc2fb9ae7cc2372fdf7dfce9c2c38c5e61c99efe,51424,,excluded_no_target_link
3844522020,doc_ed2c7a8c56300854,0001477333-22-000047,8-K,EX-101.SCH,employment_or_plan,https://www.sec.gov/Archives/edgar/data/1477333/000147733322000047/cloud-20220804.xsd,retrieved,14094d60eb6e41ff0a6597c4af0870e698195d172b2c7f7ab27372f6a6d3fd33,1996,,excluded_no_target_link
3844522020,doc_ee67e2dc8c1dcbd8,0001193125-22-113153,8-K/A,8-K/A,current_report_body,https://www.sec.gov/Archives/edgar/data/1477333/000119312522113153/d300038d8ka.htm,retrieved,31d020b58e1b540c7eb0e93577d384054e40cee45eed9ad374d97bee0a5509df,7292,,excluded_no_target_link
3844522020,doc_f5a4384d9726af95,0001193125-22-034540,8-K,EX-101.LAB,employment_or_plan,https://www.sec.gov/Archives/edgar/data/1477333/000119312522034540/net-20220210_lab.xml,retrieved,9ed674929e592b32a895066a35eafdbd0b2d20f162aab141f6a1fe360a8dd406,17236,,excluded_no_target_link
3844522020,doc_f8343e21e53b538b,0001193125-21-367029,8-K,EX-10.1,employment_or_plan,https://www.sec.gov/Archives/edgar/data/1477333/000119312521367029/d239536dex101.htm,retrieved,54eea689bc5331503ce8c5a5b09b3a23faa04224612fbd08cc7db2a99ff57709,66374,,excluded_no_target_link
3844522020,doc_f993d2f13ffe0283,0001193125-21-367029,8-K,EX-101.SCH,employment_or_plan,https://www.sec.gov/Archives/edgar/data/1477333/000119312521367029/net-20211222.xsd,retrieved,ac1eeb9f8318a49f5c93029cffa18cc951c84c5b96da140114f9cba60ed78e33,2913,,excluded_no_target_link
3844522020,doc_fb1e7930ad6162e6,0001193125-22-113153,8-K/A,EX-101.SCH,employment_or_plan,https://www.sec.gov/Archives/edgar/data/1477333/000119312522113153/net-20211222.xsd,retrieved,ac75249d42b0933994ced4b9e2691c3d279b50bc3897005d17a2df2ab37924e5,2882,,excluded_no_target_link
3844522020,doc_fe1c416b78eaf850,0001477333-22-000020,DEF 14A,DEF 14A,proxy_statement,https://www.sec.gov/Archives/edgar/data/1477333/000147733322000020/net-def14adefinitiveproxy2.htm,retrieved,80b35c4e75885921171db644cfa08a2ae3222bc71d4f027bcda9a94cce042079,352464,,excluded_no_target_link
3844957040,supp_94313847608c4476,,OFFICIAL-SOURCE,official_company_announcement,official_announcement,https://fieldin.com/blog/fieldin-wins-agriculture-robotics-solution-of-the-year-2023/,retrieved,0c3b977dea6ea243a01142f1a5edda40727c2c3c9adf456b733ff2d67aed54a2,6185,,target_linked
3884762020,doc_002f679e81c1d0a4,0001104659-22-085217,8-K,,current_report_body,https://www.sec.gov/Archives/edgar/data/831641/000110465922085217/0001104659-22-085217.txt,retrieved,1c5715c6a41af76d42637d30a488a2eaab9e7d388367067dd5c7ebf44b792067,144646,,excluded_no_target_link
3884762020,doc_00795fb89aa71d4e,0001104659-22-025683,8-K,EX-99.1,press_release_exhibit,https://www.sec.gov/Archives/edgar/data/831641/000110465922025683/tm227254d2_ex99-1.htm,retrieved,9b89d42f5d930e1e5c1a85aa8c80572cb01e7d907e34e17580779085b82319fa,4036,,excluded_no_target_link
3884762020,doc_00c3c30492d86c66,0001104659-22-102772,8-K,EX-10.1,employment_or_plan,https://www.sec.gov/Archives/edgar/data/831641/000110465922102772/tm2226569d1_ex10-1.htm,retrieved,2ac3f847b57ac44ae3fae7a858df4daf85851fff5b5d551fddd12a54ee5e420d,436731,,excluded_no_target_link
3884762020,doc_00f883de37490e92,0001104659-22-102772,8-K,EX-99.1,press_release_exhibit,https://www.sec.gov/Archives/edgar/data/831641/000110465922102772/tm2226569d1_ex99-1.htm,retrieved,b3257739a794fc3b8d4ae603d4ceabe55a802fcab985bd741f921be9952facd6,203101,,excluded_no_target_link
3884762020,doc_03ef86db7799e13b,0001104659-22-030582,8-K,XML,current_report_body,https://www.sec.gov/Archives/edgar/data/831641/000110465922030582/tm228250d1_8k_htm.xml,retrieved,1537493a3da0d8f63630502e784750819e1be43f67b19131cbf593062238a1c9,3478,,excluded_no_target_link
3884762020,doc_06d4fbb370d6996e,0001104659-22-085654,8-K,EX-101.PRE,employment_or_plan,https://www.sec.gov/Archives/edgar/data/831641/000110465922085654/ttek-20220803_pre.xml,retrieved,2e36678c574e20cd093216a4348cc1148497267c8b9efcd7389ea994ea20c685,22597,,excluded_no_target_link
3884762020,doc_0bf0dbb98b6274ef,0001104659-22-085654,8-K,EX-101.LAB,employment_or_plan,https://www.sec.gov/Archives/edgar/data/831641/000110465922085654/ttek-20220803_lab.xml,retrieved,e758a463eb9f5870302cb81b611601263604afe29d9e2ee99b9bbeb4774fb875,34476,,excluded_no_target_link
3884762020,doc_0faf70bd42fc2a1f,0001104659-22-107222,8-K,8-K,current_report_body,https://www.sec.gov/Archives/edgar/data/831641/000110465922107222/tm2227840d1_8k.htm,retrieved,0ca109ecf1c4e93c604598447b8db1ec1498ac2a70e7e827981cfb1334a4a62c,6940,,excluded_no_target_link
3884762020,doc_113e67e660974097,0001104659-22-025417,8-K,EX-99.1,press_release_exhibit,https://www.sec.gov/Archives/edgar/data/831641/000110465922025417/tm227254d1_ex99-1.htm,retrieved,8ce7c88c7c0ebd375020b05f0568aefd5a97e2f48396e0d2377a548dd3730a6c,4398,,excluded_no_target_link
3884762020,doc_13fcf7606a126d5f,0001104659-22-030582,8-K,EX-101.LAB,employment_or_plan,https://www.sec.gov/Archives/edgar/data/831641/000110465922030582/ttek-20220301_lab.xml,retrieved,a2561856e20d483fb6cc5cd8973ca800a5f0d469be0d37c7e18040b53f7b571a,34476,,excluded_no_target_link
3884762020,doc_17f0762693f38b31,0001104659-22-085217,8-K,EX-101.SCH,employment_or_plan,https://www.sec.gov/Archives/edgar/data/831641/000110465922085217/ttek-20220802.xsd,retrieved,9042ad4e4636c90ee79033d4768696b074ed7f62257fcc8b4e7f6446b49e4283,3036,,excluded_no_target_link
3884762020,doc_21826dfae2c49198,0001104659-22-085217,8-K,EX-101.LAB,employment_or_plan,https://www.sec.gov/Archives/edgar/data/831641/000110465922085217/ttek-20220802_lab.xml,retrieved,e758a463eb9f5870302cb81b611601263604afe29d9e2ee99b9bbeb4774fb875,34476,,excluded_no_target_link
3884762020,doc_22e2f06c56864be6,0001104659-22-116502,8-K,,current_report_body,https://www.sec.gov/Archives/edgar/data/831641/000110465922116502/0001104659-22-116502.txt,retrieved,175f46b0c86bd3224b1d33204ddbed12b4283a7ad59d06ab2fd905f235d10b55,138135,,excluded_no_target_link
3884762020,doc_292c32a83f22d7ae,0001104659-22-114455,8-K,EX-101.LAB,employment_or_plan,https://www.sec.gov/Archives/edgar/data/831641/000110465922114455/ttek-20221103_lab.xml,retrieved,4ed8b0bd7fc27865833bb9359a3342c7d8195c229d8639c6521b65d5aaf8959c,34476,,excluded_no_target_link
3884762020,doc_2a64aae6cb023b2b,0001104659-22-025683,8-K,EX-101.LAB,employment_or_plan,https://www.sec.gov/Archives/edgar/data/831641/000110465922025683/ttek-20220222_lab.xml,retrieved,15d98d814ad28a43945f7e3fa003696d225dea7653c636d8c4f3fef5c95f64ff,34476,,excluded_no_target_link
3884762020,doc_2ac992bab23f92c2,0001104659-22-108090,8-K,,current_report_body,https://www.sec.gov/Archives/edgar/data/831641/000110465922108090/0001104659-22-108090.txt,retrieved,264c7f1fd4cccecfd240d4eecc3a09aa747fbb172849956eb0e0f2a1cc590db6,716881,,excluded_no_target_link
3884762020,doc_3080704e3845b9ae,0001104659-22-055917,8-K,8-K,current_report_body,https://www.sec.gov/Archives/edgar/data/831641/000110465922055917/tm2214471d1_8k.htm,retrieved,4140fea5c3ce18409c251019d02441fedcdb67b2d52cd94145a4a02044dcafee,4402,,excluded_no_target_link
3884762020,doc_3169c70e13380cb0,0001104659-22-025417,8-K,EX-101.PRE,employment_or_plan,https://www.sec.gov/Archives/edgar/data/831641/000110465922025417/ttek-20220218_pre.xml,retrieved,f97b42bfb40d2f289f26c1c93f4159960abd7d5274969e45fa55f1ef5d2732c8,22597,,excluded_no_target_link
3884762020,doc_3449213f2cd92874,0001104659-22-025683,8-K,,current_report_body,https://www.sec.gov/Archives/edgar/data/831641/000110465922025683/0001104659-22-025683.txt,retrieved,5ed44239a01e55e60be854d3031a5b7f5ebb4f962b29fa1fea51e5070f033e79,92673,,excluded_no_target_link
3884762020,doc_356bfda4128975d9,0001104659-22-108090,8-K,EX-101.LAB,employment_or_plan,https://www.sec.gov/Archives/edgar/data/831641/000110465922108090/ttek-20221011_lab.xml,retrieved,4ed8b0bd7fc27865833bb9359a3342c7d8195c229d8639c6521b65d5aaf8959c,34476,,excluded_no_target_link
3884762020,doc_378be1b2bd0db8a4,0001104659-22-116502,8-K,EX-101.SCH,employment_or_plan,https://www.sec.gov/Archives/edgar/data/831641/000110465922116502/ttek-20221109.xsd,retrieved,2b95689893d85f8de9231b891928dcf2ad83709274b8b35220be7f908acb9110,3036,,excluded_no_target_link
3884762020,doc_39f3a7cdaa847db7,0001104659-22-025683,8-K,EX-101.PRE,employment_or_plan,https://www.sec.gov/Archives/edgar/data/831641/000110465922025683/ttek-20220222_pre.xml,retrieved,b393440926c0396b295cba4d617523608f852591512f531a3a38988402c74d15,22597,,excluded_no_target_link
3884762020,doc_3d634e9a095deb2b,0001104659-22-112095,8-K,EX-10.1,employment_or_plan,https://www.sec.gov/Archives/edgar/data/831641/000110465922112095/tm2228964d1_ex10-1.htm,retrieved,a746fc3b8ba6fbaa5b16e5235c8111f44e144cc07f140ac77ace97337b8e05a3,633538,,excluded_no_target_link
3884762020,doc_447fdbc2c1246ef8,0001104659-22-030582,8-K,,current_report_body,https://www.sec.gov/Archives/edgar/data/831641/000110465922030582/0001104659-22-030582.txt,retrieved,211462e8f9a6efcbb6e57523c224fb5e2aedbc5355a749d81e4279fcd422328a,80575,,excluded_no_target_link
3884762020,doc_45267ab3553ac4ae,0001104659-22-116502,8-K,EX-99.1,press_release_exhibit,https://www.sec.gov/Archives/edgar/data/831641/000110465922116502/tm2230107d1_ex99-1.htm,retrieved,1f64757404dd8b19e7bcef0266e6038713803b5d6f2e7b256bb3a63b6df9cc1e,33133,,excluded_no_target_link
3884762020,doc_4897deaced126c9f,0001104659-22-085654,8-K,EX-101.SCH,employment_or_plan,https://www.sec.gov/Archives/edgar/data/831641/000110465922085654/ttek-20220803.xsd,retrieved,32854c6218820f7ad940c7e333c917403d8b287954afc70034ba58cc90c2e7df,3036,,excluded_no_target_link
3884762020,doc_5005ded5cdacb35d,0001104659-22-085217,8-K,8-K,current_report_body,https://www.sec.gov/Archives/edgar/data/831641/000110465922085217/tm2222395d1_8k.htm,retrieved,ec2d7c4ea51a28eaa2341c994f6394a60e7a8abce8c7ad5c7f2af7e967762e87,4811,,excluded_no_target_link
3884762020,doc_505cab55c1fad1bb,0001104659-22-085217,8-K,EX-99.1,press_release_exhibit,https://www.sec.gov/Archives/edgar/data/831641/000110465922085217/tm2222395d1_ex99-1.htm,retrieved,1f624ba878e8b0fa90dab6dbe3cf651bbe0768803e8e664814f811db2b5d5c34,4551,,excluded_no_target_link
3884762020,doc_5305bd79de38fe8c,0001104659-22-108090,8-K,8-K,current_report_body,https://www.sec.gov/Archives/edgar/data/831641/000110465922108090/tm2228025d1_8k.htm,retrieved,c17fbccb7deeb633d8ceaf25fee8840dcc3a50555d2d74eb1cc63b3d944f906c,4181,,excluded_no_target_link
3884762020,doc_53fe9bede784aa03,0001104659-22-116502,8-K,EX-101.PRE,employment_or_plan,https://www.sec.gov/Archives/edgar/data/831641/000110465922116502/ttek-20221109_pre.xml,retrieved,7f3c1a557e5f3f6302304554fe7e112c4cfbf905a0fc56377392fdb6e5438a8c,22597,,excluded_no_target_link
3884762020,doc_541e994329e5d7ae,0001104659-22-108090,8-K,EX-101.SCH,employment_or_plan,https://www.sec.gov/Archives/edgar/data/831641/000110465922108090/ttek-20221011.xsd,retrieved,dc5be40bc8e8fa00adc076507af974d60dc21a6a91998e2627d6c8b874ac2d81,3036,,excluded_no_target_link
3884762020,doc_576b69ac2794b582,0001104659-22-108090,8-K,EX-101.PRE,employment_or_plan,https://www.sec.gov/Archives/edgar/data/831641/000110465922108090/ttek-20221011_pre.xml,retrieved,d55e6ac806ddb399da976da00ccae949563a03e9a075f13c6c227ae285225008,22597,,excluded_no_target_link
3884762020,doc_5b640bfaf5b24d7d,0001104659-22-030582,8-K,EX-101.SCH,employment_or_plan,https://www.sec.gov/Archives/edgar/data/831641/000110465922030582/ttek-20220301.xsd,retrieved,d75a1be22d8d01f2023fab7c034ae867298c6b123889a7c78ef3b1240e42e231,3036,,excluded_no_target_link
3884762020,doc_68bdf0ed76b2262b,0001104659-22-107222,8-K,EX-10.1,employment_or_plan,https://www.sec.gov/Archives/edgar/data/831641/000110465922107222/tm2227840d1_ex10-1.htm,retrieved,a817764beb793d3761f35da7a62d6443852ac6ae8e1db9bfeac0be217e35e7c4,638939,,excluded_no_target_link
3884762020,doc_6a9b5e8cd36c228d,0001104659-22-107222,8-K,EX-101.SCH,employment_or_plan,https://www.sec.gov/Archives/edgar/data/831641/000110465922107222/ttek-20221007.xsd,retrieved,b47ee3cbdfa75c8a828f044ea9368410679fef2d83dec23fb67c253a1d0d2d08,3036,,excluded_no_target_link
3884762020,doc_6ec15aa7a10914ff,0001104659-22-114455,8-K,EX-101.SCH,employment_or_plan,https://www.sec.gov/Archives/edgar/data/831641/000110465922114455/ttek-20221103.xsd,retrieved,683bae193078deaaef704640341aae09e4de9ad4d329cc569454cfade58d21da,3036,,excluded_no_target_link
3884762020,doc_702a18871cb7a2bb,0001104659-22-030582,8-K,8-K,current_report_body,https://www.sec.gov/Archives/edgar/data/831641/000110465922030582/tm228250d1_8k.htm,retrieved,816886ff6b9ae2caf3d08174cf7236fe0937a67e43e7077d91095a7172caefa9,4718,,excluded_no_target_link
3884762020,doc_727afbc980d7c65b,0001104659-22-085654,8-K,EX-99.1,press_release_exhibit,https://www.sec.gov/Archives/edgar/data/831641/000110465922085654/tm2222447d1_ex99-1.htm,retrieved,d68028e96879c475d54f9205b33dcc35a001dba57ff9e87702b9a47b4bc38a15,29370,,excluded_no_target_link
3884762020,doc_72b515a85c6c492a,0001104659-22-107222,8-K,EX-101.LAB,employment_or_plan,https://www.sec.gov/Archives/edgar/data/831641/000110465922107222/ttek-20221007_lab.xml,retrieved,4ed8b0bd7fc27865833bb9359a3342c7d8195c229d8639c6521b65d5aaf8959c,34476,,excluded_no_target_link
3884762020,doc_76721f3e85292287,0001104659-22-085654,8-K,,current_report_body,https://www.sec.gov/Archives/edgar/data/831641/000110465922085654/0001104659-22-085654.txt,retrieved,c058c4bcc8386a4d581542ec621be1f941dd8e2a5d3d66d8e8e507027f133a51,133746,,excluded_no_target_link
3884762020,doc_7c3856a1510e18b4,0001104659-22-025683,8-K,8-K,current_report_body,https://www.sec.gov/Archives/edgar/data/831641/000110465922025683/tm227254d2_8k.htm,retrieved,e168870f0798fb5ec2526f171cd1ecc2edb9f2bd1fd141ca10041e1e3a294393,5664,,excluded_no_target_link
3884762020,doc_7e8295436eb6bd5c,0001104659-22-055917,8-K,EX-99.1,press_release_exhibit,https://www.sec.gov/Archives/edgar/data/831641/000110465922055917/tm2214471d1_ex99-1.htm,retrieved,5536bf3ea1de3b5c599008afb0554fb187daa351a3b4c36dbfc8ebf04d851413,28857,,target_linked
3884762020,doc_7e9d33818cdc01ce,0001104659-22-114455,8-K,EX-101.PRE,employment_or_plan,https://www.sec.gov/Archives/edgar/data/831641/000110465922114455/ttek-20221103_pre.xml,retrieved,e7ed9b4c8c6a411537c16b7d8b9cbaac1fe6b6313c153a17c7fb55053b6745ee,22597,,excluded_no_target_link
3884762020,doc_844ab563c8df5fa4,0001104659-22-030582,8-K,EX-101.PRE,employment_or_plan,https://www.sec.gov/Archives/edgar/data/831641/000110465922030582/ttek-20220301_pre.xml,retrieved,d40c155e1d9f5b480f1d779fb881a6f008d682e1808fdc3d1fd97c91acbc2e1c,22597,,excluded_no_target_link
3884762020,doc_88a32f55ebaa8a37,0001104659-22-085217,8-K,EX-101.PRE,employment_or_plan,https://www.sec.gov/Archives/edgar/data/831641/000110465922085217/ttek-20220802_pre.xml,retrieved,d0a84104f6670e1c12e58e6ff9ce4fedf045200d77228747bf5e49a3ce56d881,22597,,excluded_no_target_link
3884762020,doc_89357bb6d4a6bff2,0001104659-22-112095,8-K,EX-101.LAB,employment_or_plan,https://www.sec.gov/Archives/edgar/data/831641/000110465922112095/ttek-20221026_lab.xml,retrieved,4ed8b0bd7fc27865833bb9359a3342c7d8195c229d8639c6521b65d5aaf8959c,34476,,excluded_no_target_link
3884762020,doc_8aa8fff297fd0d79,0001104659-22-107222,8-K,,current_report_body,https://www.sec.gov/Archives/edgar/data/831641/000110465922107222/0001104659-22-107222.txt,retrieved,83ffdfdae48a433014191de7ef47a260c964233a34da29c2c50f7bbd6fed393c,989023,,excluded_no_target_link
3884762020,doc_92cbdeb5119456a2,0001104659-22-108090,8-K,EX-99.1,press_release_exhibit,https://www.sec.gov/Archives/edgar/data/831641/000110465922108090/tm2228025d1_ex99-1.htm,retrieved,5c54918cb1287ec46ebeebd65fb6ab44a88f3322715cbd3d22f255026cb44f82,453573,,excluded_no_target_link
3884762020,doc_92f3d625c02601f9,0001104659-22-085654,8-K,8-K,current_report_body,https://www.sec.gov/Archives/edgar/data/831641/000110465922085654/tm2222447d1_8k.htm,retrieved,97f5300eb705abe6df6efff6b24a2a6f193fe2eac202f35288e953c9b8a3666f,4066,,excluded_no_target_link
3884762020,doc_97c6f55b640d3ec8,0001104659-22-112095,8-K,EX-101.PRE,employment_or_plan,https://www.sec.gov/Archives/edgar/data/831641/000110465922112095/ttek-20221026_pre.xml,retrieved,81213a67020837f799b3efe4b68e30cf990e5c6c72ee64aadcf5e77d79bcf697,22597,,excluded_no_target_link
3884762020,doc_995734e302c56a99,0001104659-22-025417,8-K,EX-10.1,employment_or_plan,https://www.sec.gov/Archives/edgar/data/831641/000110465922025417/tm227254d1_ex10-1.htm,retrieved,6185e5b34209ba7afd15bdbc88a570b76f4ce7a16e5ee385dc38b8df4239a0f2,594854,,excluded_no_target_link
3884762020,doc_9b8798886f10fab5,0001104659-22-055917,8-K,,current_report_body,https://www.sec.gov/Archives/edgar/data/831641/000110465922055917/0001104659-22-055917.txt,retrieved,c9b5155cf23f059200d36472ae109df47db2334bc5569ec3e312df860b8a634b,131539,,target_linked
3884762020,doc_9c6ecd607ee31cab,0001104659-22-112095,8-K,EX-101.SCH,employment_or_plan,https://www.sec.gov/Archives/edgar/data/831641/000110465922112095/ttek-20221026.xsd,retrieved,f819c0293047e3ee11470e61b40f7ac8691788cc22d72776e3fbdffa6953dd3b,3036,,excluded_no_target_link
3884762020,doc_9c8696349fd16cab,0001104659-22-025417,8-K,8-K,current_report_body,https://www.sec.gov/Archives/edgar/data/831641/000110465922025417/tm227254d1_8k.htm,retrieved,26ef01e58424f320606f8dc5d56d763f275038e90456917fc4131e24d409a5e7,7154,,excluded_no_target_link
3884762020,doc_a63c5334c8ad03fc,0001104659-22-116502,8-K,8-K,current_report_body,https://www.sec.gov/Archives/edgar/data/831641/000110465922116502/tm2230107d1_8k.htm,retrieved,44180f52ef482dcc613fccec8c395b03e600fb8903199c8dd8d2beaed19073d5,4119,,excluded_no_target_link
3884762020,doc_a64a5b5063c4b2e7,0001104659-22-102772,8-K,EX-99.2,press_release_exhibit,https://www.sec.gov/Archives/edgar/data/831641/000110465922102772/tm2226569d1_ex99-2.htm,retrieved,6f8b02376a11dbe31a433eb8f179cb2826efb620a2e17b0c590a5f8ca3ce1ad0,119792,,excluded_no_target_link
3884762020,doc_a9247f1cd1dfb947,0001104659-22-102772,8-K,EX-101.SCH,employment_or_plan,https://www.sec.gov/Archives/edgar/data/831641/000110465922102772/ttek-20220923.xsd,retrieved,518a535199989a0b6c53abdd9df84f915f654307b68fe4dee2fc51e416e14efe,3036,,excluded_no_target_link
3884762020,doc_ae3d5666c1506e71,0001104659-22-025417,8-K,EX-101.LAB,employment_or_plan,https://www.sec.gov/Archives/edgar/data/831641/000110465922025417/ttek-20220218_lab.xml,retrieved,15d98d814ad28a43945f7e3fa003696d225dea7653c636d8c4f3fef5c95f64ff,34476,,excluded_no_target_link
3884762020,doc_c5ad6478bf8b4c49,0001104659-22-114455,8-K,EX-99.1,press_release_exhibit,https://www.sec.gov/Archives/edgar/data/831641/000110465922114455/tm2229669d1_ex99-1.htm,retrieved,83cedcddd26506b49f680d8fb2941c6f1b4fff509ccea616038f767849e23b68,38394,,excluded_no_target_link
3884762020,doc_c945e39c97ad6848,0001104659-22-025683,8-K,EX-101.SCH,employment_or_plan,https://www.sec.gov/Archives/edgar/data/831641/000110465922025683/ttek-20220222.xsd,retrieved,c956bef1ced8138c1c463eff12ac8fac0277f9f0df2c4a9711bfe6fc686db2b1,3036,,excluded_no_target_link
3884762020,doc_ca2c6fac233d82ef,0001104659-22-055917,8-K,EX-101.SCH,employment_or_plan,https://www.sec.gov/Archives/edgar/data/831641/000110465922055917/ttek-20220504.xsd,retrieved,284622b25cf7aca978b2ce67643509f333ce553044cd550b199732afdb5e54b0,3036,,excluded_no_target_link
3884762020,doc_d11ddfb100d16ba0,0001104659-22-025417,8-K,EX-101.SCH,employment_or_plan,https://www.sec.gov/Archives/edgar/data/831641/000110465922025417/ttek-20220218.xsd,retrieved,0a58e68942e9748814015b8d2d35676a6ce1994bda72effa3686325ae35e1183,3036,,excluded_no_target_link
3884762020,doc_d12de71bf6cd5bfe,0001104659-22-112095,8-K,8-K,current_report_body,https://www.sec.gov/Archives/edgar/data/831641/000110465922112095/tm2228964d1_8k.htm,retrieved,732062fc0c9b234935c5bc31973541e44dbafe77fb837680846a9db92aacaf07,10216,,excluded_no_target_link
3884762020,doc_d3be7894a69020b9,0001104659-22-055917,8-K,EX-101.LAB,employment_or_plan,https://www.sec.gov/Archives/edgar/data/831641/000110465922055917/ttek-20220504_lab.xml,retrieved,c641661e0c9ef1f2975a3b9e1374fdee79e58a76c1496203b7af166def9a2e67,34476,,excluded_no_target_link
3884762020,doc_dce7c5926bf1a1d5,0001104659-22-102772,8-K,EX-101.LAB,employment_or_plan,https://www.sec.gov/Archives/edgar/data/831641/000110465922102772/ttek-20220923_lab.xml,retrieved,db5b2cc25190e9c16dcd447b10604e78e30083f857537eb6ee4c7c5b87895513,34476,,excluded_no_target_link
3884762020,doc_de5366b3f5aa9150,0001104659-22-107222,8-K,EX-101.PRE,employment_or_plan,https://www.sec.gov/Archives/edgar/data/831641/000110465922107222/ttek-20221007_pre.xml,retrieved,4fabff1aea122cf41acce82d22da31ed30dabfe08117ae14b31c7710a729c327,22597,,excluded_no_target_link
3884762020,doc_ea8f0dcaacc20623,0001104659-22-114455,8-K,8-K,current_report_body,https://www.sec.gov/Archives/edgar/data/831641/000110465922114455/tm2229669d1_8k.htm,retrieved,3a8ad03237ec14a3d2ac46f0fc32ef209a42fe1ab05bc7297432edbbbcdf661c,4577,,excluded_no_target_link
3884762020,doc_ec7c79e0d9d56410,0001104659-22-055917,8-K,EX-101.PRE,employment_or_plan,https://www.sec.gov/Archives/edgar/data/831641/000110465922055917/ttek-20220504_pre.xml,retrieved,067643b2a823afcecccff7fa62d1982cb36b4b2061769301bce4f6471852186b,22597,,excluded_no_target_link
3884762020,doc_f1b1316be09d19c8,0001104659-22-114455,8-K,,current_report_body,https://www.sec.gov/Archives/edgar/data/831641/000110465922114455/0001104659-22-114455.txt,retrieved,e8a4cf48195cc107e0df3469ebc35e9726e39cdb8433cc3ce9121a335f9c3ce8,137981,,excluded_no_target_link
3884762020,doc_f840226b5b1b1b67,0001104659-22-112095,8-K,,current_report_body,https://www.sec.gov/Archives/edgar/data/831641/000110465922112095/0001104659-22-112095.txt,retrieved,15f95a85ab5205cafec51593f9bbfd22498b45b8ff776246e1e2633766c9ac03,971386,,excluded_no_target_link
3884762020,doc_fd647edf18b2c7c7,0001104659-22-116502,8-K,EX-101.LAB,employment_or_plan,https://www.sec.gov/Archives/edgar/data/831641/000110465922116502/ttek-20221109_lab.xml,retrieved,e513049be1b430854a0ea04e0a11955ca8de8ae861d24bf08a003aa264908b08,34476,,excluded_no_target_link
3884762020,doc_ffce172a431e6d95,0001104659-22-102772,8-K,EX-99.3,press_release_exhibit,https://www.sec.gov/Archives/edgar/data/831641/000110465922102772/tm2226569d1_ex99-3.htm,retrieved,e5e2e088f40d3fdfa5fea9459989a5a7b0a5d5767e2470ec7d229af1b31d972a,11667,,excluded_no_target_link
3897450020,supp_65df7410879e926e,,OFFICIAL-SOURCE,official_company_press_release_distributor,official_announcement,https://www.prnewswire.com/news-releases/tailwind-acquires-replierai-adding-ai-capability-to-help-marketers-break-writers-block--write-better-copy-301514233.html,retrieved,540c096cea4d068e4135cc74908a10e299516e3065bd6b96eeb7b186476c0671,156,curated_excerpt_preferred_for_incremental_rescreen,target_linked
3931884040,supp_f368e85a0b40f759,,OFFICIAL-SOURCE,official_company_announcement,official_announcement,https://www.mediaocean.com/mediaocean-acquires-drishyam-ai,retrieved,0654d92ca44a8888ba57d80b27eea986256e8e70d2fb1014cfcaab34e90eb253,172,curated_excerpt_preferred_for_incremental_rescreen,target_linked
3939905020,supp_e28fecde52a19db4,,OFFICIAL-SOURCE,official_company_announcement,official_announcement,https://www.glia.com/news/glia-acquires-finn-ai,retrieved,7447801e61022d8685f7130d259df5d6213eb1b8873e7234ab5c05dc2c80d917,10048,,target_linked
3947466040,supp_cedfc0619ce50a42,,OFFICIAL-SOURCE,official_company_announcement,official_announcement,https://newsroom.ibm.com/2022-07-06-IBM-Aims-to-Capture-Growing-Market-Opportunity-for-Data-Observability-with-Databand-ai-Acquisition,retrieved,0378cec4baa89aef339bd5a6ee808d8b82fbb63964206bebbde5707797713aec,9625,,target_linked
3963056020,supp_664287af541d6741,,OFFICIAL-SOURCE,official_company_press_release_distributor,official_announcement,https://www.globenewswire.com/news-release/2022/08/17/2500216/0/en/Eltropy-Acquires-Marsview-AI-Empowering-Financial-Institutions-to-Automate-the-Contact-Center.html,retrieved,e70a1fc5d158e33872545d1f080b5ae5f0bc69a1d2bac764ff66e96d0e006764,186,curated_excerpt_preferred_for_incremental_rescreen,target_linked
3984774040,supp_27bba806dccbb131,,OFFICIAL-SOURCE,primary_sec_filing,official_announcement,https://www.sec.gov/Archives/edgar/data/1745317/000119312522281315/d413040d425.htm,retrieved,2d56b970e50b90ce56697dd33d4200e335902e0332e2edb7b214b5f0121c96e5,53728,,target_linked
